data;horario;n_da_ocorrencia;tipo_de_ocorrencia;km;trecho;sentido;tipo_de_acidente;automovel;bicicleta;caminhao;moto;onibus;outros;tracao_animal;transporte_de_cargas_especiais;trator_maquinas;utilitarios;ilesos;levemente_feridos;moderadamente_feridos;gravemente_feridos;mortos
22/11/2015;21:28:00;345;sem vítima;425,2;BR-163/MS;Norte;Tombamento;0;0;1;0;0;0;0;0;0;0;1;0;0;0;0
22/11/2015;10:22:00;142;sem vítima;479;BR-163/MS;Norte;Tombamento de moto;0;0;0;1;0;0;0;0;0;0;1;0;0;0;0
23/11/2015;18:41:00;287;com vítima;194;BR-163/MS;Norte;Tombamento;0;0;1;0;0;0;0;0;0;0;0;1;1;0;0
23/11/2015;14:11:00;200;com vítima;647;BR-163/MS;Norte;Colisão com veículos (traseira);0;0;2;0;0;0;0;0;0;0;1;0;0;1;0
24/11/2015;11:25:00;200;com vítima;183;BR-163/MS;Sul;Colisão com veículos (traseira);2;0;0;0;0;0;0;0;0;0;1;1;0;0;0
24/11/2015;04:56:00;50;sem vítima;508;BR-163/MS;Norte;Atropelamento - Animal;1;0;0;0;0;0;0;0;0;0;1;0;0;0;0
24/11/2015;13:03:00;225;com vítima;839,2;BR-163/MS;Norte;Tombamento;0;0;1;0;0;0;0;0;0;0;0;1;0;0;0
25/11/2015;07:38:00;89;sem vítima;256,6;BR-163/MS;Norte;Capotamento;0;0;0;0;0;0;0;0;0;1;1;0;0;0;0
25/11/2015;03:12:00;33;sem vítima;699,9;BR-163/MS;Sul;Atropelamento - Animal;0;0;0;0;0;0;0;0;0;1;1;0;0;0;0
26/11/2015;20:02:00;476;com vítima;288;BR-163/MS;Norte;Colisão com veículos (traseira);0;1;0;0;0;1;0;0;0;0;1;0;0;0;1
26/11/2015;18:24:00;435;sem vítima;528;BR-163/MS;Norte;Colisão com veículos (traseira);0;0;1;0;0;0;0;0;0;1;2;0;0;0;0
27/11/2015;01:56:00;32;sem vítima;177;BR-163/MS;Norte;Saídas de pista;1;0;0;0;0;0;0;0;0;0;3;0;0;0;0
27/11/2015;05:04:00;84;sem vítima;513;BR-163/MS;Norte;Saídas de pista;0;0;1;0;0;0;0;0;0;0;1;0;0;0;0
27/11/2015;15:35:00;355;sem vítima;520,5;BR-163/MS;Norte;Colisão com veículos (traseira);0;0;0;0;0;0;0;0;0;2;17;0;0;0;0
27/11/2015;06:34:00;113;com vítima;837;BR-163/MS;Sul;Colisão lateral no sentido contrário;0;0;1;0;1;0;0;0;0;0;2;14;2;0;0
28/11/2015;19:36:00;367;sem vítima;134,87;BR-163/MS;Sul;Saídas de pista;1;0;0;0;0;0;0;0;0;0;4;0;0;0;0
28/11/2015;10:12:00;196;sem vítima;490;BR-163/MS;Sul;Tombamento;0;0;1;0;0;0;0;0;0;0;1;0;0;0;0
28/11/2015;22:15:00;396;com vítima;603,5;BR-163/MS;Sul;Tombamento;0;0;1;0;0;0;0;0;0;0;3;1;0;0;0
28/11/2015;23:45:00;412;com vítima;840;BR-163/MS;Norte;Colisão com veículos (traseira);0;0;0;1;0;1;0;0;0;0;1;0;0;0;1
29/11/2015;16:57:00;241;com vítima;260;BR-163/MS;Norte;Atropelamento - Pedestre;0;1;0;1;0;0;0;0;0;0;0;0;0;2;0
29/11/2015;22:20:00;317;sem vítima;342;BR-163/MS;Sul;Colisão com veículos (traseira);2;0;0;0;0;0;0;0;0;0;2;0;0;0;0
29/11/2015;06:51:00;48;sem vítima;559;BR-163/MS;Norte;Colisão lateral no mesmo sentido;0;0;0;0;0;0;0;0;0;1;2;0;0;0;0
30/11/2015;17:43:00;282;com vítima;283,85;BR-163/MS;Norte;Colisão com veículos (traseira);1;0;1;0;0;0;0;0;0;0;2;1;0;0;0
01/12/2015;16:40:00;360;sem vítima;103;BR-163/MS;Sul;Tombamento;0;0;1;0;0;0;0;0;0;0;1;0;0;0;0
01/12/2015;02:08:00;37;sem vítima;107;BR-163/MS;Norte;Colisão lateral no mesmo sentido;0;0;1;0;0;1;0;0;0;0;2;0;0;0;0
01/12/2015;17:27:00;368;com vítima;260;BR-163/MS;Norte;Atropelamento - Pedestre;1;0;0;1;0;0;0;0;0;0;1;1;0;1;0
01/12/2015;08:48:00;189;sem vítima;396;BR-163/MS;Norte;Colisão com veículos (traseira);0;0;2;0;0;0;0;0;0;0;3;0;0;0;0
01/12/2015;19:01:00;390;sem vítima;485;BR-163/MS;Norte;Colisão lateral no mesmo sentido;1;0;0;1;0;0;0;0;0;0;2;0;0;0;0
02/12/2015;05:36:00;44;com vítima;123;BR-163/MS;Sul;Colisão c/ obstáculos;0;0;0;1;0;0;0;0;0;0;0;1;0;0;0
02/12/2015;15:20:00;269;sem vítima;159,45;BR-163/MS;Norte;Colisão com veículos (traseira);1;0;1;0;0;0;0;0;0;0;5;0;0;0;0
02/12/2015;01:34:00;11;sem vítima;563;BR-163/MS;Norte;Atropelamento - Animal;1;0;0;0;0;0;0;0;0;0;2;0;0;0;0
02/12/2015;05:06:00;36;sem vítima;822,9;BR-163/MS;Norte;Saídas de pista;0;0;1;0;0;0;0;0;0;0;1;0;0;0;0
03/12/2015;01:16:00;10;sem vítima;20;BR-163/MS;Norte;Capotamento;1;0;0;0;0;0;0;0;0;0;1;0;0;0;0
03/12/2015;13:57:00;247;com vítima;645;BR-163/MS;Norte;Tombamento;0;0;1;0;0;0;0;0;0;0;0;1;0;0;0
03/12/2015;13:55:00;245;com vítima;658;BR-163/MS;Sul;Saídas de pista;0;0;0;0;0;0;0;0;0;1;0;1;0;0;0
04/12/2015;21:39:00;429;sem vítima;36;BR-163/MS;Sul;Saídas de pista;0;0;1;0;0;0;0;0;0;0;1;0;0;0;0
04/12/2015;17:55:00;350;com vítima;36,95;BR-163/MS;Norte;Colisão com veículos (traseira);1;0;1;0;0;0;0;0;0;0;1;1;0;0;0
04/12/2015;06:11:00;52;com vítima;77;BR-163/MS;Sul;Colisão com veículos (frontal);0;0;0;1;0;0;0;0;0;1;2;0;0;2;0
04/12/2015;17:26:00;333;com vítima;80;BR-163/MS;Norte;Colisão com veículos (frontal);2;0;1;0;0;0;0;0;0;0;4;0;0;0;1
04/12/2015;14:42:00;291;sem vítima;101;BR-163/MS;Sul;Saídas de pista;1;0;0;0;0;0;0;0;0;0;3;0;0;0;0
04/12/2015;00:26:00;3;sem vítima;363,5;BR-163/MS;Sul;Atropelamento - Animal;1;0;0;0;0;0;0;0;0;0;1;0;0;0;0
04/12/2015;14:50:00;294;sem vítima;383;BR-163/MS;Sul;Colisão com veículos (traseira);0;0;2;0;0;0;0;0;0;0;2;0;0;0;0
04/12/2015;12:33:00;239;com vítima;471;BR-163/MS;Sul;Colisão com veículos (frontal);1;0;1;0;0;0;0;0;0;0;1;0;0;1;0
04/12/2015;02:59:00;27;sem vítima;620;BR-163/MS;Norte;Saídas de pista;0;0;1;0;0;0;0;0;0;0;1;0;0;0;0
05/12/2015;02:15:00;28;com vítima;11;BR-163/MS;Sul;Saídas de pista;1;0;0;0;0;1;0;0;0;0;5;0;1;0;0
05/12/2015;00:24:00;7;com vítima;16;BR-163/MS;Norte;Capotamento;1;0;0;0;0;0;0;0;0;0;0;1;0;0;0
05/12/2015;09:39:00;172;sem vítima;69,5;BR-163/MS;Norte;Capotamento;1;0;0;0;0;0;0;0;0;0;1;0;0;0;0
05/12/2015;22:11:00;387;sem vítima;125;BR-163/MS;Sul;Atropelamento - Animal;0;0;1;0;0;0;0;0;0;0;1;0;0;0;0
05/12/2015;08:17:00;135;sem vítima;185;BR-163/MS;Sul;Tombamento;0;0;1;0;0;0;0;0;0;0;1;0;0;0;0
05/12/2015;23:45:00;399;sem vítima;299,774;BR-163/MS;Sul;Saídas de pista;1;0;0;0;0;0;0;0;0;0;1;0;0;0;0
05/12/2015;23:07:00;392;sem vítima;481;BR-163/MS;Sul;Saídas de pista;1;0;0;0;0;0;0;0;0;0;1;0;0;0;0
05/12/2015;23:57:00;400;sem vítima;823;BR-163/MS;Norte;Saídas de pista;1;0;0;0;0;0;0;0;0;0;3;0;0;0;0
06/12/2015;23:38:00;373;sem vítima;37,4;BR-163/MS;Norte;Saídas de pista;1;0;0;0;0;0;0;0;0;0;1;0;0;0;0
06/12/2015;15:02:00;242;com vítima;104;BR-163/MS;Norte;Saídas de pista;1;0;0;0;0;0;0;0;0;0;0;0;1;0;0
06/12/2015;15:32:00;252;sem vítima;248;BR-163/MS;Sul;Saídas de pista;1;0;0;0;0;0;0;0;0;0;2;0;0;0;0
06/12/2015;12:41:00;200;com vítima;263;BR-163/MS;Norte;Capotamento;1;0;0;0;0;0;0;0;0;0;0;2;0;0;0
06/12/2015;04:49:00;28;com vítima;299;BR-163/MS;Norte;Saídas de pista;1;0;0;0;0;0;0;0;0;0;0;1;0;0;0
06/12/2015;20:26:00;343;com vítima;329;BR-163/MS;Sul;Colisão com veículos (frontal);1;0;1;0;0;0;0;0;0;0;1;0;0;0;1
06/12/2015;06:46:00;47;sem vítima;524,4;BR-163/MS;Norte;Capotamento;1;0;1;0;0;0;0;0;0;0;3;0;0;0;0
07/12/2015;20:48:00;424;com vítima;93,118;BR-163/MS;Sul;Tombamento;0;0;1;0;0;0;0;0;0;0;0;0;1;0;0
07/12/2015;19:52:00;412;sem vítima;172,227;BR-163/MS;Norte;Saídas de pista;1;0;0;0;0;0;0;0;0;0;1;0;0;0;0
07/12/2015;14:58:00;304;sem vítima;258;BR-163/MS;Sul;Colisão com veículos (traseira);0;0;1;0;0;0;0;0;0;1;2;0;0;0;0
07/12/2015;09:40:00;167;sem vítima;503;BR-163/MS;Norte;Colisão lateral no mesmo sentido;0;0;2;0;0;0;0;0;0;0;2;0;0;0;0
07/12/2015;17:39:00;365;com vítima;680;BR-163/MS;Sul;Colisão com veículos (traseira);0;0;1;1;0;0;0;0;0;0;1;0;1;0;0
08/12/2015;22:05:00;497;com vítima;270;BR-163/MS;Sul;Tombamento de moto;0;0;0;1;0;0;0;0;0;0;0;1;0;0;0
08/12/2015;05:15:00;43;sem vítima;405,913;BR-163/MS;Sul;Capotamento;1;0;0;0;0;1;0;0;0;0;2;0;0;0;0
08/12/2015;11:39:00;286;sem vítima;515,5;BR-163/MS;Norte;Colisão com veículos (traseira);2;0;0;0;0;0;0;0;0;0;3;0;0;0;0
08/12/2015;16:40:00;409;sem vítima;523;BR-163/MS;Norte;Colisão com veículos (traseira);2;0;0;0;0;0;0;0;0;0;2;0;0;0;0
08/12/2015;17:37:00;427;com vítima;536;BR-163/MS;Norte;Tombamento de moto;0;0;0;1;0;0;0;0;0;0;0;1;0;0;0
08/12/2015;22:10:00;496;com vítima;823;BR-163/MS;Norte;Colisão com veículos (traseira);0;0;2;0;0;0;0;0;0;0;2;1;0;0;0
09/12/2015;16:30:00;269;com vítima;54;BR-163/MS;Sul;Outros;0;0;0;0;1;0;0;0;0;0;0;1;0;0;0
09/12/2015;10:08:00;172;com vítima;95;BR-163/MS;Norte;Colisão lateral no mesmo sentido;0;0;0;1;0;0;0;0;0;0;0;1;0;0;0
09/12/2015;09:22:00;155;sem vítima;104,104;BR-163/MS;Norte;Tombamento;0;0;1;0;0;0;0;0;0;0;1;0;0;0;0
09/12/2015;16:00:00;260;sem vítima;326;BR-163/MS;Norte;Engavetamento;1;0;0;0;0;0;0;0;0;0;1;0;0;0;0
09/12/2015;08:37:00;132;com vítima;365;BR-163/MS;Norte;Tombamento;1;0;1;0;0;0;0;0;0;0;4;2;0;0;0
09/12/2015;00:20:00;5;sem vítima;426;BR-163/MS;Sul;Saídas de pista;0;0;1;0;0;0;0;0;0;0;1;0;0;0;0
10/12/2015;06:24:00;61;sem vítima;18;BR-163/MS;Norte;Colisão lateral no mesmo sentido;2;0;0;0;0;0;0;0;0;0;2;0;0;0;0
10/12/2015;17:11:00;318;com vítima;142;BR-163/MS;Sul;Colisão com veículos (frontal);0;0;1;0;0;0;0;0;0;1;5;1;0;0;0
10/12/2015;06:38:00;65;com vítima;333;BR-163/MS;Norte;Capotamento;1;0;0;0;0;0;0;0;0;0;2;1;0;0;0
10/12/2015;17:49:00;331;sem vítima;729;BR-163/MS;Norte;Colisão c/ obstáculos;1;0;0;0;0;0;0;0;0;1;2;0;0;0;0
11/12/2015;13:28:00;277;sem vítima;188,273;BR-163/MS;Norte;Colisão com veículos (traseira);1;0;1;0;0;0;0;0;0;0;4;0;0;0;0
11/12/2015;10:55:00;230;com vítima;566;BR-163/MS;Sul;Colisão lateral no mesmo sentido;0;0;1;0;0;0;0;0;0;1;2;1;0;0;0
12/12/2015;12:02:00;179;sem vítima;205;BR-163/MS;Sul;Saídas de pista;1;0;0;0;0;0;0;0;0;0;1;0;0;0;0
12/12/2015;01:58:00;24;sem vítima;306,7;BR-163/MS;Norte;Capotamento;1;0;0;0;0;0;0;0;0;0;1;0;0;0;0
12/12/2015;12:42:00;192;sem vítima;351;BR-163/MS;Norte;Saídas de pista;1;0;0;0;0;0;0;0;0;0;1;0;0;0;0
12/12/2015;13:04:00;198;com vítima;419;BR-163/MS;Norte;Tombamento de moto;0;0;0;1;0;0;0;0;0;0;1;1;0;0;0
12/12/2015;03:28:00;33;sem vítima;482,4;BR-163/MS;Norte;Saídas de pista;1;0;0;0;0;0;0;0;0;0;1;0;0;0;0
12/12/2015;23:30:00;335;com vítima;514,515;BR-163/MS;Sul;Tombamento de moto;0;0;0;1;0;0;0;0;0;0;0;1;0;0;0
12/12/2015;23:37:00;337;sem vítima;528;BR-163/MS;Sul;Tombamento;0;0;1;0;0;0;0;0;0;0;1;0;0;0;0
13/12/2015;20:17:00;357;sem vítima;485;BR-163/MS;Sul;Colisão com veículos (frontal);0;0;0;1;0;0;0;0;0;1;4;0;0;0;0
13/12/2015;09:32:00;145;sem vítima;656;BR-163/MS;Sul;Saídas de pista;0;0;0;0;0;0;0;0;0;1;1;0;0;0;0
14/12/2015;17:04:00;359;com vítima;36,8;BR-163/MS;Norte;Tombamento de moto;0;0;1;1;0;0;0;0;0;0;1;2;0;0;0
14/12/2015;16:37:00;350;com vítima;555,5;BR-163/MS;Sul;Tombamento;0;0;1;0;0;0;0;0;0;0;0;1;0;0;0
15/12/2015;15:04:00;205;com vítima;169,834;BR-163/MS;Sul;Colisão lateral no mesmo sentido;0;0;1;0;0;1;0;0;0;1;3;1;0;0;0
15/12/2015;21:23:00;292;sem vítima;301,327;BR-163/MS;Sul;Atropelamento - Animal;1;0;0;0;0;0;0;0;0;0;1;0;0;0;0
15/12/2015;21:18:00;290;com vítima;345;BR-163/MS;Sul;Atropelamento - Animal;0;0;0;1;0;0;0;0;0;0;0;0;1;0;0
15/12/2015;22:39:00;315;com vítima;603;BR-163/MS;Norte;Colisão c/ obstáculos;1;0;0;0;0;0;0;0;0;0;1;1;0;0;0
16/12/2015;05:26:00;44;com vítima;81,146;BR-163/MS;Sul;Atropelamento - Pedestre;0;1;0;0;0;0;0;0;0;1;1;1;0;0;0
16/12/2015;11:11:00;215;sem vítima;288;BR-163/MS;Norte;Colisão lateral no mesmo sentido;1;0;0;0;0;0;0;0;0;1;2;0;0;0;0
16/12/2015;06:57:00;82;com vítima;412,9;BR-163/MS;Sul;Colisão c/ obstáculos;1;0;1;0;0;0;0;0;0;0;2;1;0;0;0
16/12/2015;22:37:00;438;sem vítima;620,618;BR-163/MS;Norte;Atropelamento - Animal;0;0;1;0;0;0;0;0;0;0;1;0;0;0;0
17/12/2015;21:46:00;488;com vítima;9,5;BR-163/MS;Norte;Tombamento;0;0;1;0;0;0;0;0;0;0;0;0;1;0;0
17/12/2015;06:56:00;115;com vítima;76;BR-163/MS;Sul;Colisão com veículos (traseira);1;0;0;1;0;0;0;0;0;0;1;1;0;0;0
17/12/2015;21:31:00;486;sem vítima;119;BR-163/MS;Norte;Saídas de pista;1;0;0;0;0;0;0;0;0;0;2;0;0;0;0
17/12/2015;09:27:00;190;com vítima;280;BR-163/MS;Norte;Colisão lateral no sentido contrário;0;1;0;0;0;0;0;0;0;1;1;1;0;0;0
17/12/2015;15:41:00;371;sem vítima;474;BR-163/MS;Norte;Colisão c/ obstáculos;0;0;1;0;0;0;0;0;0;0;1;0;0;0;0
18/12/2015;07:15:00;111;com vítima;270;BR-163/MS;Sul;Colisão lateral no mesmo sentido;0;1;0;1;0;0;0;0;0;0;1;1;0;0;0
18/12/2015;16:25:00;359;sem vítima;280;BR-163/MS;Norte;Colisão com veículos (traseira);1;0;1;0;0;0;0;0;0;0;5;0;0;0;0
19/12/2015;14:35:00;291;sem vítima;1,2;BR-163/MS;Norte;Colisão com veículos (traseira);1;0;0;0;0;0;0;0;0;1;2;0;0;0;0
19/12/2015;14:27:00;216;sem vítima;2;BR-163/MS;Norte;Colisão com veículos (traseira);2;0;0;0;0;0;0;0;0;0;6;0;0;0;0
19/12/2015;17:49:00;286;sem vítima;6;BR-163/MS;Sul;Colisão com veículos (traseira);1;0;0;0;0;1;0;0;0;0;2;0;0;0;0
19/12/2015;04:16:00;31;com vítima;48,219;BR-163/MS;Norte;Colisão c/ obstáculos;1;0;0;0;0;0;0;0;0;0;0;1;0;1;0
19/12/2015;04:40:00;35;sem vítima;310;BR-163/MS;Norte;Atropelamento - Animal;1;0;0;0;0;0;0;0;0;0;1;0;0;0;0
19/12/2015;21:42:00;352;sem vítima;481,5;BR-163/MS;Norte;Tombamento de moto;0;0;0;1;0;0;0;0;0;0;1;0;0;0;0
19/12/2015;12:40:00;190;com vítima;666;BR-163/MS;Sul;Tombamento;0;0;1;0;0;0;0;0;0;0;0;1;0;0;0
20/12/2015;19:59:00;374;com vítima;280;BR-163/MS;Sul;Atropelamento - Pedestre;0;0;0;0;0;1;0;0;0;0;1;1;0;0;0
20/12/2015;04:40:00;33;sem vítima;445,583;BR-163/MS;Norte;Saídas de pista;1;0;0;0;0;0;0;0;0;0;3;0;0;0;0
20/12/2015;04:42:00;34;com vítima;654;BR-163/MS;Norte;Tombamento de moto;0;0;0;1;0;0;0;0;0;0;0;1;0;0;0
20/12/2015;00:57:00;11;sem vítima;665;BR-163/MS;Norte;Saídas de pista;1;0;0;0;0;0;0;0;0;0;4;0;0;0;0
20/12/2015;18:01:00;326;com vítima;681;BR-163/MS;Norte;Engavetamento;2;0;0;0;0;0;0;0;0;1;5;3;0;0;0
20/12/2015;13:14:00;227;sem vítima;713;BR-163/MS;Norte;Tombamento;0;0;1;0;0;0;0;0;0;0;1;0;0;0;0
20/12/2015;03:47:00;26;sem vítima;728;BR-163/MS;Norte;Colisão com veículos (traseira);2;0;0;0;0;0;0;0;0;0;2;0;0;0;0
21/12/2015;17:50:00;359;com vítima;234;BR-163/MS;Norte;Tombamento de moto;0;0;0;1;0;0;0;0;0;0;0;2;0;0;0
21/12/2015;17:07:00;346;com vítima;443;BR-163/MS;Norte;Colisão lateral no mesmo sentido;1;0;1;0;0;0;0;0;0;0;1;1;0;0;0
21/12/2015;20:59:00;401;com vítima;732;BR-163/MS;Norte;Colisão lateral no mesmo sentido;1;0;0;1;0;0;0;0;0;0;5;0;1;1;0
22/12/2015;21:26:00;451;sem vítima;270,988;BR-163/MS;Sul;Atropelamento - Animal;1;0;0;0;0;0;0;0;0;0;1;0;0;0;0
22/12/2015;20:14:00;435;sem vítima;485;BR-163/MS;Norte;Colisão com veículos (traseira);2;0;0;0;0;0;0;0;0;0;2;0;0;0;0
22/12/2015;20:36:00;442;sem vítima;501;BR-163/MS;Sul;Atropelamento - Animal;1;0;0;0;0;0;0;0;0;0;1;0;0;0;0
23/12/2015;15:16:00;281;com vítima;12;BR-163/MS;Sul;Colisão com veículos (traseira);0;0;1;1;1;0;0;0;0;1;2;9;0;1;0
23/12/2015;10:14:00;180;com vítima;586;BR-163/MS;Sul;Colisão lateral no mesmo sentido;2;0;0;0;0;0;0;0;0;0;2;2;0;0;0
23/12/2015;22:42:00;409;com vítima;702;BR-163/MS;Norte;Capotamento;1;0;0;0;0;0;0;0;0;0;0;1;0;0;0
24/12/2015;17:49:00;321;com vítima;134;BR-163/MS;Norte;Saídas de pista;1;0;0;0;0;0;0;0;0;0;3;1;0;0;0
24/12/2015;14:25:00;245;com vítima;137,1;BR-163/MS;Sul;Capotamento;1;0;0;0;0;0;0;0;0;0;0;1;0;0;0
24/12/2015;10:03:00;151;sem vítima;145;BR-163/MS;Sul;Saídas de pista;0;0;0;0;0;0;0;0;0;1;1;0;0;0;0
24/12/2015;13:55:00;236;sem vítima;246;BR-163/MS;Sul;Tombamento de moto;0;0;0;1;0;0;0;0;0;0;1;0;0;0;0
24/12/2015;17:36:00;316;sem vítima;283;BR-163/MS;Sul;Colisão com veículos (traseira);2;0;0;0;0;0;0;0;0;0;4;0;0;0;0
24/12/2015;00:41:00;4;sem vítima;304,378;BR-163/MS;Sul;Atropelamento - Animal;1;0;0;0;0;0;0;0;0;0;1;0;0;0;0
24/12/2015;10:00:00;150;com vítima;366;BR-163/MS;Sul;Colisão com veículos (traseira);0;0;1;1;0;0;0;0;0;0;2;0;1;0;0
24/12/2015;22:12:00;396;com vítima;486;BR-163/MS;Norte;Engavetamento;3;0;0;0;0;0;0;0;0;0;3;1;1;0;0
24/12/2015;09:38:00;147;sem vítima;533;BR-163/MS;Norte;Colisão com veículos (traseira);2;0;0;0;0;0;0;0;0;0;8;0;0;0;0
24/12/2015;16:13:00;282;sem vítima;539;BR-163/MS;Sul;Saídas de pista;1;0;0;0;0;0;0;0;0;0;5;0;0;0;0
24/12/2015;03:13:00;26;com vítima;567;BR-163/MS;Norte;Colisão com veículos (traseira);0;0;0;1;0;0;0;0;0;0;1;1;0;0;0
24/12/2015;13:48:00;234;com vítima;688;BR-163/MS;Norte;Colisão com veículos (traseira);1;0;0;1;0;0;0;0;0;0;4;0;0;2;0
24/12/2015;06:16:00;65;com vítima;805,8;BR-163/MS;Norte;Colisão com veículos (frontal);1;0;1;0;0;0;0;0;0;0;1;0;0;0;4
25/12/2015;19:08:00;280;com vítima;208,5;BR-163/MS;Sul;Colisão lateral no mesmo sentido;1;0;0;1;0;0;0;0;0;0;1;1;0;0;0
25/12/2015;03:13:00;35;sem vítima;388;BR-163/MS;Sul;Saídas de pista;1;0;0;0;0;0;0;0;0;0;3;0;0;0;0
25/12/2015;20:13:00;305;com vítima;516;BR-163/MS;Sul;Tombamento de moto;0;0;0;1;0;0;0;0;0;0;1;1;0;0;0
25/12/2015;19:38:00;292;sem vítima;535;BR-163/MS;Norte;Colisão c/ obstáculos;1;0;0;0;0;0;0;0;0;0;3;0;0;0;0
25/12/2015;15:27:00;219;sem vítima;548;BR-163/MS;Norte;Colisão lateral no mesmo sentido;1;0;1;0;0;0;0;0;0;0;2;0;0;0;0
26/12/2015;00:55:00;6;com vítima;265,4;BR-163/MS;Sul;Tombamento de moto;0;0;0;1;0;0;0;0;0;0;0;1;1;0;0
26/12/2015;15:43:00;226;com vítima;400;BR-163/MS;Sul;Capotamento;1;0;0;0;0;0;0;0;0;0;0;4;0;0;0
26/12/2015;20:53:00;305;sem vítima;481;BR-163/MS;Norte;Colisão lateral no mesmo sentido;1;0;0;0;0;0;0;0;0;0;4;0;0;0;0
27/12/2015;19:41:00;299;sem vítima;10,85;BR-163/MS;Sul;Capotamento;0;0;0;0;0;0;0;0;0;1;1;0;0;0;0
27/12/2015;18:38:00;281;sem vítima;11;BR-163/MS;Sul;Colisão c/ obstáculos;1;0;0;0;0;0;0;0;0;0;1;0;0;0;0
27/12/2015;17:45:00;267;sem vítima;249;BR-163/MS;Norte;Colisão lateral no mesmo sentido;1;0;1;0;0;0;0;0;0;0;2;0;0;0;0
27/12/2015;22:07:00;324;com vítima;256,963;BR-163/MS;Norte;Tombamento de moto;0;0;0;1;0;0;0;0;0;0;1;0;1;0;0
27/12/2015;06:13:00;40;com vítima;262;BR-163/MS;Sul;Capotamento;1;0;0;0;0;0;0;0;0;0;0;1;0;0;0
27/12/2015;08:26:00;79;sem vítima;445;BR-163/MS;Norte;Tombamento;0;0;1;0;0;0;0;0;0;0;1;0;0;0;0
27/12/2015;18:00:00;272;sem vítima;484;BR-163/MS;Sul;Colisão lateral no mesmo sentido;2;0;0;0;0;0;0;0;0;0;5;0;0;0;0
27/12/2015;18:02:00;274;com vítima;512;BR-163/MS;Sul;Saídas de pista;1;0;0;0;0;0;0;0;0;0;1;1;0;0;0
28/12/2015;06:47:00;46;com vítima;482,5;BR-163/MS;Sul;Tombamento de moto;0;0;0;1;0;0;0;0;0;0;0;2;0;0;0
29/12/2015;21:36:00;364;com vítima;480;BR-163/MS;Norte;Atropelamento - Animal;0;0;0;1;0;0;0;0;0;0;0;0;1;0;0
29/12/2015;20:26:00;348;com vítima;600;BR-163/MS;Sul;Saídas de pista;0;0;0;0;0;0;0;0;0;1;0;1;0;0;0
30/12/2015;11:53:00;195;com vítima;176,5;BR-163/MS;Sul;Capotamento;1;0;0;0;0;0;0;0;0;0;3;1;0;0;0
30/12/2015;07:38:00;90;sem vítima;735;BR-163/MS;Norte;Tombamento de moto;0;0;0;1;0;0;0;0;0;0;2;0;0;0;0
31/12/2015;22:21:00;327;sem vítima;259,447;BR-163/MS;Sul;Colisão lateral no mesmo sentido;1;0;0;0;0;0;0;0;0;1;2;0;0;0;0
31/12/2015;06:54:00;58;com vítima;352;BR-163/MS;Norte;Capotamento;1;0;0;0;0;0;0;0;0;0;1;1;0;0;0
01/01/2016;03:43:00;17;sem vítima;78;BR-163/MS;Sul;Colisão lateral no mesmo sentido;1;0;0;0;0;1;0;0;0;0;2;0;0;0;0
01/01/2016;01:51:00;12;com vítima;257,5;BR-163/MS;Norte;Colisão com veículos (traseira);1;0;0;1;0;0;0;0;0;0;1;1;0;0;0
01/01/2016;08:38:00;73;sem vítima;362,1;BR-163/MS;Norte;Saídas de pista;1;0;0;0;0;0;0;0;0;0;2;0;0;0;0
01/01/2016;11:03:00;120;sem vítima;507;BR-163/MS;Norte;Colisão c/ obstáculos;1;0;0;0;0;0;0;0;0;0;3;0;0;0;0
02/01/2016;18:20:00;306;com vítima;260;BR-163/MS;Norte;Atropelamento - Pedestre;1;0;0;0;0;0;0;0;0;0;1;1;0;0;0
02/01/2016;09:02:00;126;sem vítima;388;BR-163/MS;Norte;Saídas de pista;1;0;0;0;0;0;0;0;0;0;4;0;0;0;0
02/01/2016;22:21:00;364;com vítima;588;BR-163/MS;Norte;Colisão c/ obstáculos;1;0;0;0;0;0;0;0;0;0;0;1;0;0;0
02/01/2016;16:29:00;276;com vítima;618;BR-163/MS;Sul;Capotamento;1;0;0;0;0;0;0;0;0;0;4;0;1;0;0
02/01/2016;20:18:00;344;sem vítima;650;BR-163/MS;Sul;Atropelamento - Animal;1;0;0;0;0;0;0;0;0;0;5;0;0;0;0
02/01/2016;04:29:00;43;com vítima;700;BR-163/MS;Sul;Atropelamento - Animal;0;0;0;0;0;0;0;0;0;1;0;1;0;0;0
02/01/2016;07:29:00;81;sem vítima;767;BR-163/MS;Sul;Colisão com veículos (traseira);1;0;0;0;0;0;0;0;0;1;2;0;0;0;0
03/01/2016;12:55:00;207;com vítima;271;BR-163/MS;Sul;Colisão lateral no mesmo sentido;0;0;1;1;0;0;0;0;0;0;1;0;1;0;0
03/01/2016;11:28:00;186;sem vítima;395;BR-163/MS;Norte;Colisão c/ obstáculos;2;0;0;0;0;0;0;0;0;0;7;0;0;0;0
03/01/2016;00:11:00;1;sem vítima;568;BR-163/MS;Norte;Atropelamento - Animal;1;0;0;0;0;0;0;0;0;0;2;0;0;0;0
03/01/2016;08:38:00;124;sem vítima;778;BR-163/MS;Sul;Colisão com veículos (traseira);1;0;0;0;0;0;0;0;0;1;2;0;0;0;0
03/01/2016;00:46:00;13;com vítima;819;BR-163/MS;Norte;Colisão com veículos (traseira);2;0;0;0;0;0;0;0;0;0;5;2;0;0;0
04/01/2016;11:01:00;180;sem vítima;37,5;BR-163/MS;Norte;Colisão com veículos (traseira);2;0;0;0;0;0;0;0;0;0;2;0;0;0;0
04/01/2016;18:28:00;310;sem vítima;267;BR-163/MS;Norte;Colisão com veículos (traseira);2;0;0;0;0;0;0;0;0;0;2;0;0;0;0