data;horario;n_da_ocorrencia;tipo_de_ocorrencia;km;trecho;sentido;tipo_de_acidente;automovel;bicicleta;caminhao;moto;onibus;outros;tracao_animal;transporte_de_cargas_especiais;trator_maquinas;utilitarios;ilesos;levemente_feridos;moderadamente_feridos;gravemente_feridos;mortos
04/01/2016;00:37:00;3;sem vítima;303;BR-163/MS;Sul;Atropelamento - Animal;1;0;0;0;0;0;0;0;0;0;1;0;0;0;0
04/01/2016;11:28:00;189;com vítima;481;BR-163/MS;Norte;Colisão lateral no mesmo sentido;1;0;0;1;0;0;0;0;0;0;3;1;0;0;0
04/01/2016;05:42:00;50;com vítima;494,7;BR-163/MS;Norte;Tombamento de moto;0;0;0;1;0;0;0;0;0;0;0;0;0;1;0
04/01/2016;08:16:00;98;com vítima;771;BR-163/MS;Norte;Colisão lateral no mesmo sentido;2;0;0;0;0;0;0;0;0;0;3;2;0;0;0
05/01/2016;18:46:00;355;com vítima;6;BR-163/MS;Sul;Colisão com veículos (traseira);1;0;0;0;0;1;0;0;0;0;1;1;0;0;0
05/01/2016;03:21:00;22;com vítima;773;BR-163/MS;Norte;Capotamento;1;0;0;0;0;0;0;0;0;0;2;1;1;0;0
06/01/2016;21:14:00;365;sem vítima;266;BR-163/MS;Norte;Colisão lateral no mesmo sentido;1;0;0;0;0;0;0;0;0;1;2;0;0;0;0
06/01/2016;06:32:00;75;sem vítima;522;BR-163/MS;Norte;Tombamento;0;0;3;0;0;0;0;0;0;0;3;0;0;0;0
06/01/2016;00:03:00;3;com vítima;603;BR-163/MS;Norte;Tombamento de moto;0;0;0;1;0;0;0;0;0;0;0;1;0;0;0
07/01/2016;15:45:00;284;com vítima;254;BR-163/MS;Norte;Tombamento;0;0;1;0;0;0;0;0;0;0;0;1;0;0;0
07/01/2016;05:54:00;53;com vítima;389;BR-163/MS;Norte;Colisão lateral no mesmo sentido;0;0;2;0;0;0;0;0;0;0;1;1;0;0;0
07/01/2016;22:16:00;386;com vítima;477,5;BR-163/MS;Norte;Atropelamento - Animal;0;0;0;1;0;0;0;0;0;0;0;2;0;0;0
07/01/2016;18:54:00;340;com vítima;482;BR-163/MS;Norte;Colisão com veículos (traseira);1;0;1;0;0;0;0;0;0;0;3;1;0;0;0
07/01/2016;07:38:00;85;com vítima;656;BR-163/MS;Norte;Capotamento;1;0;0;0;0;0;0;0;0;0;0;2;0;1;0
08/01/2016;17:51:00;303;com vítima;31,239;BR-163/MS;Sul;Colisão com veículos (frontal);1;0;0;1;0;0;0;0;0;0;0;1;0;0;1
08/01/2016;05:08:00;29;com vítima;477;BR-163/MS;Sul;Capotamento;1;0;0;0;0;0;0;0;0;0;3;1;1;0;0
08/01/2016;13:45:00;220;com vítima;536;BR-163/MS;Sul;Colisão lateral no sentido contrário;2;0;0;0;0;0;0;0;0;0;4;1;0;0;0
08/01/2016;11:30:00;174;sem vítima;540,5;BR-163/MS;Sul;Colisão com veículos (traseira);1;0;0;0;0;0;0;0;0;1;2;0;0;0;0
08/01/2016;19:19:00;334;com vítima;648;BR-163/MS;Norte;Capotamento;1;0;0;0;0;0;0;0;0;0;2;3;0;0;0
08/01/2016;09:18:00;119;sem vítima;703;BR-163/MS;Norte;Colisão com veículos (traseira);0;0;2;0;0;0;0;0;0;0;3;0;0;0;0
08/01/2016;18:45:00;320;sem vítima;730;BR-163/MS;Norte;Colisão lateral no mesmo sentido;2;0;0;0;0;0;0;0;0;0;2;0;0;0;0
08/01/2016;16:21:00;270;com vítima;787,5;BR-163/MS;Sul;Colisão com veículos (frontal);1;0;0;0;0;0;0;0;0;1;3;1;0;0;0
09/01/2016;10:28:00;173;sem vítima;372;BR-163/MS;Norte;Saídas de pista;1;0;0;0;0;0;0;0;0;0;2;0;0;0;0
09/01/2016;15:51:00;274;sem vítima;378;BR-163/MS;Sul;Colisão c/ obstáculos;1;0;0;0;0;0;0;0;0;0;1;0;0;0;0
09/01/2016;06:16:00;41;com vítima;460;BR-163/MS;Sul;Colisão c/ obstáculos;1;0;1;0;0;0;0;0;0;0;2;1;0;0;0
09/01/2016;14:45:00;249;sem vítima;485;BR-163/MS;Sul;Colisão com veículos (traseira);1;0;1;0;0;0;0;0;0;0;6;0;0;0;0
09/01/2016;12:13:00;207;com vítima;682,3;BR-163/MS;Norte;Colisão com veículos (traseira);2;0;0;0;0;0;0;0;0;0;4;1;0;0;0
10/01/2016;05:27:00;55;sem vítima;103,8;BR-163/MS;Sul;Saídas de pista;1;0;0;0;0;0;0;0;0;0;5;0;0;0;0
10/01/2016;05:29:00;57;com vítima;256;BR-163/MS;Norte;Colisão com veículos (traseira);0;0;0;1;1;0;0;0;0;0;1;0;1;0;1
10/01/2016;20:04:00;414;sem vítima;370,5;BR-163/MS;Norte;Atropelamento - Animal;1;0;0;0;0;0;0;0;0;0;1;0;0;0;0
10/01/2016;13:01:00;228;com vítima;654;BR-163/MS;Norte;Saídas de pista;0;0;0;0;0;0;0;0;0;1;0;1;0;0;0
11/01/2016;18:19:00;309;com vítima;117,653;BR-163/MS;Norte;Colisão lateral no sentido contrário;0;0;1;0;0;0;0;0;0;1;1;1;0;0;0
11/01/2016;12:51:00;223;sem vítima;257;BR-163/MS;Sul;Saídas de pista;1;0;0;1;0;0;0;0;0;0;2;0;0;0;0
11/01/2016;05:02:00;46;sem vítima;345;BR-163/MS;Sul;Atropelamento - Animal;0;0;0;0;0;0;0;0;0;1;1;0;0;0;0
11/01/2016;01:26:00;22;sem vítima;380;BR-163/MS;Sul;Colisão c/ obstáculos;0;0;0;0;0;0;0;0;0;1;2;0;0;0;0
11/01/2016;18:13:00;306;com vítima;407,405;BR-163/MS;Norte;Colisão c/ obstáculos;0;0;1;0;0;0;0;0;0;0;0;1;0;0;0
11/01/2016;14:33:00;250;com vítima;494,4;BR-163/MS;Sul;Capotamento;0;0;0;0;0;0;0;0;0;1;0;2;3;0;0
12/01/2016;13:31:00;278;sem vítima;253;BR-163/MS;Sul;Saídas de pista;1;0;0;0;0;0;0;0;0;0;1;0;0;0;0
12/01/2016;18:14:00;372;com vítima;496,9;BR-163/MS;Norte;Colisão com veículos (traseira);1;0;0;0;0;0;0;0;0;1;3;1;0;0;0
12/01/2016;14:02:00;290;com vítima;680;BR-163/MS;Sul;Colisão lateral no sentido contrário;2;0;0;0;0;0;0;0;0;0;2;1;0;0;0
13/01/2016;17:37:00;405;com vítima;35;BR-163/MS;Norte;Colisão com veículos (traseira);1;0;0;0;0;0;0;0;0;1;1;1;0;0;0
13/01/2016;09:52:00;174;com vítima;413;BR-163/MS;Sul;Colisão com veículos (traseira);2;0;0;0;0;0;0;0;0;0;5;1;0;0;0
13/01/2016;13:26:00;294;com vítima;456;BR-163/MS;Norte;Colisão lateral no mesmo sentido;1;0;1;0;0;0;0;0;0;0;2;2;1;0;0
13/01/2016;05:02:00;30;sem vítima;499;BR-163/MS;Sul;Tombamento;0;0;2;0;0;0;0;0;0;0;2;0;0;0;0
13/01/2016;23:57:00;498;com vítima;629;BR-163/MS;Sul;Colisão c/ obstáculos;1;0;0;0;0;0;0;0;0;0;1;1;2;0;0
13/01/2016;10:11:00;192;com vítima;680,8;BR-163/MS;Norte;Colisão lateral no sentido contrário;1;1;0;0;0;0;0;0;0;0;1;1;0;0;0
14/01/2016;15:08:00;311;sem vítima;210;BR-163/MS;Norte;Saídas de pista;0;0;1;0;0;0;0;0;0;0;1;0;0;0;0
14/01/2016;20:55:00;433;com vítima;266;BR-163/MS;Norte;Saídas de pista;1;0;0;0;0;0;0;0;0;0;0;1;0;0;0
14/01/2016;04:58:00;34;com vítima;472;BR-163/MS;Sul;Colisão lateral no sentido contrário;1;1;0;0;0;0;0;0;0;0;1;0;1;0;0
14/01/2016;16:07:00;337;sem vítima;571;BR-163/MS;Sul;Colisão lateral no mesmo sentido;1;0;0;0;0;0;0;0;0;1;6;0;0;0;0
15/01/2016;10:19:00;175;com vítima;24;BR-163/MS;Norte;Saídas de pista;1;0;0;0;0;0;0;0;0;0;1;1;0;0;0
15/01/2016;09:29:00;141;com vítima;225;BR-163/MS;Sul;Colisão lateral no mesmo sentido;0;0;1;0;0;0;0;0;0;1;3;1;0;0;0
15/01/2016;22:58:00;413;sem vítima;290,6;BR-163/MS;Sul;Colisão c/ obstáculos;1;0;0;0;0;0;0;0;0;0;1;0;0;0;0
15/01/2016;11:05:00;197;sem vítima;486;BR-163/MS;Sul;Colisão lateral no sentido contrário;2;0;0;0;0;0;0;0;0;0;3;0;0;0;0
15/01/2016;00:25:00;4;sem vítima;500;BR-163/MS;Sul;Colisão com veículos (traseira);0;0;2;0;0;0;0;0;0;0;3;0;0;0;0
15/01/2016;16:53:00;329;com vítima;566;BR-163/MS;Norte;Colisão com veículos (frontal);0;0;2;0;0;2;0;0;0;0;2;3;1;0;1
15/01/2016;17:15:00;340;sem vítima;566;BR-163/MS;Norte;Saídas de pista;1;0;0;0;0;0;0;0;0;0;1;0;0;0;0
15/01/2016;09:39:00;150;com vítima;656;BR-163/MS;Norte;Saídas de pista;1;0;0;0;0;0;0;0;0;0;1;1;0;0;0
16/01/2016;19:46:00;394;com vítima;253,73;BR-163/MS;Sul;Tombamento de moto;0;0;0;1;0;0;0;0;0;0;0;1;0;0;0
16/01/2016;03:36:00;26;com vítima;255,3;BR-163/MS;Norte;Tombamento de moto;0;0;0;1;0;0;0;0;0;0;0;1;0;0;0
16/01/2016;22:56:00;439;sem vítima;297;BR-163/MS;Sul;Atropelamento - Animal;1;0;0;0;0;0;0;0;0;0;1;0;0;0;0
16/01/2016;22:44:00;437;com vítima;397;BR-163/MS;Norte;Colisão c/ obstáculos;0;0;1;0;0;0;0;0;0;0;0;3;0;0;0
16/01/2016;21:08:00;418;com vítima;458;BR-163/MS;Sul;Colisão lateral no mesmo sentido;1;0;0;1;0;0;0;0;0;0;2;1;0;0;0
16/01/2016;18:10:00;363;sem vítima;654;BR-163/MS;Norte;Capotamento;0;0;0;0;0;0;0;0;0;1;2;0;0;0;0
16/01/2016;19:58:00;397;com vítima;837;BR-163/MS;Norte;Colisão com veículos (frontal);2;0;0;0;0;0;0;0;0;0;2;2;0;0;0
17/01/2016;16:10:00;300;sem vítima;171,3;BR-163/MS;Sul;Colisão lateral no mesmo sentido;1;0;1;0;0;0;0;0;0;0;2;0;0;0;0
17/01/2016;12:44:00;228;com vítima;466;BR-163/MS;Sul;Tombamento;0;0;1;0;0;0;0;0;0;0;0;1;0;0;0
17/01/2016;04:36:00;33;sem vítima;597;BR-163/MS;Sul;Atropelamento - Animal;1;0;0;0;0;0;0;0;0;0;1;0;0;0;0
17/01/2016;11:57:00;211;com vítima;783;BR-163/MS;Sul;Capotamento;1;0;0;0;0;0;0;0;0;0;0;2;0;0;0
18/01/2016;17:13:00;383;sem vítima;248;BR-163/MS;Norte;Capotamento;1;0;0;0;0;0;0;0;0;0;1;0;0;0;0
18/01/2016;07:07:00;79;sem vítima;270;BR-163/MS;Norte;Colisão com veículos (traseira);2;0;0;0;0;0;0;0;0;0;2;0;0;0;0
18/01/2016;16:31:00;360;sem vítima;471,472;BR-163/MS;Norte;Outros;0;0;1;0;0;0;0;0;0;1;2;0;0;0;0
18/01/2016;20:25:00;451;com vítima;478;BR-163/MS;Sul;Colisão com veículos (traseira);1;0;0;1;0;0;0;0;0;1;2;0;0;1;0
18/01/2016;05:01:00;40;com vítima;500;BR-163/MS;Sul;Colisão com veículos (traseira);0;0;1;0;1;0;0;0;0;0;14;2;2;0;0
19/01/2016;19:00:00;405;sem vítima;227;BR-163/MS;Norte;Colisão c/ obstáculos;0;0;1;0;0;0;0;0;0;0;1;0;0;0;0
19/01/2016;12:10:00;200;sem vítima;466;BR-163/MS;Norte;Tombamento;0;0;1;0;0;3;0;0;0;0;4;0;0;0;0
20/01/2016;08:32:00;144;sem vítima;55;BR-163/MS;Norte;Colisão lateral no sentido contrário;2;0;0;0;0;0;0;0;0;0;5;0;0;0;0
20/01/2016;14:39:00;292;com vítima;676;BR-163/MS;Norte;Colisão lateral no mesmo sentido;0;0;2;0;1;0;0;0;0;0;23;1;0;0;0
20/01/2016;12:35:00;251;sem vítima;703;BR-163/MS;Norte;Colisão c/ obstáculos;0;0;1;0;0;0;0;0;0;1;6;0;0;0;0
21/01/2016;21:30:00;412;com vítima;260,14;BR-163/MS;Norte;Atropelamento - Pedestre;0;0;0;1;0;0;0;0;0;0;0;1;1;0;0
21/01/2016;15:00:00;295;sem vítima;267;BR-163/MS;Norte;Colisão com veículos (traseira);2;0;0;0;0;0;0;0;0;0;2;0;0;0;0
21/01/2016;13:55:00;262;sem vítima;286;BR-163/MS;Norte;Tombamento de moto;0;0;0;1;0;0;0;0;0;0;1;0;0;0;0
21/01/2016;18:38:00;367;com vítima;340,338;BR-163/MS;Norte;Capotamento;0;0;0;0;0;0;0;0;0;1;0;1;0;0;0
21/01/2016;04:12:00;32;com vítima;360,23;BR-163/MS;Sul;Colisão c/ obstáculos;0;0;0;0;0;0;0;0;0;1;0;1;0;0;0
21/01/2016;12:05:00;237;sem vítima;387;BR-163/MS;Sul;Colisão lateral no mesmo sentido;0;0;2;0;0;0;0;0;0;0;2;0;0;0;0
21/01/2016;15:00:00;296;com vítima;619,7;BR-163/MS;Sul;Colisão lateral no mesmo sentido;0;0;0;0;0;0;0;0;0;2;1;1;1;0;0
22/01/2016;03:52:00;25;sem vítima;224;BR-163/MS;Sul;Colisão c/ obstáculos;0;0;0;0;0;0;0;0;0;1;1;0;0;0;0
22/01/2016;12:01:00;223;com vítima;377;BR-163/MS;Norte;Capotamento;0;0;0;0;0;0;0;0;0;1;0;1;0;0;0
22/01/2016;06:03:00;45;sem vítima;491;BR-163/MS;Norte;Colisão lateral no mesmo sentido;2;0;0;0;0;0;0;0;0;0;9;0;0;0;0
23/01/2016;17:44:00;320;sem vítima;622;BR-163/MS;Sul;Colisão lateral no mesmo sentido;1;0;0;0;0;1;0;0;0;0;2;0;0;0;0
23/01/2016;14:39:00;264;com vítima;727,9;BR-163/MS;Norte;Saídas de pista;0;0;0;0;0;0;0;0;0;1;0;2;0;0;0
24/01/2016;03:57:00;29;sem vítima;29,238;BR-163/MS;Norte;Colisão com veículos (traseira);1;0;0;0;0;1;0;0;0;0;2;0;0;0;0
24/01/2016;14:13:00;223;sem vítima;197,8;BR-163/MS;Norte;Tombamento;0;0;1;0;0;0;0;0;0;0;1;0;0;0;0
24/01/2016;10:38:00;167;sem vítima;245,5;BR-163/MS;Sul;Tombamento;0;0;1;0;0;0;0;0;0;0;1;0;0;0;0
24/01/2016;22:57:00;394;sem vítima;260;BR-163/MS;Sul;Saídas de pista;1;0;0;0;0;0;0;0;0;0;1;0;0;0;0
24/01/2016;21:09:00;363;com vítima;279;BR-163/MS;Sul;Tombamento de moto;0;0;0;1;0;0;0;0;0;0;0;1;0;0;0
24/01/2016;19:00:00;318;com vítima;508;BR-163/MS;Sul;Colisão com veículos (frontal);2;0;0;0;0;0;0;0;0;0;1;1;0;0;0
24/01/2016;16:36:00;257;com vítima;587;BR-163/MS;Norte;Tombamento;0;0;0;0;1;0;0;0;0;0;0;1;0;0;0
24/01/2016;11:05:00;177;com vítima;603;BR-163/MS;Norte;Colisão c/ obstáculos;1;0;0;0;0;0;0;0;0;0;0;1;0;0;0
25/01/2016;17:19:00;373;sem vítima;86;BR-163/MS;Norte;Saídas de pista;0;0;1;0;0;0;0;0;0;0;2;0;0;0;0
25/01/2016;09:23:00;178;sem vítima;280;BR-163/MS;Sul;Colisão com veículos (traseira);0;0;2;0;0;0;0;0;0;0;3;0;0;0;0
25/01/2016;15:57:00;339;sem vítima;375;BR-163/MS;Norte;Colisão com veículos (traseira);0;0;1;0;0;0;0;0;0;1;2;0;0;0;0
25/01/2016;21:00:00;433;com vítima;604,2;BR-163/MS;Sul;Colisão c/ obstáculos;0;0;0;0;0;0;0;0;0;1;2;2;0;0;0
25/01/2016;22:38:00;444;sem vítima;651,5;BR-163/MS;Sul;Atropelamento - Animal;0;0;1;0;0;0;0;0;0;0;2;0;0;0;0
26/01/2016;21:36:00;388;sem vítima;52;BR-163/MS;Norte;Atropelamento - Animal;1;0;0;0;0;0;0;0;0;0;1;0;0;0;0
26/01/2016;07:31:00;88;com vítima;228,9;BR-163/MS;Norte;Tombamento de moto;0;0;0;1;0;0;0;0;0;0;0;1;0;0;0
26/01/2016;13:37:00;248;sem vítima;397;BR-163/MS;Norte;Colisão c/ obstáculos;1;0;0;0;0;0;0;0;0;0;1;0;0;0;0
26/01/2016;23:27:00;404;com vítima;554;BR-163/MS;Sul;Capotamento;1;0;0;0;0;0;0;0;0;0;2;3;0;0;0
26/01/2016;04:56:00;30;sem vítima;578;BR-163/MS;Sul;Saídas de pista;0;0;0;0;0;0;0;0;0;1;2;0;0;0;0
26/01/2016;11:28:00;198;com vítima;772;BR-163/MS;Norte;Capotamento;0;0;1;0;0;0;0;0;0;1;1;0;2;0;0
27/01/2016;04:33:00;24;sem vítima;317;BR-163/MS;Sul;Colisão c/ obstáculos;1;0;0;0;0;0;0;0;0;0;1;0;0;0;0
27/01/2016;19:56:00;358;sem vítima;489,5;BR-163/MS;Sul;Saídas de pista;0;0;1;0;0;0;0;0;0;0;1;0;0;0;0
28/01/2016;12:39:00;216;sem vítima;32;BR-163/MS;Norte;Colisão c/ obstáculos;0;0;1;0;0;0;0;0;0;0;1;0;0;0;0
28/01/2016;14:54:00;251;sem vítima;206;BR-163/MS;Norte;Colisão com veículos (traseira);0;0;1;0;0;0;0;0;0;1;4;0;0;0;0
28/01/2016;09:06:00;151;sem vítima;227;BR-163/MS;Sul;Colisão c/ obstáculos;0;0;1;0;0;0;0;0;0;0;1;0;0;0;0
28/01/2016;16:10:00;273;sem vítima;312;BR-163/MS;Sul;Colisão com veículos (traseira);2;0;0;0;0;0;0;0;0;0;4;0;0;0;0
28/01/2016;12:51:00;221;com vítima;649;BR-163/MS;Sul;Tombamento de moto;0;0;0;1;0;0;0;0;0;0;0;1;1;0;0
29/01/2016;00:00:00;1;com vítima;41;BR-163/MS;Sul;Colisão com veículos (traseira);0;0;2;0;0;0;0;0;0;0;3;1;0;0;0
29/01/2016;23:00:00;383;com vítima;87;BR-163/MS;Sul;Colisão c/ obstáculos;0;0;0;0;0;0;0;0;0;1;0;1;0;0;0
29/01/2016;16:55:00;296;sem vítima;467;BR-163/MS;Norte;Colisão com veículos (traseira);1;0;0;0;0;0;0;0;0;1;3;0;0;0;0
29/01/2016;12:41:00;223;sem vítima;485;BR-163/MS;Sul;Colisão c/ obstáculos;2;0;0;0;0;0;0;0;0;0;2;0;0;0;0
29/01/2016;13:56:00;237;sem vítima;681;BR-163/MS;Norte;Colisão com veículos (traseira);1;0;1;0;0;0;0;0;0;0;2;0;0;0;0
30/01/2016;13:46:00;183;com vítima;256;BR-163/MS;Sul;Colisão com veículos (traseira);1;0;1;0;0;0;0;0;0;0;1;2;0;0;0
30/01/2016;20:00:00;276;sem vítima;257;BR-163/MS;Norte;Colisão lateral no mesmo sentido;1;0;1;0;0;0;0;0;0;0;2;0;0;0;0
30/01/2016;06:28:00;48;sem vítima;346;BR-163/MS;Norte;Atropelamento - Animal;0;0;0;0;0;0;0;0;0;1;1;0;0;0;0
30/01/2016;12:20:00;160;com vítima;388;BR-163/MS;Norte;Tombamento de moto;0;0;0;1;0;0;0;0;0;0;0;2;0;0;0
30/01/2016;20:24:00;278;sem vítima;673;BR-163/MS;Norte;Colisão c/ obstáculos;1;0;0;0;0;0;0;0;0;0;1;0;0;0;0
31/01/2016;04:12:00;24;sem vítima;280;BR-163/MS;Norte;Saídas de pista;1;0;0;0;0;0;0;0;0;0;1;0;0;0;0
31/01/2016;21:59:00;286;sem vítima;313;BR-163/MS;Norte;Colisão c/ obstáculos;1;0;0;0;0;0;0;0;0;0;1;0;0;0;0
31/01/2016;22:21:00;292;sem vítima;496;BR-163/MS;Sul;Tombamento;0;0;1;0;0;1;0;0;0;0;2;0;0;0;0
31/01/2016;23:34:00;298;com vítima;845;BR-163/MS;Sul;Tombamento de moto;0;0;0;1;0;0;0;0;0;0;0;1;0;0;0
01/02/2016;09:58:00;158;sem vítima;5;BR-163/MS;Norte;Colisão com veículos (traseira);0;0;2;0;0;0;0;0;0;0;2;0;0;0;0
01/02/2016;18:17:00;333;sem vítima;142;BR-163/MS;Norte;Colisão c/ obstáculos;0;0;1;0;0;0;0;0;0;0;1;0;0;0;0
01/02/2016;17:53:00;323;sem vítima;593,5;BR-163/MS;Sul;Colisão lateral no mesmo sentido;0;0;1;0;0;0;0;0;0;1;2;0;0;0;0
01/02/2016;22:00:00;410;com vítima;818;BR-163/MS;Norte;Colisão c/ obstáculos;0;0;0;0;1;0;0;0;0;0;0;0;1;0;0
02/02/2016;07:08:00;98;sem vítima;262;BR-163/MS;Norte;Saídas de pista;1;0;0;0;0;0;0;0;0;0;1;0;0;0;0
02/02/2016;16:17:00;384;com vítima;265;BR-163/MS;Sul;Tombamento de moto;0;0;0;1;0;0;0;0;0;0;0;1;0;0;0
02/02/2016;06:29:00;77;sem vítima;331;BR-163/MS;Norte;Saídas de pista;0;0;0;0;0;0;0;0;0;1;4;0;0;0;0
02/02/2016;09:21:00;180;sem vítima;465;BR-163/MS;Norte;Tombamento;0;0;1;0;0;0;0;0;0;0;1;0;0;0;0
02/02/2016;22:28:00;508;com vítima;562,2;BR-163/MS;Norte;Saídas de pista;0;0;1;0;0;0;0;0;0;0;0;1;0;0;0
02/02/2016;16:07:00;379;com vítima;616;BR-163/MS;Norte;Colisão lateral no mesmo sentido;0;0;0;1;0;0;0;0;0;1;1;0;1;0;0
02/02/2016;21:16:00;496;sem vítima;675;BR-163/MS;Sul;Colisão com veículos (traseira);0;0;0;0;0;0;0;0;0;2;2;0;0;0;0
03/02/2016;13:31:00;381;com vítima;681;BR-163/MS;Norte;Tombamento de moto;0;0;0;1;0;1;0;0;0;0;1;1;0;0;0
03/02/2016;12:01:00;335;sem vítima;748;BR-163/MS;Norte;Colisão lateral no mesmo sentido;0;0;0;0;0;1;0;0;0;1;2;0;0;0;0
03/02/2016;05:14:00;78;com vítima;751,2;BR-163/MS;Norte;Colisão com veículos (frontal);0;0;1;0;0;0;0;0;0;1;1;0;2;0;0
04/02/2016;21:14:00;417;sem vítima;358;BR-163/MS;Sul;Saídas de pista;0;0;0;0;0;0;0;0;0;1;2;0;0;0;0
04/02/2016;03:23:00;44;sem vítima;485;BR-163/MS;Norte;Colisão com veículos (frontal);2;0;0;0;0;0;0;0;0;0;2;0;0;0;0
04/02/2016;14:54:00;305;sem vítima;770;BR-163/MS;Norte;Tombamento;0;0;1;0;0;0;0;0;0;0;1;0;0;0;0
04/02/2016;13:33:00;271;com vítima;785,5;BR-163/MS;Norte;Tombamento de moto;0;0;0;1;0;0;0;0;0;0;0;0;1;0;0
04/02/2016;17:14:00;344;sem vítima;818;BR-163/MS;Norte;Colisão com veículos (traseira);1;0;1;0;0;0;0;0;0;0;3;0;0;0;0
05/02/2016;11:01:00;194;sem vítima;22;BR-163/MS;Norte;Colisão com veículos (traseira);2;0;0;0;0;0;0;0;0;0;2;0;0;0;0
05/02/2016;06:57:00;64;com vítima;185;BR-163/MS;Sul;Tombamento;0;0;1;0;0;0;0;0;0;0;0;1;0;0;0
05/02/2016;16:29:00;298;sem vítima;408;BR-163/MS;Norte;Engavetamento;0;0;3;0;0;0;0;0;0;0;3;0;0;0;0
05/02/2016;20:52:00;373;sem vítima;425,5;BR-163/MS;Norte;Colisão com veículos (traseira);2;0;0;0;0;0;0;0;0;0;7;0;0;0;0
05/02/2016;06:18:00;48;com vítima;485;BR-163/MS;Norte;Tombamento de moto;0;0;0;1;0;0;0;0;0;0;0;1;0;0;0
06/02/2016;05:17:00;47;sem vítima;6,5;BR-163/MS;Sul;Colisão c/ obstáculos;1;0;0;0;0;0;0;0;0;0;1;0;0;0;0
06/02/2016;05:40:00;50;sem vítima;172;BR-163/MS;Norte;Colisão lateral no mesmo sentido;2;0;0;0;0;0;0;0;0;0;3;0;0;0;0
06/02/2016;13:30:00;307;com vítima;207;BR-163/MS;Norte;Tombamento;0;0;1;0;0;1;0;0;0;0;1;1;0;0;0
06/02/2016;19:45:00;471;com vítima;248;BR-163/MS;Norte;Colisão lateral no mesmo sentido;1;0;0;1;0;0;0;0;0;0;2;0;1;0;0
06/02/2016;17:10:00;415;sem vítima;480;BR-163/MS;Sul;Tombamento;0;0;1;0;0;0;0;0;0;0;1;0;0;0;0
06/02/2016;08:25:00;107;sem vítima;485;BR-163/MS;Norte;Colisão lateral no mesmo sentido;1;0;1;0;0;0;0;0;0;0;2;0;0;0;0
06/02/2016;20:48:00;488;com vítima;496;BR-163/MS;Norte;Saídas de pista;1;0;0;0;0;0;0;0;0;0;5;1;0;0;0
06/02/2016;15:46:00;379;sem vítima;684,5;BR-163/MS;Norte;Capotamento;0;0;0;0;0;0;0;0;0;1;2;0;0;0;0
06/02/2016;16:30:00;391;sem vítima;703;BR-163/MS;Norte;Colisão c/ obstáculos;0;0;1;0;0;0;0;0;0;0;1;0;0;0;0
07/02/2016;09:23:00;107;com vítima;767;BR-163/MS;Norte;Tombamento de moto;0;0;0;1;0;0;0;0;0;0;0;3;0;0;0
07/02/2016;02:56:00;27;com vítima;841,6;BR-163/MS;Norte;Colisão lateral no mesmo sentido;1;0;1;0;0;0;0;0;0;0;0;1;0;0;1
08/02/2016;02:28:00;14;com vítima;119;BR-163/MS;Norte;Atropelamento - Animal;0;0;0;1;0;0;0;0;0;0;0;1;0;0;0
08/02/2016;17:27:00;293;com vítima;248,252;BR-163/MS;Norte;Colisão lateral no mesmo sentido;1;0;1;0;0;0;0;0;0;0;1;2;0;0;0
08/02/2016;12:00:00;179;sem vítima;438;BR-163/MS;Sul;Saídas de pista;1;0;0;0;0;0;0;0;0;0;4;0;0;0;0
08/02/2016;01:43:00;9;sem vítima;464;BR-163/MS;Sul;Atropelamento - Animal;1;0;0;0;0;0;0;0;0;0;1;0;0;0;0
08/02/2016;06:04:00;34;com vítima;492;BR-163/MS;Norte;Saídas de pista;1;0;0;0;0;0;0;0;0;0;4;1;0;0;0
08/02/2016;13:50:00;217;com vítima;555;BR-163/MS;Norte;Capotamento;1;0;0;0;0;0;0;0;0;0;1;2;0;0;0
08/02/2016;20:23:00;336;com vítima;569;BR-163/MS;Sul;Atropelamento - Pedestre;0;0;0;1;0;0;0;0;0;0;0;0;2;0;0
08/02/2016;01:24:00;8;sem vítima;667,4;BR-163/MS;Norte;Tombamento;0;0;0;0;0;0;0;0;0;1;3;0;0;0;0
09/02/2016;04:24:00;32;com vítima;174,948;BR-163/MS;Norte;Capotamento;1;0;0;0;0;0;0;0;0;0;0;1;0;0;0
09/02/2016;23:33:00;372;sem vítima;586;BR-163/MS;Sul;Atropelamento - Animal;1;0;0;0;0;0;0;0;0;0;1;0;0;0;0
09/02/2016;17:49:00;269;com vítima;591;BR-163/MS;Sul;Capotamento;0;0;0;0;0;0;0;0;0;1;2;4;0;0;0
09/02/2016;01:38:00;14;sem vítima;712;BR-163/MS;Norte;Atropelamento - Animal;0;0;0;0;0;0;0;0;0;1;1;0;0;0;0
09/02/2016;07:08:00;63;sem vítima;810;BR-163/MS;Norte;Atropelamento - Animal;1;0;0;0;0;0;0;0;0;0;1;0;0;0;0
10/02/2016;00:23:00;3;sem vítima;88;BR-163/MS;Norte;Tombamento;0;0;2;0;0;0;0;0;0;0;2;0;0;0;0
10/02/2016;15:48:00;332;com vítima;316;BR-163/MS;Norte;Capotamento;0;0;0;0;0;0;0;0;0;1;0;1;0;0;0
10/02/2016;11:06:00;216;com vítima;510;BR-163/MS;Sul;Colisão c/ obstáculos;1;0;0;0;0;1;0;0;0;0;1;1;0;0;0
10/02/2016;21:23:00;416;com vítima;606;BR-163/MS;Sul;Colisão com veículos (frontal);2;0;0;0;0;0;0;0;0;0;2;1;0;0;0