data;horario;n_da_ocorrencia;tipo_de_ocorrencia;km;trecho;sentido;tipo_de_acidente;automovel;bicicleta;caminhao;moto;onibus;outros;tracao_animal;transporte_de_cargas_especiais;trator_maquinas;utilitarios;ilesos;levemente_feridos;moderadamente_feridos;gravemente_feridos;mortos
11/02/2016;12:52:00;253;sem vítima;131;BR-163/MS;Sul;Saídas de pista;0;0;1;0;0;0;0;0;0;0;1;0;0;0;0
11/02/2016;07:06:00;63;com vítima;364;BR-163/MS;Norte;Colisão c/ obstáculos;0;0;1;1;0;0;0;0;0;0;1;0;1;0;0
11/02/2016;15:50:00;347;com vítima;407;BR-163/MS;Sul;Colisão lateral no mesmo sentido;1;0;1;0;0;0;0;0;0;0;1;1;0;0;0
11/02/2016;18:50:00;393;sem vítima;432;BR-163/MS;Norte;Colisão com veículos (traseira);1;0;1;0;0;0;0;0;0;0;2;0;0;0;0
11/02/2016;16:21:00;358;sem vítima;485;BR-163/MS;Sul;Colisão lateral no mesmo sentido;1;0;1;0;0;0;0;0;0;0;3;0;0;0;0
11/02/2016;19:44:00;413;sem vítima;778,5;BR-163/MS;Norte;Atropelamento - Animal;0;0;2;0;0;0;0;0;0;0;2;0;0;0;0
12/02/2016;06:35:00;41;sem vítima;21,1;BR-163/MS;Sul;Tombamento;0;0;1;0;0;0;0;0;0;0;1;0;0;0;0
12/02/2016;06:32:00;40;sem vítima;497;BR-163/MS;Norte;Tombamento de moto;0;0;0;1;0;0;0;0;0;0;1;0;0;0;0
12/02/2016;04:06:00;22;com vítima;608;BR-163/MS;Norte;Tombamento de moto;0;0;0;1;0;0;0;0;0;0;0;1;0;0;0
12/02/2016;06:16:00;38;sem vítima;641;BR-163/MS;Norte;Colisão c/ obstáculos;0;0;2;0;0;0;0;0;0;0;2;0;0;0;0
13/02/2016;21:56:00;389;sem vítima;256;BR-163/MS;Norte;Colisão c/ obstáculos;1;0;1;0;0;0;0;0;0;0;2;0;0;0;0
13/02/2016;18:28:00;330;com vítima;260;BR-163/MS;Norte;Colisão lateral no mesmo sentido;0;0;0;1;0;1;0;0;0;0;1;1;0;0;0
13/02/2016;23:31:00;403;sem vítima;268;BR-163/MS;Norte;Tombamento de moto;0;0;0;1;0;0;0;0;0;0;1;0;0;0;0
13/02/2016;07:30:00;68;sem vítima;419;BR-163/MS;Norte;Capotamento;1;0;1;0;0;0;0;0;0;0;2;0;0;0;0
13/02/2016;06:30:00;37;sem vítima;454;BR-163/MS;Sul;Colisão com veículos (traseira);2;0;0;0;0;0;0;0;0;0;2;0;0;0;0
13/02/2016;06:48:00;47;com vítima;499;BR-163/MS;Sul;Colisão com veículos (frontal);1;0;2;0;0;0;0;0;0;0;2;4;0;0;0
13/02/2016;23:06:00;401;sem vítima;507;BR-163/MS;Norte;Tombamento de moto;0;0;0;1;0;0;0;0;0;0;1;0;0;0;0
13/02/2016;17:42:00;313;com vítima;558,1;BR-163/MS;Norte;Capotamento;1;0;0;0;0;1;0;0;0;0;1;2;0;0;0
13/02/2016;05:40:00;32;com vítima;711;BR-163/MS;Norte;Colisão c/ obstáculos;0;0;0;1;0;0;0;0;0;0;0;1;0;0;0
14/02/2016;04:13:00;29;sem vítima;281,121;BR-163/MS;Sul;Saídas de pista;1;0;0;0;0;0;0;0;0;0;1;0;0;0;0
14/02/2016;17:40:00;380;com vítima;299;BR-163/MS;Sul;Capotamento;1;0;0;0;0;0;0;0;0;0;1;2;1;0;0
14/02/2016;23:46:00;466;sem vítima;326;BR-163/MS;Norte;Saídas de pista;1;0;0;0;0;0;0;0;0;0;1;0;0;0;0
14/02/2016;12:29:00;271;com vítima;339;BR-163/MS;Norte;Colisão c/ obstáculos;1;0;0;0;0;0;0;0;0;0;0;3;0;0;0
14/02/2016;23:39:00;463;sem vítima;482;BR-163/MS;Norte;Colisão c/ obstáculos;0;0;0;1;0;0;0;0;0;0;1;0;0;0;0
14/02/2016;21:51:00;451;sem vítima;554;BR-163/MS;Norte;Colisão c/ obstáculos;1;0;0;0;0;0;0;0;0;0;2;0;0;0;0
15/02/2016;12:59:00;286;sem vítima;432;BR-163/MS;Norte;Colisão com veículos (traseira);0;0;2;0;0;0;0;0;0;0;2;0;0;0;0
15/02/2016;09:34:00;191;com vítima;437;BR-163/MS;Sul;Capotamento;1;0;0;0;0;0;0;0;0;0;0;0;1;0;0
15/02/2016;02:06:00;15;sem vítima;448;BR-163/MS;Norte;Atropelamento - Animal;1;0;0;0;0;0;0;0;0;0;5;0;0;0;0
16/02/2016;15:41:00;263;sem vítima;133,6;BR-163/MS;Norte;Colisão lateral no mesmo sentido;0;0;1;0;0;0;0;0;0;1;3;0;0;0;0
16/02/2016;12:00:00;209;sem vítima;236;BR-163/MS;Sul;Colisão c/ obstáculos;1;0;0;0;0;0;0;0;0;0;2;0;0;0;0
16/02/2016;14:18:00;243;com vítima;265;BR-163/MS;Norte;Tombamento de moto;0;0;0;1;0;0;0;0;0;0;0;1;0;0;0
16/02/2016;20:35:00;347;com vítima;306,5;BR-163/MS;Norte;Atropelamento - Animal;1;0;0;0;0;0;0;0;0;0;1;1;0;0;0
16/02/2016;08:41:00;132;sem vítima;449;BR-163/MS;Norte;Atropelamento - Animal;1;0;0;0;0;0;0;0;0;0;1;0;0;0;0
16/02/2016;07:44:00;93;com vítima;477;BR-163/MS;Sul;Colisão com veículos (traseira);1;0;0;1;0;0;0;0;0;0;1;0;1;0;0
16/02/2016;12:40:00;216;com vítima;656,3;BR-163/MS;Norte;Capotamento;0;0;0;0;0;0;0;0;0;1;0;3;0;0;1
17/02/2016;10:39:00;172;com vítima;139,1;BR-163/MS;Norte;Tombamento;0;0;1;0;0;0;0;0;0;0;1;1;0;0;0
17/02/2016;22:23:00;344;sem vítima;297,76;BR-163/MS;Norte;Atropelamento - Animal;1;0;0;0;0;0;0;0;0;0;1;0;0;0;0
17/02/2016;18:35:00;300;com vítima;398;BR-163/MS;Norte;Colisão c/ obstáculos;0;0;1;0;0;0;0;0;0;0;0;1;0;0;0
17/02/2016;06:40:00;48;sem vítima;523;BR-163/MS;Norte;Atropelamento - Animal;0;0;0;0;0;0;0;0;0;1;1;0;0;0;0
17/02/2016;11:10:00;182;com vítima;566;BR-163/MS;Norte;Capotamento;1;0;1;0;0;0;0;0;0;0;1;1;0;0;0
17/02/2016;10:17:00;156;com vítima;808;BR-163/MS;Sul;Colisão c/ obstáculos;0;0;1;0;0;0;0;0;0;0;0;0;1;0;0
18/02/2016;14:24:00;266;sem vítima;10;BR-163/MS;Norte;Colisão com veículos (traseira);0;0;4;0;0;0;0;0;0;0;4;0;0;0;0
18/02/2016;14:15:00;264;com vítima;25,9;BR-163/MS;Norte;Colisão lateral no sentido contrário;0;0;1;0;0;0;0;0;0;1;2;0;0;1;0
18/02/2016;20:04:00;375;com vítima;324;BR-163/MS;Sul;Tombamento de moto;0;0;0;1;0;0;0;0;0;0;0;0;1;0;0
18/02/2016;14:28:00;267;com vítima;383;BR-163/MS;Norte;Colisão com veículos (frontal);2;0;0;0;0;0;0;0;0;0;1;2;1;1;0
18/02/2016;06:01:00;44;sem vítima;469;BR-163/MS;Norte;Colisão c/ obstáculos;0;0;1;0;0;0;0;0;0;0;1;0;0;0;0
18/02/2016;18:26:00;345;sem vítima;487;BR-163/MS;Sul;Colisão com veículos (traseira);1;0;1;0;0;0;0;0;0;0;3;0;0;0;0
18/02/2016;12:55:00;243;com vítima;743;BR-163/MS;Sul;Capotamento;0;0;0;0;0;0;0;0;0;1;0;2;0;0;0
19/02/2016;20:19:00;385;com vítima;85,95;BR-163/MS;Sul;Capotamento;1;0;0;0;0;0;0;0;0;0;0;1;0;0;0
19/02/2016;13:22:00;218;sem vítima;345;BR-163/MS;Norte;Engavetamento;3;0;0;0;0;0;0;0;0;0;3;0;0;0;0
19/02/2016;19:03:00;368;sem vítima;361;BR-163/MS;Sul;Saídas de pista;0;0;0;0;0;0;0;0;0;1;2;0;0;0;0
19/02/2016;03:42:00;20;sem vítima;522;BR-163/MS;Sul;Saídas de pista;0;0;1;0;0;0;0;0;0;0;1;0;0;0;0
19/02/2016;06:25:00;51;sem vítima;531;BR-163/MS;Sul;Tombamento;0;0;1;0;0;2;0;0;0;0;4;0;0;0;0
19/02/2016;14:43:00;248;com vítima;605;BR-163/MS;Sul;Colisão com veículos (traseira);0;0;1;0;0;0;0;0;0;1;4;1;0;0;0
19/02/2016;14:53:00;253;sem vítima;699,6;BR-163/MS;Norte;Saídas de pista;1;0;0;0;0;0;0;0;0;0;1;0;0;0;0
19/02/2016;05:54:00;42;com vítima;721;BR-163/MS;Norte;Colisão com veículos (traseira);0;0;3;0;0;0;0;0;0;0;3;0;2;0;0
19/02/2016;21:40:00;402;com vítima;783;BR-163/MS;Norte;Tombamento de moto;0;0;0;1;0;0;0;0;0;0;0;0;2;0;0
20/02/2016;13:02:00;212;com vítima;26;BR-163/MS;Sul;Tombamento;0;0;1;0;0;0;0;0;0;0;0;1;0;0;0
20/02/2016;01:40:00;11;com vítima;41;BR-163/MS;Norte;Colisão lateral no mesmo sentido;2;0;0;0;0;0;0;0;0;0;1;1;0;0;0
20/02/2016;02:39:00;21;sem vítima;347;BR-163/MS;Norte;Saídas de pista;1;0;0;0;0;0;0;0;0;0;1;0;0;0;0
20/02/2016;20:16:00;331;sem vítima;433;BR-163/MS;Norte;Colisão lateral no mesmo sentido;0;0;1;0;0;0;0;0;0;1;2;0;0;0;0
20/02/2016;02:38:00;20;sem vítima;512;BR-163/MS;Norte;Saídas de pista;1;0;0;0;0;0;0;0;0;0;1;0;0;0;0
20/02/2016;21:17:00;350;com vítima;592;BR-163/MS;Norte;Colisão com veículos (traseira);1;0;1;0;0;0;0;0;0;0;1;1;1;0;0
20/02/2016;14:50:00;241;sem vítima;709,8;BR-163/MS;Sul;Engavetamento;0;0;4;0;0;0;0;0;0;0;4;0;0;0;0
20/02/2016;09:56:00;149;com vítima;838,2;BR-163/MS;Norte;Colisão lateral no mesmo sentido;0;0;2;0;0;0;0;0;0;0;1;2;0;0;0
21/02/2016;04:45:00;26;com vítima;276,306;BR-163/MS;Sul;Colisão com veículos (traseira);0;0;0;1;0;1;0;0;0;0;0;2;0;0;0
21/02/2016;20:57:00;290;com vítima;321,872;BR-163/MS;Sul;Colisão com veículos (traseira);0;1;0;0;0;1;0;0;0;0;1;0;0;0;1
21/02/2016;07:42:00;86;sem vítima;403,32;BR-163/MS;Norte;Capotamento;1;0;0;0;0;1;0;0;0;0;6;0;0;0;0
21/02/2016;20:18:00;284;com vítima;408,713;BR-163/MS;Norte;Colisão com veículos (frontal);1;0;1;0;0;1;0;0;0;0;1;1;0;0;1
21/02/2016;09:13:00;122;sem vítima;465;BR-163/MS;Sul;Colisão lateral no sentido contrário;2;0;0;0;0;0;0;0;0;0;6;0;0;0;0
21/02/2016;12:18:00;177;com vítima;816,3;BR-163/MS;Norte;Saídas de pista;1;0;0;0;0;0;0;0;0;0;0;1;0;0;0
22/02/2016;08:40:00;124;sem vítima;105;BR-163/MS;Sul;Saídas de pista;0;0;0;0;0;0;0;0;0;1;2;0;0;0;0
22/02/2016;16:59:00;324;com vítima;396,8;BR-163/MS;Sul;Saídas de pista;1;0;0;0;0;0;0;0;0;0;1;1;0;0;0
22/02/2016;18:59:00;357;sem vítima;432;BR-163/MS;Norte;Colisão c/ obstáculos;1;0;0;0;0;0;0;0;0;0;1;0;0;0;0
22/02/2016;17:21:00;331;sem vítima;481;BR-163/MS;Norte;Colisão c/ obstáculos;1;0;0;0;0;0;0;0;0;0;1;0;0;0;0
22/02/2016;08:49:00;134;sem vítima;523;BR-163/MS;Norte;Colisão com veículos (traseira);2;0;1;0;0;0;0;0;0;0;4;0;0;0;0
23/02/2016;22:18:00;362;com vítima;10,5;BR-163/MS;Norte;Atropelamento - Animal;0;0;0;1;0;0;0;0;0;0;0;1;0;0;0
23/02/2016;06:41:00;50;sem vítima;483,8;BR-163/MS;Norte;Colisão lateral no sentido contrário;1;0;0;0;0;0;0;0;0;1;2;0;0;0;0
23/02/2016;05:18:00;28;sem vítima;520;BR-163/MS;Norte;Capotamento;1;0;0;0;0;0;0;0;0;0;2;0;0;0;0
23/02/2016;07:34:00;86;sem vítima;649;BR-163/MS;Sul;Tombamento;0;0;1;0;0;0;0;0;0;0;1;0;0;0;0
23/02/2016;06:10:00;35;com vítima;654,6;BR-163/MS;Norte;Colisão c/ obstáculos;0;0;0;0;0;0;0;0;0;1;0;1;0;0;0
24/02/2016;20:40:00;317;com vítima;157,5;BR-163/MS;Sul;Tombamento;0;0;1;0;0;0;0;0;0;0;0;1;0;0;0
24/02/2016;16:34:00;247;sem vítima;158;BR-163/MS;Norte;Capotamento;1;0;0;0;0;0;0;0;0;0;3;0;0;0;0
24/02/2016;18:36:00;280;com vítima;258;BR-163/MS;Norte;Colisão lateral no mesmo sentido;1;1;0;0;0;0;0;0;0;0;1;1;0;0;0
24/02/2016;20:13:00;306;com vítima;271,211;BR-163/MS;Sul;Atropelamento - Animal;0;0;0;1;0;0;0;0;0;0;0;1;0;0;0
24/02/2016;19:03:00;288;com vítima;326;BR-163/MS;Sul;Tombamento de moto;0;0;0;1;0;0;0;0;0;0;0;2;0;0;0
24/02/2016;14:27:00;211;sem vítima;659;BR-163/MS;Norte;Colisão lateral no mesmo sentido;0;0;1;0;0;0;0;0;0;1;2;0;0;0;0
24/02/2016;12:07:00;159;sem vítima;666;BR-163/MS;Norte;Atropelamento - Animal;1;0;0;0;0;0;0;0;0;0;1;0;0;0;0
25/02/2016;15:14:00;246;sem vítima;209;BR-163/MS;Sul;Colisão lateral no mesmo sentido;0;0;1;0;0;0;0;0;0;1;2;0;0;0;0
26/02/2016;19:33:00;439;sem vítima;355;BR-163/MS;Sul;Atropelamento - Animal;0;0;0;0;0;0;0;0;0;1;2;0;0;0;0
26/02/2016;10:44:00;228;com vítima;373;BR-163/MS;Norte;Colisão c/ obstáculos;0;0;1;0;0;0;0;0;0;0;0;0;1;0;0
26/02/2016;18:31:00;424;sem vítima;782;BR-163/MS;Norte;Atropelamento - Animal;1;0;0;0;0;0;0;0;0;0;3;0;0;0;0
27/02/2016;08:06:00;111;sem vítima;125;BR-163/MS;Sul;Colisão c/ obstáculos;1;0;0;0;0;0;0;0;0;0;2;0;0;0;0
27/02/2016;17:58:00;350;com vítima;159;BR-163/MS;Norte;Colisão com veículos (frontal);0;0;0;0;0;0;0;0;0;2;0;0;2;0;4
27/02/2016;03:52:00;27;sem vítima;227,8;BR-163/MS;Norte;Atropelamento - Animal;1;0;0;0;0;0;0;0;0;0;2;0;0;0;0
27/02/2016;00:49:00;5;sem vítima;408;BR-163/MS;Norte;Atropelamento - Animal;0;0;1;0;0;0;0;0;0;0;1;0;0;0;0
27/02/2016;16:51:00;333;com vítima;501;BR-163/MS;Norte;Colisão lateral no sentido contrário;2;0;0;0;0;0;0;0;0;0;0;1;1;1;3
27/02/2016;17:23:00;340;com vítima;654;BR-163/MS;Sul;Colisão c/ obstáculos;1;0;0;0;0;0;0;0;0;0;0;1;0;0;0
27/02/2016;11:04:00;195;com vítima;680,4;BR-163/MS;Norte;Colisão lateral no mesmo sentido;1;1;0;0;0;0;0;0;0;0;0;2;0;0;0
28/02/2016;03:53:00;21;sem vítima;238,6;BR-163/MS;Sul;Capotamento;1;0;0;0;0;0;0;0;0;0;1;0;0;0;0
28/02/2016;16:12:00;212;sem vítima;372;BR-163/MS;Sul;Colisão com veículos (traseira);1;0;1;0;0;0;0;0;0;0;2;0;0;0;0
28/02/2016;18:35:00;242;sem vítima;488;BR-163/MS;Norte;Colisão lateral no mesmo sentido;0;0;1;0;0;0;0;0;0;1;3;0;0;0;0
29/02/2016;08:02:00;81;com vítima;259;BR-163/MS;Norte;Tombamento de moto;0;0;0;1;0;0;0;0;0;0;0;1;0;0;0
29/02/2016;16:45:00;280;com vítima;266,24;BR-163/MS;Norte;Tombamento de moto;0;0;1;1;0;2;0;0;0;0;3;0;0;0;1
29/02/2016;23:36:00;355;sem vítima;610,415;BR-163/MS;Norte;Atropelamento - Animal;0;0;1;0;0;0;0;0;0;0;1;0;0;0;0
29/02/2016;05:51:00;27;com vítima;735;BR-163/MS;Norte;Tombamento de moto;0;0;0;1;0;0;0;0;0;0;0;0;1;0;0
01/03/2016;04:15:00;27;sem vítima;451,9;BR-163/MS;Norte;Atropelamento - Animal;1;0;0;0;0;0;0;0;0;0;1;0;0;0;0
01/03/2016;19:58:00;409;sem vítima;527;BR-163/MS;Norte;Colisão lateral no mesmo sentido;2;0;0;0;0;0;0;0;0;0;3;0;0;0;0
01/03/2016;04:26:00;31;com vítima;593;BR-163/MS;Norte;Tombamento;0;0;1;0;0;1;0;0;0;0;1;1;0;0;0
02/03/2016;17:45:00;367;com vítima;39,5;BR-163/MS;Norte;Colisão com veículos (frontal);1;0;0;1;0;0;0;0;0;0;1;0;1;0;0
02/03/2016;11:39:00;236;com vítima;547;BR-163/MS;Sul;Colisão com veículos (traseira);1;0;1;0;0;0;0;0;0;0;1;1;1;0;2
02/03/2016;19:03:00;385;sem vítima;615;BR-163/MS;Norte;Colisão lateral no sentido contrário;2;0;0;0;0;0;0;0;0;0;2;0;0;0;0
03/03/2016;11:33:00;194;com vítima;185;BR-163/MS;Sul;Tombamento;0;0;1;0;0;1;0;0;0;0;2;1;0;0;0
03/03/2016;11:18:00;189;com vítima;277;BR-163/MS;Norte;Colisão com veículos (traseira);1;0;0;1;0;0;0;0;0;0;1;1;0;0;0
03/03/2016;09:04:00;146;com vítima;466;BR-163/MS;Sul;Tombamento;0;0;1;0;0;0;0;0;0;0;0;1;0;0;0
03/03/2016;05:56:00;52;sem vítima;541;BR-163/MS;Norte;Colisão lateral no mesmo sentido;1;0;1;0;0;0;0;0;0;0;3;0;0;0;0
04/03/2016;07:04:00;69;com vítima;159;BR-163/MS;Sul;Tombamento de moto;0;0;0;1;0;0;0;0;0;0;0;2;0;0;0
04/03/2016;08:37:00;118;sem vítima;419;BR-163/MS;Norte;Colisão com veículos (traseira);1;0;1;0;0;0;0;0;0;0;4;0;0;0;0
04/03/2016;16:27:00;293;com vítima;590;BR-163/MS;Norte;Capotamento;0;0;0;0;0;0;0;0;0;1;0;1;0;0;0
04/03/2016;15:53:00;278;com vítima;617,3;BR-163/MS;Norte;Colisão com veículos (traseira);0;0;1;1;0;0;0;0;0;0;1;1;0;0;0
04/03/2016;12:03:00;205;com vítima;660;BR-163/MS;Norte;Capotamento;1;0;0;0;0;0;0;0;0;0;0;4;0;0;0
04/03/2016;16:38:00;296;com vítima;835,78;BR-163/MS;Norte;Colisão lateral no sentido contrário;2;0;0;0;0;0;0;0;0;0;2;2;0;0;0
05/03/2016;19:06:00;417;com vítima;235,8;BR-163/MS;Norte;Colisão com veículos (traseira);2;0;0;0;0;0;0;0;0;0;4;1;0;0;0
05/03/2016;22:26:00;465;com vítima;349,8;BR-163/MS;Norte;Tombamento de moto;0;0;0;1;0;0;0;0;0;0;0;1;0;0;0
05/03/2016;14:43:00;312;com vítima;490;BR-163/MS;Norte;Tombamento;0;0;1;0;0;1;0;0;0;0;2;1;0;0;0
06/03/2016;15:36:00;254;com vítima;128;BR-163/MS;Norte;Colisão com veículos (traseira);0;0;0;1;0;1;0;0;0;0;1;1;0;0;0
06/03/2016;18:09:00;312;sem vítima;293;BR-163/MS;Sul;Capotamento;1;0;0;0;0;0;0;0;0;0;1;0;0;0;0
06/03/2016;05:41:00;53;com vítima;316;BR-163/MS;Norte;Capotamento;0;0;0;0;0;0;0;0;0;1;0;1;0;0;0
06/03/2016;14:38:00;232;com vítima;326;BR-163/MS;Norte;Capotamento;0;0;0;0;0;0;0;0;0;1;0;1;0;0;0
06/03/2016;19:19:00;330;sem vítima;410;BR-163/MS;Norte;Atropelamento - Animal;1;0;0;0;0;0;0;0;0;0;2;0;0;0;0
06/03/2016;13:45:00;221;sem vítima;450;BR-163/MS;Norte;Saídas de pista;2;0;1;0;0;0;0;0;0;0;5;0;0;0;0
07/03/2016;10:42:00;221;com vítima;182;BR-163/MS;Sul;Tombamento de moto;0;0;0;1;0;0;0;0;0;0;0;1;0;0;0
07/03/2016;22:19:00;392;sem vítima;492,3;BR-163/MS;Sul;Atropelamento - Pedestre;1;0;0;0;0;0;0;0;0;0;1;0;0;0;0
08/03/2016;22:56:00;378;com vítima;78,501;BR-163/MS;Norte;Colisão lateral no sentido contrário;0;1;0;1;0;0;0;0;0;0;0;2;0;0;0
08/03/2016;11:50:00;208;com vítima;471;BR-163/MS;Sul;Tombamento de moto;0;0;0;1;0;0;0;0;0;0;0;1;0;0;0
08/03/2016;06:36:00;52;sem vítima;600;BR-163/MS;Norte;Atropelamento - Animal;1;0;0;0;0;0;0;0;0;0;1;0;0;0;0
09/03/2016;00:57:00;11;com vítima;260,385;BR-163/MS;Sul;Tombamento de moto;0;0;0;1;0;0;0;0;0;0;0;1;0;1;0
09/03/2016;06:17:00;42;com vítima;495;BR-163/MS;Norte;Tombamento de moto;0;0;0;1;0;0;0;0;0;0;0;1;0;0;0
09/03/2016;04:12:00;25;com vítima;511;BR-163/MS;Norte;Capotamento;1;0;0;0;0;0;0;0;0;0;0;2;0;0;0
09/03/2016;03:08:00;18;com vítima;572;BR-163/MS;Norte;Atropelamento - Animal;1;0;0;0;0;0;0;0;0;0;3;1;0;0;0
10/03/2016;09:24:00;199;sem vítima;603;BR-163/MS;Norte;Colisão com veículos (traseira);0;0;2;0;0;0;0;0;0;0;2;0;0;0;0
11/03/2016;13:01:00;242;sem vítima;12,8;BR-163/MS;Norte;Colisão com veículos (traseira);1;0;1;0;0;0;0;0;0;0;6;0;0;0;0
11/03/2016;18:58:00;373;com vítima;168,495;BR-163/MS;Sul;Colisão com veículos (frontal);1;0;0;1;0;0;0;0;0;0;1;2;1;0;1
11/03/2016;06:13:00;77;sem vítima;475;BR-163/MS;Norte;Colisão lateral no sentido contrário;0;0;1;0;0;0;0;0;0;1;2;0;0;0;0
11/03/2016;00:53:00;6;sem vítima;529,3;BR-163/MS;Norte;Tombamento;0;0;1;0;0;0;0;0;0;0;1;0;0;0;0
11/03/2016;11:15:00;214;com vítima;614;BR-163/MS;Norte;Tombamento de moto;1;0;0;1;0;0;0;0;0;0;2;1;0;0;0
11/03/2016;20:04:00;390;sem vítima;728;BR-163/MS;Sul;Colisão com veículos (traseira);1;0;0;0;0;0;0;0;0;1;2;0;0;0;0
12/03/2016;14:22:00;223;com vítima;5;BR-163/MS;Norte;Colisão com veículos (traseira);1;0;0;0;0;0;0;0;0;1;2;2;0;1;0
12/03/2016;12:23:00;194;sem vítima;6;BR-163/MS;Norte;Colisão com veículos (traseira);2;0;0;0;0;0;0;0;0;0;4;0;0;0;0
12/03/2016;14:08:00;219;sem vítima;270;BR-163/MS;Sul;Colisão com veículos (traseira);2;0;0;0;0;0;0;0;0;0;3;0;0;0;0
12/03/2016;21:02:00;320;sem vítima;452;BR-163/MS;Norte;Colisão lateral no mesmo sentido;0;0;2;0;0;0;0;0;0;0;2;0;0;0;0
12/03/2016;16:17:00;264;sem vítima;485;BR-163/MS;Norte;Colisão com veículos (traseira);2;0;0;0;0;0;0;0;0;0;4;0;0;0;0
12/03/2016;05:46:00;39;com vítima;514;BR-163/MS;Norte;Tombamento de moto;0;0;0;1;0;0;0;0;0;0;0;1;0;0;0
12/03/2016;00:46:00;5;sem vítima;530;BR-163/MS;Sul;Atropelamento - Animal;1;0;0;0;0;0;0;0;0;0;1;0;0;0;0
13/03/2016;05:06:00;40;sem vítima;18,9;BR-163/MS;Norte;Colisão c/ obstáculos;1;0;0;0;0;0;0;0;0;0;1;0;0;0;0
13/03/2016;02:38:00;21;sem vítima;104;BR-163/MS;Norte;Colisão c/ obstáculos;0;0;0;0;0;0;0;0;0;1;2;0;0;0;0
13/03/2016;10:56:00;177;sem vítima;208,7;BR-163/MS;Norte;Colisão lateral no sentido contrário;1;0;0;0;0;0;0;0;0;1;7;0;0;0;0
13/03/2016;10:43:00;169;sem vítima;255;BR-163/MS;Norte;Colisão c/ obstáculos;0;0;0;0;0;0;0;0;0;1;1;0;0;0;0
13/03/2016;16:39:00;262;com vítima;261;BR-163/MS;Sul;Tombamento de moto;0;0;0;1;0;0;0;0;0;0;0;2;0;0;0
13/03/2016;19:13:00;305;sem vítima;549;BR-163/MS;Norte;Atropelamento - Animal;1;0;0;0;0;0;0;0;0;0;2;0;0;0;0
14/03/2016;23:13:00;469;sem vítima;77,5;BR-163/MS;Norte;Colisão c/ obstáculos;1;0;0;0;0;0;0;0;0;0;1;0;0;0;0
14/03/2016;12:59:00;308;com vítima;351,8;BR-163/MS;Norte;Capotamento;1;0;0;0;0;0;0;0;0;0;0;1;0;0;0
14/03/2016;16:27:00;374;sem vítima;600;BR-163/MS;Sul;Tombamento;0;0;1;0;0;0;0;0;0;0;1;0;0;0;0
14/03/2016;21:28:00;447;sem vítima;669;BR-163/MS;Norte;Atropelamento - Animal;1;0;0;0;0;0;0;0;0;0;2;0;0;0;0
15/03/2016;19:00:00;336;com vítima;269,16;BR-163/MS;Norte;Colisão com veículos (traseira);0;1;0;2;0;0;0;0;0;0;0;1;3;0;0
15/03/2016;09:10:00;153;com vítima;665;BR-163/MS;Norte;Tombamento;0;0;2;0;0;0;0;0;0;0;1;1;0;0;0
15/03/2016;21:14:00;371;sem vítima;750,6;BR-163/MS;Norte;Atropelamento - Animal;1;0;0;0;0;0;0;0;0;0;3;0;0;0;0
16/03/2016;06:19:00;44;sem vítima;302;BR-163/MS;Sul;Colisão c/ obstáculos;0;0;0;0;0;0;0;0;0;1;2;0;0;0;0
16/03/2016;22:50:00;394;sem vítima;348,256;BR-163/MS;Sul;Saídas de pista;1;0;0;0;0;0;0;0;0;0;1;0;0;0;0
16/03/2016;22:04:00;385;sem vítima;443;BR-163/MS;Sul;Atropelamento - Animal;1;0;0;0;0;0;0;0;0;0;1;0;0;0;0
16/03/2016;06:28:00;48;sem vítima;588;BR-163/MS;Norte;Colisão c/ obstáculos;0;0;1;0;1;0;0;0;0;0;2;0;0;0;0
16/03/2016;18:56:00;341;com vítima;628,5;BR-163/MS;Sul;Colisão lateral no sentido contrário;1;0;0;1;0;0;0;0;0;0;0;1;0;1;0
17/03/2016;21:17:00;413;com vítima;31;BR-163/MS;Sul;Tombamento;0;0;1;0;0;0;0;0;0;0;0;1;0;0;0
17/03/2016;00:58:00;10;com vítima;91,158;BR-163/MS;Sul;Capotamento;1;0;0;0;0;0;0;0;0;0;0;1;0;0;0
17/03/2016;22:44:00;428;sem vítima;259;BR-163/MS;Norte;Saídas de pista;1;0;0;0;0;0;0;0;0;0;1;0;0;0;0
17/03/2016;18:17:00;355;com vítima;270;BR-163/MS;Sul;Tombamento de moto;0;0;0;1;0;0;0;0;0;0;0;1;0;0;0
17/03/2016;21:42:00;418;com vítima;329,6;BR-163/MS;Norte;Colisão com veículos (traseira);1;0;1;0;0;0;0;0;0;0;1;1;0;0;0
18/03/2016;08:20:00;134;sem vítima;87;BR-163/MS;Norte;Colisão com veículos (traseira);0;0;1;0;0;0;0;0;0;1;2;0;0;0;0
18/03/2016;19:33:00;387;com vítima;172;BR-163/MS;Norte;Colisão lateral no mesmo sentido;1;0;0;1;0;0;0;0;0;0;1;1;0;0;0
18/03/2016;16:51:00;339;com vítima;488;BR-163/MS;Norte;Saídas de pista;1;0;0;0;0;0;0;0;0;0;0;0;1;0;0
18/03/2016;06:26:00;55;sem vítima;530;BR-163/MS;Norte;Colisão c/ obstáculos;1;0;0;0;0;0;0;0;0;0;3;0;0;0;0
18/03/2016;04:39:00;38;sem vítima;571,4;BR-163/MS;Norte;Atropelamento - Animal;1;0;1;0;0;0;0;0;0;0;3;0;0;0;0
18/03/2016;19:21:00;383;com vítima;735,2;BR-163/MS;Norte;Atropelamento - Animal;1;0;0;0;0;0;0;0;0;0;0;1;0;0;0
19/03/2016;11:23:00;184;com vítima;545;BR-163/MS;Sul;Tombamento;0;0;1;0;0;0;0;0;0;0;0;1;0;0;0