data;horario;n_da_ocorrencia;tipo_de_ocorrencia;km;trecho;sentido;tipo_de_acidente;automovel;bicicleta;caminhao;moto;onibus;outros;tracao_animal;transporte_de_cargas_especiais;trator_maquinas;utilitarios;ilesos;levemente_feridos;moderadamente_feridos;gravemente_feridos;mortos
19/03/2016;13:28:00;209;com vítima;611;BR-163/MS;Norte;Tombamento;0;0;0;1;0;0;0;0;0;0;0;1;0;0;0
20/03/2016;14:52:00;197;com vítima;18;BR-163/MS;Norte;Colisão lateral no sentido contrário;0;0;1;1;0;0;0;0;0;0;1;0;0;1;0
20/03/2016;01:06:00;10;com vítima;99,535;BR-163/MS;Norte;Saídas de pista;1;0;0;0;0;0;0;0;0;0;3;1;0;0;0
20/03/2016;18:59:00;284;com vítima;258,492;BR-163/MS;Norte;Colisão com veículos (frontal);0;1;0;1;0;0;0;0;0;0;1;1;0;0;0
20/03/2016;03:18:00;18;com vítima;421,89;BR-163/MS;Sul;Atropelamento - Pedestre;0;0;0;0;0;1;0;0;0;0;1;0;0;1;0
20/03/2016;20:17:00;307;sem vítima;755,36;BR-163/MS;Sul;Atropelamento - Animal;1;0;0;0;0;0;0;0;0;0;1;0;0;0;0
20/03/2016;11:53:00;156;com vítima;807,5;BR-163/MS;Norte;Capotamento;0;0;1;0;0;0;0;0;0;0;1;1;0;0;0
21/03/2016;01:55:00;14;com vítima;55,294;BR-163/MS;Norte;Colisão lateral no mesmo sentido;1;0;1;0;0;0;0;0;0;0;1;2;1;0;0
21/03/2016;19:54:00;386;com vítima;465;BR-163/MS;Sul;Tombamento de moto;0;0;0;1;0;0;0;0;0;1;1;1;0;0;0
21/03/2016;17:44:00;356;com vítima;572;BR-163/MS;Norte;Capotamento;1;0;0;0;0;0;0;0;0;0;0;3;1;0;0
21/03/2016;23:44:00;436;com vítima;726;BR-163/MS;Norte;Atropelamento - Animal;0;0;0;1;0;0;0;0;0;0;0;1;0;0;0
22/03/2016;19:07:00;360;com vítima;171;BR-163/MS;Norte;Atropelamento - Animal;1;0;0;0;0;0;0;0;0;1;2;1;0;0;0
22/03/2016;18:11:00;343;sem vítima;283;BR-163/MS;Sul;Colisão com veículos (traseira);1;0;0;0;1;0;0;0;0;0;4;0;0;0;0
22/03/2016;13:56:00;269;com vítima;626,6;BR-163/MS;Norte;Colisão com veículos (traseira);0;0;2;0;0;0;0;0;0;0;3;1;0;0;0
22/03/2016;01:08:00;11;sem vítima;778,9;BR-163/MS;Norte;Colisão c/ obstáculos;1;0;1;0;0;0;0;0;0;0;6;0;0;0;0
23/03/2016;14:06:00;252;sem vítima;60,9;BR-163/MS;Sul;Colisão com veículos (traseira);0;0;2;0;0;0;0;0;0;0;2;0;0;0;0
23/03/2016;16:23:00;288;sem vítima;71;BR-163/MS;Norte;Saídas de pista;1;0;0;0;0;0;0;0;0;0;5;0;0;0;0
23/03/2016;10:59:00;192;sem vítima;466;BR-163/MS;Norte;Tombamento;0;0;1;0;0;0;0;0;0;0;1;0;0;0;0
23/03/2016;09:21:00;158;com vítima;475;BR-163/MS;Sul;Colisão lateral no sentido contrário;0;0;2;0;0;0;0;0;0;0;3;1;0;0;0
23/03/2016;13:53:00;246;com vítima;483;BR-163/MS;Norte;Capotamento;1;0;0;0;0;0;0;0;0;0;0;1;0;0;0
23/03/2016;13:11:00;234;com vítima;567;BR-163/MS;Norte;Colisão lateral no mesmo sentido;1;0;0;0;0;0;0;0;0;1;3;5;0;0;0
24/03/2016;09:57:00;141;sem vítima;3,4;BR-163/MS;Norte;Colisão com veículos (traseira);1;0;0;0;0;0;0;0;0;1;2;0;0;0;0
24/03/2016;03:36:00;21;sem vítima;213;BR-163/MS;Norte;Atropelamento - Animal;1;0;0;0;0;0;0;0;0;0;4;0;0;0;0
24/03/2016;15:42:00;235;sem vítima;242;BR-163/MS;Norte;Saídas de pista;1;0;0;0;0;0;0;0;0;0;1;0;0;0;0
24/03/2016;19:18:00;297;com vítima;271,3;BR-163/MS;Norte;Colisão com veículos (traseira);0;1;0;0;0;1;0;0;0;0;1;0;0;0;1
24/03/2016;18:40:00;288;sem vítima;316;BR-163/MS;Sul;Colisão lateral no mesmo sentido;2;0;0;0;0;0;0;0;0;0;2;0;0;0;0
24/03/2016;23:21:00;341;com vítima;363,25;BR-163/MS;Sul;Saídas de pista;1;0;0;0;0;0;0;0;0;0;0;1;0;0;0
24/03/2016;13:51:00;206;com vítima;499;BR-163/MS;Norte;Colisão com veículos (frontal);2;0;0;0;0;0;0;0;0;0;2;4;0;0;0
25/03/2016;18:37:00;264;sem vítima;124;BR-163/MS;Sul;Atropelamento - Animal;1;0;0;0;0;0;0;0;0;0;1;0;0;0;0
25/03/2016;01:50:00;12;sem vítima;206,235;BR-163/MS;Sul;Tombamento;0;0;1;0;0;0;0;0;0;0;1;0;0;0;0
25/03/2016;22:03:00;310;sem vítima;269,9;BR-163/MS;Norte;Tombamento de moto;0;0;0;1;0;0;0;0;0;0;2;0;0;0;0
25/03/2016;15:17:00;225;com vítima;335,1;BR-163/MS;Norte;Capotamento;1;0;0;0;0;0;0;0;0;0;1;1;0;0;0
25/03/2016;09:32:00;122;sem vítima;365,362;BR-163/MS;Sul;Saídas de pista;1;0;0;0;0;0;0;0;0;0;4;0;0;0;0
25/03/2016;10:47:00;150;sem vítima;397;BR-163/MS;Norte;Saídas de pista;1;0;0;0;0;0;0;0;0;0;1;0;0;0;0
25/03/2016;06:04:00;33;sem vítima;673,5;BR-163/MS;Sul;Tombamento;0;0;1;0;0;1;0;0;0;0;2;0;0;0;0
25/03/2016;18:14:00;256;com vítima;683,4;BR-163/MS;Norte;Capotamento;1;0;0;0;0;0;0;0;0;0;2;2;0;0;0
25/03/2016;08:29:00;95;com vítima;822;BR-163/MS;Sul;Tombamento de moto;0;0;0;1;0;0;0;0;0;0;1;1;0;0;0
26/03/2016;15:16:00;208;sem vítima;172,3;BR-163/MS;Sul;Colisão com veículos (traseira);1;0;1;0;0;0;0;0;0;0;2;0;0;0;0
26/03/2016;07:46:00;72;sem vítima;206,6;BR-163/MS;Sul;Tombamento;0;0;1;0;0;0;0;0;0;0;1;0;0;0;0
26/03/2016;21:44:00;298;com vítima;410,9;BR-163/MS;Norte;Tombamento de moto;0;0;0;1;0;0;0;0;0;0;1;1;0;0;0
26/03/2016;15:17:00;209;com vítima;452;BR-163/MS;Norte;Colisão lateral no mesmo sentido;1;0;1;0;0;0;0;0;0;0;2;1;0;0;0
26/03/2016;19:35:00;274;com vítima;726,4;BR-163/MS;Sul;Colisão com veículos (traseira);0;1;0;1;0;0;0;0;0;0;0;2;0;0;0
27/03/2016;15:38:00;201;sem vítima;38;BR-163/MS;Sul;Colisão com veículos (traseira);2;0;0;0;0;0;0;0;0;0;6;0;0;0;0
27/03/2016;05:38:00;39;com vítima;391,4;BR-163/MS;Sul;Tombamento;0;0;1;0;0;0;0;0;0;0;0;1;0;0;0
27/03/2016;16:41:00;224;com vítima;419;BR-163/MS;Norte;Engavetamento;3;0;0;0;0;0;0;0;0;0;12;1;0;0;0
27/03/2016;19:46:00;272;com vítima;477;BR-163/MS;Sul;Tombamento de moto;0;0;0;1;0;0;0;0;0;0;0;2;0;0;0
27/03/2016;01:26:00;9;com vítima;682,6;BR-163/MS;Norte;Tombamento de moto;0;0;0;1;0;0;0;0;0;0;0;1;0;0;0
27/03/2016;20:50:00;278;sem vítima;703;BR-163/MS;Sul;Atropelamento - Animal;1;0;0;0;0;0;0;0;0;0;1;0;0;0;0
28/03/2016;06:55:00;52;com vítima;80;BR-163/MS;Sul;Capotamento;1;0;0;0;0;0;0;0;0;0;0;0;1;0;0
28/03/2016;13:13:00;201;com vítima;303;BR-163/MS;Sul;Saídas de pista;1;0;0;0;0;0;0;0;0;0;0;3;0;0;0
28/03/2016;05:23:00;28;sem vítima;362,109;BR-163/MS;Sul;Atropelamento - Animal;1;0;0;0;0;0;0;0;0;0;4;0;0;0;0
28/03/2016;05:14:00;25;sem vítima;413,19;BR-163/MS;Sul;Colisão com veículos (traseira);2;0;0;0;0;0;0;0;0;0;4;0;0;0;0
28/03/2016;10:47:00;161;sem vítima;553;BR-163/MS;Norte;Colisão c/ obstáculos;1;0;0;0;0;0;0;0;0;0;1;0;0;0;0
28/03/2016;14:35:00;228;com vítima;581;BR-163/MS;Norte;Capotamento;0;0;0;0;0;0;0;0;0;1;0;1;0;0;0
28/03/2016;09:50:00;143;sem vítima;615;BR-163/MS;Norte;Colisão c/ obstáculos;2;0;0;0;0;0;0;0;0;0;2;0;0;0;0
28/03/2016;07:12:00;63;com vítima;622;BR-163/MS;Sul;Outros;0;0;1;0;0;2;0;0;0;1;3;1;0;0;0
29/03/2016;17:17:00;338;com vítima;267;BR-163/MS;Norte;Colisão lateral no mesmo sentido;1;0;0;1;0;0;0;0;0;0;1;1;0;0;0
29/03/2016;18:06:00;345;sem vítima;800,72;BR-163/MS;Sul;Colisão c/ obstáculos;0;0;0;0;0;0;0;0;0;1;1;0;0;0;0
30/03/2016;17:22:00;359;sem vítima;48;BR-163/MS;Sul;Colisão lateral no mesmo sentido;1;0;0;0;0;1;0;0;0;0;5;0;0;0;0
30/03/2016;04:27:00;48;sem vítima;257;BR-163/MS;Sul;Saídas de pista;1;0;0;0;0;0;0;0;0;0;1;0;0;0;0
30/03/2016;13:08:00;253;sem vítima;275;BR-163/MS;Norte;Saídas de pista;0;0;1;0;0;0;0;0;0;0;1;0;0;0;0
30/03/2016;20:58:00;410;com vítima;421;BR-163/MS;Norte;Atropelamento - Pedestre;0;0;0;0;0;1;0;0;0;0;1;1;0;0;0
30/03/2016;11:41:00;226;sem vítima;576,5;BR-163/MS;Sul;Colisão c/ obstáculos;1;0;1;0;0;0;0;0;0;0;2;0;0;0;0
30/03/2016;16:55:00;349;com vítima;722;BR-163/MS;Norte;Colisão com veículos (traseira);1;0;1;0;0;0;0;0;0;0;2;2;0;0;0
01/04/2016;16:16:00;292;com vítima;206;BR-163/MS;Sul;Tombamento;0;0;1;0;0;0;0;0;0;0;0;1;0;0;0
01/04/2016;18:24:00;329;sem vítima;285,268;BR-163/MS;Norte;Colisão com veículos (traseira);1;0;0;0;0;1;0;0;0;0;2;0;0;0;0
02/04/2016;20:50:00;372;sem vítima;144;BR-163/MS;Sul;Colisão c/ obstáculos;0;0;1;0;0;0;0;0;0;0;1;0;0;0;0
02/04/2016;17:09:00;313;sem vítima;202;BR-163/MS;Norte;Colisão lateral no mesmo sentido;0;0;0;2;0;0;0;0;0;0;2;0;0;0;0
02/04/2016;22:24:00;400;com vítima;235;BR-163/MS;Norte;Tombamento de moto;0;0;0;1;0;0;0;0;0;0;0;1;0;0;0
02/04/2016;18:29:00;330;com vítima;305;BR-163/MS;Sul;Colisão lateral no mesmo sentido;2;0;0;0;0;0;0;0;0;0;0;4;0;0;0
02/04/2016;23:30:00;411;com vítima;358;BR-163/MS;Norte;Tombamento de moto;0;0;0;1;0;0;0;0;0;0;0;1;0;0;0
02/04/2016;09:15:00;140;sem vítima;448;BR-163/MS;Norte;Colisão c/ obstáculos;2;0;0;0;0;0;0;0;0;0;2;0;0;0;0
02/04/2016;21:40:00;387;sem vítima;500;BR-163/MS;Norte;Saídas de pista;1;0;0;0;0;0;0;0;0;0;3;0;0;0;0
02/04/2016;13:21:00;236;sem vítima;661,2;BR-163/MS;Sul;Colisão c/ obstáculos;0;0;0;0;0;0;0;0;0;1;2;0;0;0;0
02/04/2016;04:08:00;27;sem vítima;687,29;BR-163/MS;Norte;Atropelamento - Animal;0;0;1;0;0;0;0;0;0;0;1;0;0;0;0
03/04/2016;00:36:00;9;com vítima;255;BR-163/MS;Sul;Tombamento de moto;0;0;0;1;0;0;0;0;0;0;0;1;0;0;0
03/04/2016;14:33:00;284;sem vítima;304;BR-163/MS;Norte;Colisão lateral no mesmo sentido;1;0;0;1;0;0;0;0;0;0;4;0;0;0;0
03/04/2016;20:59:00;400;sem vítima;478;BR-163/MS;Sul;Tombamento;0;0;1;0;0;0;0;0;0;0;1;0;0;0;0
04/04/2016;15:35:00;299;sem vítima;103,74;BR-163/MS;Sul;Tombamento;0;0;1;0;0;0;0;0;0;0;1;0;0;0;0
04/04/2016;12:44:00;241;com vítima;258,4;BR-163/MS;Sul;Tombamento de moto;0;0;0;1;0;0;0;0;0;0;0;1;0;0;1
04/04/2016;23:02:00;418;sem vítima;285,29;BR-163/MS;Norte;Atropelamento - Animal;1;0;0;0;0;0;0;0;0;0;1;0;0;0;0
04/04/2016;22:13:00;409;sem vítima;443,67;BR-163/MS;Norte;Atropelamento - Animal;0;0;0;0;1;0;0;0;0;0;1;0;0;0;0
04/04/2016;05:57:00;55;com vítima;563;BR-163/MS;Sul;Tombamento de moto;0;0;0;1;0;0;0;0;0;0;0;2;0;0;0
05/04/2016;00:49:00;8;sem vítima;5,278;BR-163/MS;Sul;Colisão com veículos (traseira);1;0;0;0;0;0;0;0;0;1;3;0;0;0;0
05/04/2016;16:21:00;253;com vítima;316;BR-163/MS;Sul;Tombamento;0;0;1;0;0;0;0;0;0;0;0;1;0;0;0
05/04/2016;08:16:00;105;sem vítima;474;BR-163/MS;Norte;Colisão com veículos (traseira);0;0;2;0;0;1;0;0;0;0;3;0;0;0;0
05/04/2016;14:13:00;217;com vítima;642,8;BR-163/MS;Norte;Tombamento de moto;0;0;0;1;0;0;0;0;0;0;0;2;0;0;0
06/04/2016;20:52:00;387;sem vítima;330,6;BR-163/MS;Norte;Atropelamento - Animal;1;0;0;0;0;0;0;0;0;0;2;0;0;0;0
06/04/2016;16:44:00;310;com vítima;356;BR-163/MS;Norte;Tombamento de moto;0;0;1;1;0;0;0;0;0;0;1;1;0;0;0
06/04/2016;18:38:00;347;com vítima;476;BR-163/MS;Sul;Tombamento;0;0;1;0;0;0;0;0;0;0;0;1;0;0;0
06/04/2016;08:37:00;126;sem vítima;528;BR-163/MS;Sul;Saídas de pista;0;0;1;0;0;0;0;0;0;0;1;0;0;0;0
08/04/2016;01:35:00;19;sem vítima;24;BR-163/MS;Norte;Atropelamento - Animal;0;0;0;0;1;0;0;0;0;0;1;0;0;0;0
08/04/2016;22:01:00;425;sem vítima;39;BR-163/MS;Norte;Colisão lateral no mesmo sentido;1;0;0;1;0;0;0;0;0;0;2;0;0;0;0
08/04/2016;22:52:00;436;com vítima;124,55;BR-163/MS;Norte;Colisão c/ obstáculos;0;0;0;1;0;0;0;0;0;0;0;1;0;1;0
08/04/2016;22:10:00;428;com vítima;256;BR-163/MS;Norte;Colisão com veículos (traseira);0;0;0;1;0;0;0;0;0;1;2;1;0;0;0
08/04/2016;11:06:00;218;sem vítima;265;BR-163/MS;Sul;Colisão c/ obstáculos;0;0;0;0;0;0;0;0;0;1;2;0;0;0;0
08/04/2016;22:58:00;438;sem vítima;393,783;BR-163/MS;Sul;Atropelamento - Animal;1;0;0;0;0;0;0;0;0;0;2;0;0;0;0
08/04/2016;22:37:00;434;com vítima;547,5;BR-163/MS;Sul;Colisão lateral no sentido contrário;1;0;1;0;0;0;0;0;0;0;1;0;0;0;1
09/04/2016;14:34:00;223;com vítima;86;BR-163/MS;Sul;Tombamento de moto;0;0;0;1;0;0;0;0;0;0;0;2;0;0;0
09/04/2016;09:34:00;135;sem vítima;137;BR-163/MS;Sul;Saídas de pista;1;0;0;0;0;0;0;0;0;0;1;0;0;0;0
09/04/2016;12:45:00;190;com vítima;456;BR-163/MS;Norte;Colisão com veículos (traseira);0;0;0;1;0;1;0;0;0;0;1;2;0;0;0
09/04/2016;15:10:00;234;sem vítima;476;BR-163/MS;Sul;Tombamento de moto;0;0;0;1;0;0;0;0;0;0;2;0;0;0;0
09/04/2016;00:09:00;1;com vítima;682;BR-163/MS;Norte;Tombamento de moto;0;0;0;1;0;0;0;0;0;0;0;1;0;0;0
10/04/2016;15:35:00;234;com vítima;0;BR-163/MS;Sul;Colisão c/ obstáculos;0;0;0;0;0;0;0;0;0;1;0;1;0;0;0
10/04/2016;09:14:00;133;com vítima;103,8;BR-163/MS;Sul;Tombamento;0;0;1;0;0;0;0;0;0;0;0;0;1;0;0
10/04/2016;05:06:00;48;sem vítima;171,8;BR-163/MS;Norte;Colisão com veículos (traseira);1;0;0;0;0;1;0;0;0;0;2;0;0;0;0
10/04/2016;00:17:00;4;sem vítima;258;BR-163/MS;Norte;Colisão c/ obstáculos;1;0;0;0;0;0;0;0;0;0;1;0;0;0;0
10/04/2016;03:40:00;38;sem vítima;281;BR-163/MS;Sul;Atropelamento - Animal;1;0;0;0;0;0;0;0;0;0;1;0;0;0;0
10/04/2016;02:12:00;27;com vítima;844,539;BR-163/MS;Norte;Colisão com veículos (frontal);0;0;1;1;0;0;0;0;0;0;1;0;0;1;0
11/04/2016;08:55:00;142;com vítima;25;BR-163/MS;Sul;Capotamento;1;0;0;0;0;0;0;0;0;0;0;1;0;0;0
11/04/2016;19:12:00;357;com vítima;99;BR-163/MS;Sul;Colisão com veículos (traseira);0;0;1;0;0;0;0;0;0;1;2;2;0;0;0
11/04/2016;02:15:00;25;sem vítima;468;BR-163/MS;Norte;Atropelamento - Animal;1;0;0;0;0;0;0;0;0;0;5;0;0;0;0
11/04/2016;06:06:00;63;com vítima;533;BR-163/MS;Norte;Colisão c/ obstáculos;1;0;1;0;0;0;0;0;0;0;5;0;1;0;0
12/04/2016;14:00:00;206;com vítima;309;BR-163/MS;Norte;Capotamento;1;0;0;0;0;0;0;0;0;0;1;2;1;0;0
12/04/2016;17:43:00;284;sem vítima;523;BR-163/MS;Norte;Colisão com veículos (traseira);0;0;2;0;0;0;0;0;0;0;2;0;0;0;0
12/04/2016;06:44:00;47;com vítima;742;BR-163/MS;Norte;Colisão c/ obstáculos;0;0;1;0;0;2;0;0;0;0;2;1;0;0;0
13/04/2016;08:23:00;101;sem vítima;30;BR-163/MS;Sul;Colisão lateral no mesmo sentido;0;0;1;0;0;0;0;0;0;1;3;0;0;0;0
13/04/2016;07:39:00;82;com vítima;240;BR-163/MS;Norte;Colisão lateral no sentido contrário;0;0;1;1;0;0;0;0;0;0;1;0;0;1;0
13/04/2016;03:58:00;19;sem vítima;316,75;BR-163/MS;Sul;Colisão c/ obstáculos;0;0;0;0;0;0;0;0;0;1;3;0;0;0;0
13/04/2016;03:06:00;14;sem vítima;784;BR-163/MS;Norte;Saídas de pista;1;0;0;0;0;0;0;0;0;0;1;0;0;0;0
14/04/2016;10:30:00;196;sem vítima;331;BR-163/MS;Norte;Colisão com veículos (traseira);0;0;1;0;0;0;0;0;0;1;4;0;0;0;0
14/04/2016;19:10:00;396;com vítima;477,5;BR-163/MS;Norte;Colisão lateral no sentido contrário;1;0;0;1;0;0;0;0;0;0;3;1;0;0;0
14/04/2016;05:24:00;32;com vítima;609;BR-163/MS;Sul;Capotamento;1;0;0;0;0;0;0;0;0;0;0;3;1;0;0
15/04/2016;18:29:00;365;sem vítima;6;BR-163/MS;Sul;Saídas de pista;1;0;0;0;0;0;0;0;0;0;1;0;0;0;0
15/04/2016;23:06:00;429;sem vítima;66;BR-163/MS;Norte;Colisão lateral no sentido contrário;1;0;1;0;0;0;0;0;0;0;2;0;0;0;0
15/04/2016;17:51:00;357;com vítima;176;BR-163/MS;Sul;Tombamento de moto;0;0;0;1;0;0;0;0;0;0;0;1;0;0;0
15/04/2016;14:59:00;279;sem vítima;215;BR-163/MS;Norte;Colisão c/ obstáculos;1;0;0;0;0;0;0;0;0;0;2;0;0;0;0
15/04/2016;17:02:00;333;sem vítima;268;BR-163/MS;Norte;Colisão lateral no mesmo sentido;0;0;1;0;0;0;0;0;0;1;3;0;0;0;0
15/04/2016;18:55:00;367;com vítima;268;BR-163/MS;Norte;Colisão com veículos (traseira);1;1;0;0;0;0;0;0;0;0;1;1;0;0;0
15/04/2016;05:47:00;46;sem vítima;315;BR-163/MS;Sul;Saídas de pista;1;0;0;0;0;0;0;0;0;0;1;0;0;0;0
15/04/2016;05:58:00;49;com vítima;316;BR-163/MS;Norte;Colisão c/ obstáculos;1;0;0;0;0;0;0;0;0;0;4;1;0;0;0
15/04/2016;18:13:00;361;com vítima;509,5;BR-163/MS;Sul;Colisão lateral no sentido contrário;2;0;0;0;0;0;0;0;0;0;7;1;0;0;0
15/04/2016;08:08:00;118;com vítima;700,4;BR-163/MS;Norte;Tombamento;0;0;1;0;0;0;0;0;0;0;0;1;0;0;0
15/04/2016;13:56:00;260;com vítima;730;BR-163/MS;Norte;Colisão lateral no mesmo sentido;1;0;0;1;0;0;0;0;0;0;4;1;0;0;0
15/04/2016;14:00:00;262;sem vítima;730;BR-163/MS;Norte;Saídas de pista;0;0;0;1;0;0;0;0;0;0;1;0;0;0;0
16/04/2016;21:46:00;396;sem vítima;77;BR-163/MS;Sul;Colisão lateral no mesmo sentido;1;0;0;1;0;0;0;0;0;0;2;0;0;0;0
16/04/2016;12:20:00;233;com vítima;258;BR-163/MS;Norte;Colisão lateral no sentido contrário;0;1;1;0;0;1;0;0;0;0;2;0;1;0;0
16/04/2016;20:00:00;373;sem vítima;364;BR-163/MS;Norte;Atropelamento - Animal;1;0;0;0;0;0;0;0;0;0;2;0;0;0;0
16/04/2016;16:01:00;309;com vítima;419;BR-163/MS;Sul;Colisão lateral no mesmo sentido;0;0;0;2;0;0;0;0;0;0;0;1;2;1;0
17/04/2016;14:01:00;213;com vítima;11;BR-163/MS;Sul;Tombamento de moto;0;0;0;1;0;0;0;0;0;0;0;2;0;0;0
17/04/2016;00:15:00;1;sem vítima;64,762;BR-163/MS;Norte;Saídas de pista;1;0;0;0;0;0;0;0;0;0;1;0;0;0;0
17/04/2016;22:50:00;331;com vítima;315,937;BR-163/MS;Norte;Colisão c/ obstáculos;1;0;0;0;0;0;0;0;0;0;0;1;0;0;0
17/04/2016;14:03:00;215;com vítima;462;BR-163/MS;Norte;Colisão lateral no sentido contrário;1;0;1;0;0;0;0;0;0;0;1;0;1;0;0
17/04/2016;16:20:00;240;com vítima;480;BR-163/MS;Norte;Tombamento de moto;1;0;0;1;0;0;0;0;0;0;2;0;0;0;2
17/04/2016;14:39:00;220;com vítima;539;BR-163/MS;Norte;Colisão lateral no mesmo sentido;2;0;0;0;0;0;0;0;0;0;1;3;1;0;0
17/04/2016;04:46:00;51;com vítima;649,85;BR-163/MS;Norte;Tombamento de moto;0;0;0;1;0;0;0;0;0;0;0;1;0;0;0
17/04/2016;00:30:00;3;sem vítima;694,15;BR-163/MS;Sul;Atropelamento - Animal;0;0;1;0;0;0;0;0;0;0;1;0;0;0;0
18/04/2016;07:16:00;73;sem vítima;325;BR-163/MS;Norte;Colisão com veículos (traseira);0;0;0;0;0;0;0;0;0;2;2;0;0;0;0
18/04/2016;13:44:00;245;sem vítima;562;BR-163/MS;Norte;Colisão com veículos (traseira);1;0;0;0;0;0;0;0;0;1;5;0;0;0;0
18/04/2016;19:15:00;354;sem vítima;615;BR-163/MS;Norte;Colisão com veículos (traseira);2;0;0;0;0;0;0;0;0;0;3;0;0;0;0
18/04/2016;00:39:00;2;sem vítima;618,6;BR-163/MS;Norte;Saídas de pista;1;0;0;0;0;0;0;0;0;0;1;0;0;0;0
19/04/2016;19:43:00;404;sem vítima;29,5;BR-163/MS;Sul;Capotamento;1;0;0;0;0;0;0;0;0;0;3;0;0;0;0
19/04/2016;18:43:00;384;com vítima;258;BR-163/MS;Sul;Colisão lateral no sentido contrário;1;0;0;1;0;0;0;0;0;0;1;1;0;0;0
19/04/2016;20:06:00;415;sem vítima;313;BR-163/MS;Sul;Colisão lateral no mesmo sentido;0;0;2;0;0;0;0;0;0;0;2;0;0;0;0
19/04/2016;10:28:00;193;sem vítima;575;BR-163/MS;Norte;Saídas de pista;0;0;1;0;1;0;0;0;0;0;36;0;0;0;0
19/04/2016;17:47:00;365;com vítima;759;BR-163/MS;Norte;Capotamento;1;0;0;0;0;0;0;0;0;0;0;1;0;0;0
20/04/2016;18:03:00;317;com vítima;184,58;BR-163/MS;Norte;Colisão lateral no sentido contrário;1;0;1;0;0;0;0;0;0;0;2;1;1;0;0
20/04/2016;08:45:00;140;com vítima;213;BR-163/MS;Norte;Tombamento de moto;0;0;0;1;0;0;0;0;0;0;0;2;0;0;0
20/04/2016;22:22:00;377;com vítima;265,1;BR-163/MS;Sul;Colisão com veículos (traseira);1;0;0;1;0;0;0;0;0;0;1;1;0;0;0
21/04/2016;06:33:00;61;com vítima;36,5;BR-163/MS;Norte;Colisão c/ obstáculos;1;0;0;0;0;0;0;0;0;0;0;1;0;0;0
21/04/2016;17:02:00;268;com vítima;86,1;BR-163/MS;Norte;Tombamento de moto;0;0;0;1;0;0;0;0;0;0;0;0;1;0;0
21/04/2016;13:58:00;199;com vítima;126;BR-163/MS;Sul;Colisão c/ obstáculos;0;0;0;1;0;0;0;0;0;0;0;0;1;1;0
21/04/2016;21:39:00;335;com vítima;407,1;BR-163/MS;Sul;Tombamento;0;0;1;0;0;1;0;0;0;0;1;1;0;0;0
21/04/2016;10:16:00;139;com vítima;720;BR-163/MS;Norte;Saídas de pista;0;0;0;0;0;0;0;0;0;1;0;2;0;0;0
21/04/2016;18:01:00;292;com vítima;778;BR-163/MS;Norte;Colisão c/ obstáculos;1;0;0;0;0;1;0;0;0;0;1;2;0;0;0
21/04/2016;22:05:00;340;sem vítima;834,877;BR-163/MS;Norte;Atropelamento - Animal;1;0;0;0;0;0;0;0;0;0;2;0;0;0;0
22/04/2016;08:25:00;143;sem vítima;365;BR-163/MS;Sul;Tombamento de moto;0;0;0;1;0;0;0;0;0;1;2;0;0;0;0
22/04/2016;19:54:00;412;com vítima;488;BR-163/MS;Norte;Tombamento de moto;0;0;0;1;0;0;0;0;0;0;0;1;1;0;0
23/04/2016;05:55:00;77;com vítima;314;BR-163/MS;Sul;Tombamento de moto;0;0;0;1;0;0;0;0;0;0;0;1;0;0;0
23/04/2016;05:04:00;68;com vítima;432;BR-163/MS;Norte;Tombamento de moto;0;0;0;1;0;0;0;0;0;0;1;0;0;1;0
23/04/2016;21:23:00;439;com vítima;494,496;BR-163/MS;Norte;Tombamento de moto;0;0;0;1;0;0;0;0;0;0;0;1;0;0;0
23/04/2016;19:12:00;409;com vítima;693,2;BR-163/MS;Sul;Saídas de pista;0;0;1;0;0;1;0;0;0;0;1;1;0;0;0
23/04/2016;01:48:00;21;sem vítima;818;BR-163/MS;Norte;Atropelamento - Animal;1;0;0;0;0;0;0;0;0;0;3;0;0;0;0
24/04/2016;22:11:00;399;sem vítima;261,845;BR-163/MS;Norte;Atropelamento - Animal;1;0;0;0;0;0;0;0;0;0;1;0;0;0;0
24/04/2016;20:51:00;389;com vítima;334;BR-163/MS;Sul;Tombamento de moto;0;0;0;1;0;0;0;0;0;0;0;2;0;0;0
25/04/2016;14:56:00;252;com vítima;91;BR-163/MS;Norte;Colisão c/ obstáculos;1;0;0;0;0;0;0;0;0;0;1;1;0;0;0
25/04/2016;17:47:00;296;com vítima;589,415;BR-163/MS;Sul;Tombamento;0;0;1;0;0;1;0;0;0;0;1;1;0;0;0
26/04/2016;17:44:00;266;com vítima;252;BR-163/MS;Norte;Colisão com veículos (traseira);0;0;0;2;0;0;0;0;0;0;0;2;0;0;0
26/04/2016;18:00:00;270;com vítima;476;BR-163/MS;Norte;Colisão lateral no sentido contrário;1;0;1;0;0;0;0;0;0;0;1;1;0;0;0
26/04/2016;02:33:00;25;sem vítima;603,424;BR-163/MS;Sul;Atropelamento - Animal;1;0;0;0;0;0;0;0;0;0;1;0;0;0;0
26/04/2016;06:46:00;71;sem vítima;673,5;BR-163/MS;Sul;Tombamento;0;0;0;0;0;0;0;0;0;1;2;0;0;0;0
26/04/2016;20:00:00;302;com vítima;679,9;BR-163/MS;Norte;Colisão com veículos (traseira);0;0;2;0;0;0;0;0;0;0;2;1;0;0;0
26/04/2016;20:29:00;313;sem vítima;808;BR-163/MS;Sul;Atropelamento - Animal;0;0;1;0;0;0;0;0;0;0;2;0;0;0;0
27/04/2016;07:53:00;105;sem vítima;19;BR-163/MS;Norte;Colisão lateral no mesmo sentido;0;0;0;1;0;0;0;0;0;1;2;0;0;0;0