data;horario;n_da_ocorrencia;tipo_de_ocorrencia;km;trecho;sentido;tipo_de_acidente;automovel;bicicleta;caminhao;moto;onibus;outros;tracao_animal;transporte_de_cargas_especiais;trator_maquinas;utilitarios;ilesos;levemente_feridos;moderadamente_feridos;gravemente_feridos;mortos
27/04/2016;06:56:00;70;sem vítima;320;BR-163/MS;Sul;Saídas de pista;0;0;0;0;1;0;0;0;0;0;6;0;0;0;0
27/04/2016;09:51:00;190;com vítima;474;BR-163/MS;Norte;Colisão com veículos (traseira);1;0;0;0;0;0;0;0;0;1;7;1;0;0;0
27/04/2016;17:40:00;367;com vítima;482;BR-163/MS;Norte;Capotamento;0;0;0;0;0;0;0;0;0;1;1;4;1;0;0
27/04/2016;00:50:00;6;sem vítima;690,5;BR-163/MS;Sul;Colisão com veículos (traseira);2;0;0;0;0;0;0;0;0;0;2;0;0;0;0
28/04/2016;05:11:00;41;sem vítima;0,3;BR-163/MS;Sul;Tombamento;0;0;1;0;0;0;0;0;0;0;1;0;0;0;0
28/04/2016;13:06:00;219;sem vítima;18;BR-163/MS;Sul;Colisão lateral no mesmo sentido;1;0;1;0;0;0;0;0;0;0;2;0;0;0;0
28/04/2016;00:09:00;2;com vítima;476,98;BR-163/MS;Sul;Colisão com veículos (frontal);1;0;1;0;0;0;0;0;0;0;1;0;0;0;1
28/04/2016;13:54:00;240;com vítima;496;BR-163/MS;Norte;Colisão com veículos (traseira);1;0;0;0;0;0;0;0;0;2;5;2;0;0;0
28/04/2016;05:58:00;45;sem vítima;818;BR-163/MS;Sul;Colisão com veículos (traseira);2;0;0;0;0;0;0;0;0;0;6;0;0;0;0
29/04/2016;18:26:00;334;com vítima;411,6;BR-163/MS;Sul;Colisão com veículos (frontal);1;0;0;0;0;0;0;0;0;1;0;0;0;0;3
29/04/2016;14:08:00;235;sem vítima;416,8;BR-163/MS;Norte;Colisão com veículos (traseira);0;0;2;0;0;0;0;0;0;0;2;0;0;0;0
29/04/2016;20:34:00;351;com vítima;484,394;BR-163/MS;Norte;Colisão lateral no sentido contrário;0;0;0;1;0;1;0;0;0;0;1;0;0;1;0
29/04/2016;20:05:00;345;sem vítima;569,9;BR-163/MS;Norte;Atropelamento - Animal;0;0;1;0;0;0;0;0;0;0;1;0;0;0;0
30/04/2016;04:06:00;29;sem vítima;316,77;BR-163/MS;Sul;Colisão c/ obstáculos;1;0;0;0;0;0;0;0;0;0;1;0;0;0;0
30/04/2016;00:59:00;7;sem vítima;641,217;BR-163/MS;Sul;Atropelamento - Animal;1;0;0;0;0;0;0;0;0;0;1;0;0;0;0
01/05/2016;17:37:00;353;com vítima;246,248;BR-163/MS;Norte;Colisão lateral no mesmo sentido;1;0;1;0;0;0;0;0;0;0;3;0;1;0;0
01/05/2016;16:09:00;324;sem vítima;313;BR-163/MS;Norte;Colisão com veículos (traseira);1;0;1;0;0;0;0;0;0;0;4;0;0;0;0
01/05/2016;17:07:00;346;com vítima;316,5;BR-163/MS;Norte;Tombamento de moto;0;0;0;1;0;0;0;0;0;0;0;0;1;0;0
01/05/2016;12:36:00;239;sem vítima;473,13;BR-163/MS;Norte;Saídas de pista;1;0;0;0;0;0;0;0;0;0;2;0;0;0;0
01/05/2016;20:52:00;397;com vítima;731,6;BR-163/MS;Norte;Colisão com veículos (traseira);0;0;1;1;0;0;0;0;0;0;1;1;0;0;0
02/05/2016;07:17:00;128;com vítima;365,5;BR-163/MS;Norte;Colisão c/ obstáculos;1;0;0;0;0;0;0;0;0;1;3;1;0;0;0
03/05/2016;15:55:00;309;com vítima;262;BR-163/MS;Sul;Tombamento de moto;0;0;0;1;0;0;0;0;0;0;0;2;0;0;0
03/05/2016;18:13:00;353;com vítima;423;BR-163/MS;Norte;Colisão lateral no sentido contrário;1;0;0;0;0;0;0;0;0;1;0;1;1;0;0
04/05/2016;02:45:00;19;com vítima;131,527;BR-163/MS;Sul;Capotamento;1;0;0;0;0;0;0;0;0;0;0;3;0;0;0
04/05/2016;19:49:00;414;sem vítima;332;BR-163/MS;Norte;Colisão lateral no sentido contrário;1;0;0;0;0;0;0;0;0;1;3;0;0;0;0
04/05/2016;18:55:00;391;com vítima;478;BR-163/MS;Norte;Colisão com veículos (traseira);0;0;1;0;0;0;0;0;0;1;1;2;0;0;0
04/05/2016;14:28:00;314;com vítima;479;BR-163/MS;Norte;Saídas de pista;1;0;0;0;0;0;0;0;0;0;2;2;0;0;0
04/05/2016;19:55:00;417;com vítima;489;BR-163/MS;Sul;Colisão lateral no sentido contrário;1;0;1;0;0;0;0;0;0;0;1;1;0;0;0
05/05/2016;22:37:00;463;sem vítima;256;BR-163/MS;Sul;Saídas de pista;1;0;0;0;0;0;0;0;0;0;1;0;0;0;0
05/05/2016;08:10:00;150;com vítima;258;BR-163/MS;Norte;Atropelamento - Pedestre;1;0;0;0;0;0;0;0;0;0;1;0;1;0;0
05/05/2016;22:52:00;469;com vítima;683;BR-163/MS;Norte;Atropelamento - Pedestre;1;0;0;0;0;0;0;0;0;0;1;1;0;0;0
06/05/2016;17:45:00;333;sem vítima;25,12;BR-163/MS;Sul;Tombamento;0;0;1;0;0;0;0;0;0;0;2;0;0;0;0
06/05/2016;06:49:00;90;sem vítima;188;BR-163/MS;Norte;Tombamento;0;0;1;0;0;0;0;0;0;0;2;0;0;0;0
06/05/2016;22:54:00;380;com vítima;316,79;BR-163/MS;Sul;Tombamento;0;0;1;0;0;0;0;0;0;0;0;1;0;0;0
06/05/2016;23:55:00;390;sem vítima;366,595;BR-163/MS;Sul;Colisão com veículos (traseira);0;0;2;0;0;0;0;0;0;0;2;0;0;0;0
06/05/2016;21:19:00;371;sem vítima;367;BR-163/MS;Sul;Atropelamento - Animal;1;0;0;0;0;0;0;0;0;0;1;0;0;0;0
06/05/2016;21:04:00;366;sem vítima;434;BR-163/MS;Norte;Colisão c/ obstáculos;1;0;0;0;0;1;0;0;0;0;5;0;0;0;0
06/05/2016;16:46:00;323;com vítima;439;BR-163/MS;Sul;Colisão lateral no mesmo sentido;1;0;1;0;0;0;0;0;0;0;2;1;0;0;0
06/05/2016;07:39:00;121;sem vítima;589,5;BR-163/MS;Sul;Tombamento;0;0;1;0;0;0;0;0;0;0;1;0;0;0;0
06/05/2016;15:05:00;299;sem vítima;677,3;BR-163/MS;Sul;Tombamento;0;0;1;0;0;1;0;0;0;0;3;0;0;0;0
07/05/2016;05:30:00;26;com vítima;52;BR-163/MS;Sul;Capotamento;1;0;0;0;0;0;0;0;0;0;1;1;0;0;0
07/05/2016;16:05:00;232;com vítima;102;BR-163/MS;Norte;Saídas de pista;1;0;0;0;0;0;0;0;0;0;3;1;0;0;0
07/05/2016;17:53:00;259;com vítima;267,584;BR-163/MS;Norte;Colisão lateral no sentido contrário;0;1;0;1;0;0;0;0;0;0;0;2;0;0;0
07/05/2016;02:54:00;10;com vítima;294,821;BR-163/MS;Sul;Colisão c/ obstáculos;1;0;0;0;0;0;0;0;0;0;0;1;0;0;0
07/05/2016;16:48:00;246;sem vítima;414,7;BR-163/MS;Sul;Colisão lateral no mesmo sentido;1;0;1;0;0;0;0;0;0;0;3;0;0;0;0
07/05/2016;13:58:00;191;com vítima;726;BR-163/MS;Norte;Tombamento;0;0;0;1;0;0;0;0;0;0;0;1;0;0;0
07/05/2016;22:21:00;313;com vítima;831,627;BR-163/MS;Norte;Saídas de pista;0;0;0;0;0;0;0;0;0;1;3;1;0;0;0
08/05/2016;01:50:00;20;sem vítima;15,953;BR-163/MS;Norte;Saídas de pista;1;0;0;0;0;0;0;0;0;0;1;0;0;0;0
08/05/2016;10:05:00;132;sem vítima;65,66;BR-163/MS;Norte;Saídas de pista;1;0;0;0;0;0;0;0;0;0;1;0;0;0;0
08/05/2016;12:43:00;184;sem vítima;145;BR-163/MS;Norte;Saídas de pista;1;0;0;0;0;0;0;0;0;0;5;0;0;0;0
08/05/2016;10:16:00;141;com vítima;205;BR-163/MS;Norte;Saídas de pista;1;0;0;0;0;0;0;0;0;0;0;1;0;0;0
08/05/2016;18:19:00;277;sem vítima;280;BR-163/MS;Sul;Colisão com veículos (traseira);0;0;1;0;1;0;0;0;0;0;2;0;0;0;0
08/05/2016;04:50:00;35;sem vítima;323,129;BR-163/MS;Norte;Colisão c/ obstáculos;0;0;0;1;0;0;0;0;0;0;1;0;0;0;0
09/05/2016;18:33:00;339;com vítima;373;BR-163/MS;Sul;Atropelamento - Pedestre;1;0;0;0;0;0;0;0;0;0;2;0;0;1;0
09/05/2016;18:59:00;344;sem vítima;543;BR-163/MS;Norte;Colisão lateral no sentido contrário;1;0;1;0;0;0;0;0;0;1;5;0;0;0;0
09/05/2016;13:22:00;251;com vítima;552;BR-163/MS;Sul;Colisão com veículos (frontal);1;0;0;0;0;0;0;0;0;1;2;2;0;0;0
09/05/2016;20:39:00;361;sem vítima;588;BR-163/MS;Norte;Tombamento;0;0;1;0;0;0;0;0;0;0;1;0;0;0;0
09/05/2016;11:40:00;221;sem vítima;590;BR-163/MS;Norte;Saídas de pista;1;0;0;0;0;0;0;0;0;0;1;0;0;0;0
09/05/2016;13:07:00;247;com vítima;794,5;BR-163/MS;Norte;Saídas de pista;1;0;0;0;0;0;0;0;0;0;0;1;0;0;0
10/05/2016;16:07:00;251;com vítima;314;BR-163/MS;Sul;Colisão com veículos (traseira);0;0;2;0;0;0;0;0;0;0;1;1;0;0;0
10/05/2016;18:42:00;290;com vítima;432;BR-163/MS;Sul;Tombamento;1;0;0;0;0;0;0;0;0;0;1;1;1;0;0
10/05/2016;13:19:00;199;sem vítima;551;BR-163/MS;Norte;Saídas de pista;1;0;0;0;0;0;0;0;0;0;2;0;0;0;0
10/05/2016;04:03:00;15;com vítima;593;BR-163/MS;Norte;Atropelamento - Animal;0;0;0;0;0;0;0;0;0;1;1;1;0;0;0
11/05/2016;20:03:00;322;com vítima;34,67;BR-163/MS;Sul;Engavetamento;0;0;3;0;0;0;0;0;0;0;2;1;0;0;0
11/05/2016;18:17:00;294;sem vítima;407;BR-163/MS;Sul;Outros;0;0;3;0;0;0;0;0;0;0;3;0;0;0;0
11/05/2016;18:42:00;301;sem vítima;586,279;BR-163/MS;Norte;Atropelamento - Animal;1;0;0;0;0;0;0;0;0;0;2;0;0;0;0
12/05/2016;04:30:00;34;sem vítima;50,649;BR-163/MS;Norte;Saídas de pista;1;0;0;0;0;0;0;0;0;0;1;0;0;0;0
12/05/2016;17:41:00;363;sem vítima;60;BR-163/MS;Norte;Colisão lateral no sentido contrário;1;0;0;0;0;1;0;0;0;1;3;0;0;0;0
12/05/2016;14:42:00;318;sem vítima;397;BR-163/MS;Sul;Saídas de pista;0;0;0;0;0;0;0;0;0;1;1;0;0;0;0
12/05/2016;02:48:00;23;sem vítima;665,226;BR-163/MS;Norte;Saídas de pista;0;0;1;0;0;0;0;0;0;0;1;0;0;0;0
13/05/2016;11:51:00;230;sem vítima;35;BR-163/MS;Norte;Colisão c/ obstáculos;0;0;1;0;0;0;0;0;0;2;4;0;0;0;0
13/05/2016;09:22:00;184;com vítima;256;BR-163/MS;Sul;Colisão com veículos (traseira);1;0;0;0;0;0;0;0;0;1;1;3;0;0;0
13/05/2016;17:16:00;358;com vítima;276;BR-163/MS;Sul;Saídas de pista;1;0;0;0;0;0;0;0;0;0;0;1;0;0;0
13/05/2016;18:49:00;383;com vítima;490;BR-163/MS;Norte;Colisão lateral no mesmo sentido;1;0;0;0;0;1;0;0;0;0;2;1;0;0;0
13/05/2016;06:33:00;83;sem vítima;519;BR-163/MS;Norte;Colisão c/ obstáculos;0;0;0;0;0;0;0;0;0;1;2;0;0;0;0
13/05/2016;15:26:00;315;sem vítima;614,4;BR-163/MS;Sul;Colisão com veículos (traseira);0;0;0;0;0;0;0;0;0;1;1;0;0;0;0
14/05/2016;19:30:00;372;sem vítima;251,644;BR-163/MS;Norte;Atropelamento - Animal;0;0;0;0;0;0;0;0;0;1;1;0;0;0;0
14/05/2016;04:06:00;40;sem vítima;622;BR-163/MS;Norte;Capotamento;0;0;0;0;0;0;0;0;0;1;1;0;0;0;0
14/05/2016;19:10:00;366;sem vítima;693;BR-163/MS;Norte;Atropelamento - Animal;1;0;0;0;0;0;0;0;0;0;1;0;0;0;0
15/05/2016;11:03:00;149;com vítima;31;BR-163/MS;Norte;Colisão c/ obstáculos;1;0;0;0;0;0;0;0;0;0;4;1;1;0;0
15/05/2016;06:01:00;41;com vítima;205,8;BR-163/MS;Norte;Capotamento;1;0;0;0;0;0;0;0;0;0;0;1;0;0;0
15/05/2016;21:40:00;321;sem vítima;229;BR-163/MS;Sul;Atropelamento - Animal;1;0;0;0;0;0;0;0;0;0;1;0;0;0;0
15/05/2016;23:46:00;336;sem vítima;267,75;BR-163/MS;Sul;Colisão c/ obstáculos;1;0;0;0;0;0;0;0;0;0;1;0;0;0;0
15/05/2016;18:08:00;269;com vítima;272,304;BR-163/MS;Norte;Colisão lateral no sentido contrário;1;0;0;0;0;0;0;0;0;1;2;2;0;0;0
15/05/2016;18:10:00;270;com vítima;490;BR-163/MS;Norte;Engavetamento;3;0;0;0;0;1;0;0;0;0;13;1;0;0;0
15/05/2016;19:48:00;301;sem vítima;549,76;BR-163/MS;Norte;Capotamento;1;0;0;0;0;0;0;0;0;0;1;0;0;0;0
16/05/2016;04:15:00;26;com vítima;33,735;BR-163/MS;Norte;Tombamento de moto;0;0;0;1;0;0;0;0;0;0;0;1;0;0;0
16/05/2016;01:54:00;13;sem vítima;37,4;BR-163/MS;Norte;Colisão com veículos (traseira);1;0;0;0;0;1;0;0;0;0;6;0;0;0;0
16/05/2016;11:05:00;212;sem vítima;615;BR-163/MS;Sul;Colisão lateral no mesmo sentido;0;0;0;1;0;0;0;0;0;1;3;0;0;0;0
17/05/2016;19:41:00;394;com vítima;20;BR-163/MS;Sul;Tombamento de moto;0;0;0;1;0;0;0;0;0;0;0;0;1;0;0
17/05/2016;19:50:00;397;com vítima;279;BR-163/MS;Sul;Tombamento de moto;0;0;0;1;0;0;0;0;0;0;0;1;0;0;0
17/05/2016;11:30:00;221;sem vítima;490;BR-163/MS;Norte;Colisão com veículos (traseira);2;0;0;0;0;0;0;0;0;0;6;0;0;0;0
17/05/2016;02:08:00;21;com vítima;844,514;BR-163/MS;Sul;Capotamento;1;0;0;0;0;0;0;0;0;0;0;1;0;0;0
18/05/2016;23:31:00;362;com vítima;10,45;BR-163/MS;Sul;Tombamento de moto;0;0;0;1;0;0;0;0;0;0;0;0;1;0;0
18/05/2016;02:09:00;15;sem vítima;568,22;BR-163/MS;Norte;Saídas de pista;1;0;0;0;0;0;0;0;0;1;2;0;0;0;0
18/05/2016;07:00:00;78;sem vítima;575,9;BR-163/MS;Norte;Tombamento;0;0;1;0;0;3;0;0;0;0;4;0;0;0;0
19/05/2016;07:00:00;46;sem vítima;256;BR-163/MS;Norte;Colisão com veículos (traseira);0;0;2;0;0;0;0;0;0;0;2;0;0;0;0
19/05/2016;06:49:00;39;sem vítima;265;BR-163/MS;Norte;Saídas de pista;1;0;0;0;0;0;0;0;0;0;1;0;0;0;0
19/05/2016;23:01:00;348;sem vítima;313;BR-163/MS;Sul;Colisão com veículos (traseira);0;0;2;0;0;0;0;0;0;0;2;0;0;0;0
19/05/2016;20:45:00;330;sem vítima;316;BR-163/MS;Sul;Colisão c/ obstáculos;1;0;0;0;0;0;0;0;0;0;1;0;0;0;0
19/05/2016;18:25:00;305;com vítima;484;BR-163/MS;Norte;Atropelamento - Animal;0;0;0;1;0;0;0;0;0;0;0;1;0;0;0
20/05/2016;18:20:00;346;com vítima;115;BR-163/MS;Sul;Tombamento;0;0;1;0;0;0;0;0;0;0;0;1;0;0;0
20/05/2016;10:00:00;176;sem vítima;219;BR-163/MS;Norte;Colisão c/ obstáculos;0;0;1;0;0;0;0;0;0;1;5;0;0;0;0
20/05/2016;22:06:00;394;com vítima;313;BR-163/MS;Sul;Saídas de pista;1;0;0;0;0;1;0;0;0;0;1;1;0;0;0
20/05/2016;21:28:00;384;sem vítima;533,5;BR-163/MS;Norte;Colisão c/ obstáculos;1;0;0;0;0;0;0;0;0;0;1;0;0;0;0
20/05/2016;15:06:00;286;com vítima;574;BR-163/MS;Sul;Tombamento;1;0;0;0;0;0;0;0;0;0;3;2;0;0;0
20/05/2016;09:36:00;165;sem vítima;678;BR-163/MS;Sul;Colisão com veículos (traseira);1;0;0;0;0;0;0;0;0;1;2;0;0;0;0
21/05/2016;09:38:00;169;sem vítima;240;BR-163/MS;Norte;Saídas de pista;0;0;1;0;0;0;0;0;0;0;2;0;0;0;0
21/05/2016;23:26:00;385;com vítima;263;BR-163/MS;Sul;Colisão com veículos (traseira);2;0;0;0;0;0;0;0;0;0;2;0;0;1;0
21/05/2016;15:28:00;278;com vítima;615,5;BR-163/MS;Norte;Colisão lateral no sentido contrário;1;0;0;1;0;0;0;0;0;0;1;1;0;0;0
21/05/2016;20:19:00;353;sem vítima;632;BR-163/MS;Norte;Tombamento de moto;0;0;0;1;0;0;0;0;0;0;1;0;0;0;0
21/05/2016;15:46:00;282;com vítima;672,5;BR-163/MS;Sul;Colisão com veículos (frontal);1;0;2;0;0;0;0;0;0;1;7;1;0;0;0
22/05/2016;10:17:00;124;com vítima;299,9;BR-163/MS;Norte;Colisão lateral no sentido contrário;0;0;0;0;0;0;0;0;0;2;5;1;0;0;0
22/05/2016;18:23:00;218;sem vítima;424,281;BR-163/MS;Sul;Tombamento de moto;0;0;0;1;0;0;0;0;0;0;1;0;0;0;0
22/05/2016;02:13:00;23;com vítima;485;BR-163/MS;Norte;Colisão com veículos (traseira);1;0;1;0;0;0;0;0;0;0;1;0;1;0;0
22/05/2016;08:50:00;100;com vítima;539;BR-163/MS;Norte;Colisão com veículos (frontal);1;0;1;0;0;1;0;0;0;2;5;1;2;0;0
22/05/2016;16:02:00;190;com vítima;666;BR-163/MS;Sul;Tombamento de moto;0;0;0;1;0;0;0;0;0;0;0;1;0;0;0
22/05/2016;21:40:00;250;sem vítima;776,4;BR-163/MS;Norte;Atropelamento - Animal;1;0;0;0;0;0;0;0;0;0;1;0;0;0;0
23/05/2016;14:30:00;231;com vítima;214;BR-163/MS;Norte;Capotamento;1;0;0;0;0;0;0;0;0;0;0;1;0;0;0
23/05/2016;14:03:00;228;sem vítima;270;BR-163/MS;Sul;Tombamento;0;0;1;0;0;0;0;0;0;0;1;0;0;0;0
23/05/2016;06:59:00;50;sem vítima;370;BR-163/MS;Sul;Tombamento;0;0;1;0;0;1;0;0;0;0;2;0;0;0;0
23/05/2016;17:50:00;292;com vítima;389;BR-163/MS;Sul;Colisão lateral no mesmo sentido;0;0;1;0;1;1;0;0;0;1;5;2;1;0;0
23/05/2016;00:50:00;2;sem vítima;759,705;BR-163/MS;Sul;Atropelamento - Animal;0;0;0;0;1;0;0;0;0;0;1;0;0;0;0
24/05/2016;09:37:00;162;sem vítima;175;BR-163/MS;Norte;Colisão c/ obstáculos;1;0;1;0;0;0;0;0;0;0;3;0;0;0;0
24/05/2016;11:47:00;214;sem vítima;256;BR-163/MS;Norte;Saídas de pista;1;0;0;0;0;0;0;0;0;1;2;0;0;0;0
24/05/2016;01:28:00;7;sem vítima;337;BR-163/MS;Sul;Atropelamento - Animal;1;0;0;0;0;0;0;0;0;0;2;0;0;0;0
24/05/2016;02:40:00;13;com vítima;398,526;BR-163/MS;Sul;Saídas de pista;1;0;0;0;0;0;0;0;0;0;0;1;0;0;0
25/05/2016;19:24:00;360;com vítima;257,3;BR-163/MS;Norte;Atropelamento - Animal;0;0;0;1;0;0;0;0;0;0;0;0;1;0;0
26/05/2016;18:08:00;367;sem vítima;474;BR-163/MS;Norte;Colisão lateral no mesmo sentido;1;0;1;0;0;0;0;0;0;0;6;0;0;0;0
26/05/2016;05:48:00;113;com vítima;780;BR-163/MS;Norte;Colisão c/ obstáculos;1;0;0;0;0;0;0;0;0;0;3;1;0;0;0
26/05/2016;05:36:00;109;sem vítima;828;BR-163/MS;Sul;Colisão c/ obstáculos;1;0;0;0;0;0;0;0;0;0;1;0;0;0;0
27/05/2016;05:26:00;22;sem vítima;407,792;BR-163/MS;Norte;Capotamento;1;0;0;0;0;0;0;0;0;0;1;0;0;0;0
27/05/2016;10:16:00;123;sem vítima;535;BR-163/MS;Norte;Colisão com veículos (traseira);2;0;0;0;0;0;0;0;0;0;4;0;0;0;0
27/05/2016;19:27:00;301;com vítima;667,432;BR-163/MS;Sul;Capotamento;1;0;0;0;0;0;0;0;0;0;0;1;0;0;0
28/05/2016;21:54:00;286;sem vítima;34,5;BR-163/MS;Norte;Saídas de pista;1;0;0;0;0;0;0;0;0;0;1;0;0;0;0
28/05/2016;18:41:00;252;com vítima;38,9;BR-163/MS;Sul;Colisão com veículos (traseira);0;0;0;1;0;1;0;0;0;0;1;1;0;0;0
28/05/2016;19:11:00;262;sem vítima;53,5;BR-163/MS;Norte;Saídas de pista;1;0;0;0;0;0;0;0;0;0;1;0;0;0;0
28/05/2016;11:25:00;158;sem vítima;277;BR-163/MS;Norte;Colisão com veículos (traseira);0;0;0;0;0;0;0;0;0;2;6;0;0;0;0
28/05/2016;17:34:00;242;sem vítima;347;BR-163/MS;Sul;Saídas de pista;0;0;0;0;0;0;0;0;0;1;4;0;0;0;0
28/05/2016;06:30:00;41;sem vítima;555;BR-163/MS;Sul;Colisão c/ obstáculos;1;0;0;0;0;0;0;0;0;0;2;0;0;0;0
29/05/2016;16:53:00;278;com vítima;11,9;BR-163/MS;Norte;Colisão c/ obstáculos;0;2;1;0;0;0;0;0;0;0;1;1;1;0;0
29/05/2016;18:50:00;301;com vítima;77;BR-163/MS;Norte;Colisão com veículos (traseira);2;0;0;0;0;0;0;0;0;0;2;0;0;2;1
29/05/2016;00:53:00;8;sem vítima;103,7;BR-163/MS;Norte;Colisão c/ obstáculos;1;0;0;0;0;0;0;0;0;0;2;0;0;0;0
29/05/2016;17:43:00;287;com vítima;344,3;BR-163/MS;Sul;Tombamento de moto;0;0;0;1;0;0;0;0;0;0;0;0;1;0;0
29/05/2016;03:52:00;30;sem vítima;463;BR-163/MS;Norte;Saídas de pista;1;0;0;0;0;0;0;0;0;0;2;0;0;0;0
29/05/2016;12:09:00;189;com vítima;474,36;BR-163/MS;Norte;Colisão com veículos (frontal);2;0;0;1;0;0;0;0;0;0;4;2;1;0;0
29/05/2016;18:05:00;292;sem vítima;822;BR-163/MS;Sul;Atropelamento - Animal;1;0;0;0;0;0;0;0;0;0;4;0;0;0;0
30/05/2016;03:59:00;25;sem vítima;313,8;BR-163/MS;Sul;Saídas de pista;0;0;1;0;0;0;0;0;0;0;4;0;0;0;0
30/05/2016;15:19:00;238;sem vítima;366;BR-163/MS;Sul;Colisão com veículos (traseira);0;0;1;0;0;1;0;0;0;0;2;0;0;0;0
31/05/2016;03:45:00;15;sem vítima;6,37;BR-163/MS;Sul;Colisão c/ obstáculos;1;0;0;0;0;0;0;0;0;0;0;0;0;0;0
31/05/2016;13:07:00;239;sem vítima;313;BR-163/MS;Norte;Colisão com veículos (traseira);1;0;1;0;0;0;0;0;0;0;2;0;0;0;0
31/05/2016;05:16:00;19;sem vítima;331,264;BR-163/MS;Norte;Atropelamento - Animal;1;0;0;0;0;0;0;0;0;0;1;0;0;0;0
31/05/2016;21:39:00;367;com vítima;469;BR-163/MS;Sul;Tombamento de moto;0;0;0;1;0;0;0;0;0;0;0;1;0;0;0
01/06/2016;12:35:00;225;sem vítima;350;BR-163/MS;Norte;Capotamento;0;0;0;0;0;0;0;0;0;1;1;0;0;0;0
02/06/2016;02:34:00;20;com vítima;484,7;BR-163/MS;Sul;Colisão lateral no sentido contrário;0;1;0;0;1;0;0;0;0;0;32;0;0;0;1
02/06/2016;17:13:00;373;sem vítima;179;BR-163/MS;Norte;Colisão c/ obstáculos;0;0;0;0;0;0;0;0;0;1;1;0;0;0;0
02/06/2016;18:11:00;386;sem vítima;481;BR-163/MS;Sul;Colisão com veículos (traseira);1;0;1;0;0;0;0;0;0;0;2;0;0;0;0
02/06/2016;22:46:00;449;sem vítima;373,37;BR-163/MS;Sul;Atropelamento - Animal;0;0;1;0;0;0;0;0;0;0;1;0;0;0;0
03/06/2016;04:40:00;62;sem vítima;506,3;BR-163/MS;Sul;Saídas de pista;0;0;1;0;0;1;0;0;0;0;2;0;0;0;0
03/06/2016;09:24:00;177;sem vítima;29;BR-163/MS;Norte;Colisão com veículos (traseira);0;0;2;0;0;0;0;0;0;0;2;0;0;0;0
03/06/2016;09:59:00;197;sem vítima;116;BR-163/MS;Norte;Capotamento;1;0;0;0;0;0;0;0;0;0;3;0;0;0;0
03/06/2016;17:33:00;361;com vítima;263;BR-163/MS;Norte;Colisão lateral no mesmo sentido;0;1;1;0;0;0;0;0;0;0;1;1;0;0;0
03/06/2016;18:25:00;371;sem vítima;438;BR-163/MS;Norte;Atropelamento - Animal;1;0;0;0;0;0;0;0;0;0;1;0;0;0;0
03/06/2016;18:26:00;372;sem vítima;518,53;BR-163/MS;Norte;Capotamento;1;0;0;0;0;0;0;0;0;0;2;0;0;0;0
03/06/2016;19:23:00;390;com vítima;444,5;BR-163/MS;Sul;Colisão com veículos (frontal);2;0;2;0;0;0;0;0;0;0;2;1;1;0;2
03/06/2016;20:17:00;403;sem vítima;352;BR-163/MS;Norte;Atropelamento - Animal;1;0;0;0;0;0;0;0;0;0;1;0;0;0;0
03/06/2016;20:23:00;405;sem vítima;15,767;BR-163/MS;Norte;Capotamento;0;0;1;0;0;0;0;0;0;1;2;0;0;0;0
04/06/2016;04:38:00;25;com vítima;486,3;BR-163/MS;Sul;Colisão c/ obstáculos;1;0;0;0;0;0;0;0;0;0;0;1;0;0;0
04/06/2016;04:57:00;27;sem vítima;647,614;BR-163/MS;Sul;Colisão com veículos (traseira);0;0;1;0;0;0;0;0;0;1;2;0;0;0;0
04/06/2016;08:05:00;89;sem vítima;809,9;BR-163/MS;Norte;Tombamento;0;0;1;0;0;2;0;0;0;0;3;0;0;0;0
04/06/2016;11:09:00;152;sem vítima;463;BR-163/MS;Norte;Outros;0;0;1;0;0;1;0;0;0;0;2;0;0;0;0
04/06/2016;17:57:00;272;com vítima;484;BR-163/MS;Norte;Colisão com veículos (traseira);0;1;0;0;0;1;0;0;0;0;1;1;0;0;0
04/06/2016;22:35:00;319;sem vítima;684,49;BR-163/MS;Sul;Capotamento;0;0;0;0;0;0;0;0;0;1;4;0;0;0;0
05/06/2016;13:55:00;196;com vítima;521;BR-163/MS;Sul;Capotamento;1;0;0;0;0;0;0;0;0;0;1;1;0;0;0
05/06/2016;16:03:00;238;com vítima;645;BR-163/MS;Sul;Tombamento de moto;0;0;0;1;0;0;0;0;0;0;0;1;0;0;0
06/06/2016;07:05:00;74;com vítima;487;BR-163/MS;Norte;Colisão lateral no mesmo sentido;1;0;1;0;0;0;0;0;0;0;2;1;0;0;0
06/06/2016;08:10:00;119;com vítima;366;BR-163/MS;Sul;Colisão com veículos (traseira);0;0;0;1;0;0;0;0;0;1;1;1;0;0;0
07/06/2016;02:11:00;28;com vítima;828;BR-163/MS;Sul;Colisão c/ obstáculos;1;0;0;0;0;0;0;0;0;0;0;1;0;0;0
07/06/2016;12:27:00;257;com vítima;472;BR-163/MS;Sul;Colisão com veículos (traseira);0;0;2;0;0;0;0;0;0;0;1;1;0;0;0
07/06/2016;22:36:00;430;sem vítima;616,319;BR-163/MS;Norte;Atropelamento - Animal;1;0;0;0;0;0;0;0;0;0;1;0;0;0;0
08/06/2016;11:34:00;191;com vítima;616;BR-163/MS;Norte;Colisão lateral no mesmo sentido;1;0;0;0;0;0;0;0;0;1;4;1;0;0;0
09/06/2016;04:56:00;31;sem vítima;328,303;BR-163/MS;Norte;Atropelamento - Animal;1;0;0;0;0;0;0;0;0;0;1;0;0;0;0
09/06/2016;17:03:00;361;com vítima;290;BR-163/MS;Norte;Colisão lateral no mesmo sentido;0;0;1;1;0;0;0;0;0;0;1;1;0;0;0