data;horario;n_da_ocorrencia;tipo_de_ocorrencia;km;trecho;sentido;tipo_de_acidente;automovel;bicicleta;caminhao;moto;onibus;outros;tracao_animal;transporte_de_cargas_especiais;trator_maquinas;utilitarios;ilesos;levemente_feridos;moderadamente_feridos;gravemente_feridos;mortos
21/10/2016;19:47:00;341;sem vítima;296,191;BR-163/MS;Sul;Atropelamento de animais;1;0;0;0;0;0;0;0;0;0;1;0;0;0;0
21/10/2016;21:13:00;362;com vítima;494,62;BR-163/MS;Norte;Tombamento de moto;0;0;0;1;0;0;0;0;0;0;0;0;2;0;0
22/10/2016;01:11:00;7;sem vítima;577,71;BR-163/MS;Sul;Colisão c/ obstáculos;1;0;0;0;0;0;0;0;0;0;1;0;0;0;0
22/10/2016;04:03:00;22;com vítima;611,103;BR-163/MS;Norte;Colisão lateral no mesmo sentido;1;0;0;0;0;0;0;0;0;1;3;1;0;0;0
22/10/2016;08:11:00;76;sem vítima;5,8;BR-163/MS;Norte;Colisão com veículos (traseira);3;0;0;0;0;0;0;0;0;0;11;0;0;0;0
22/10/2016;08:25:00;83;sem vítima;475;BR-163/MS;Sul;Colisão lateral no sentido contrário;0;0;0;0;0;0;0;0;0;2;4;0;0;0;0
22/10/2016;13:28:00;207;sem vítima;487;BR-163/MS;Norte;Colisão com veículos (traseira);2;0;0;0;0;0;0;0;0;0;3;0;0;0;0
22/10/2016;15:08:00;245;com vítima;683;BR-163/MS;Sul;Tombamento de moto;0;0;0;1;0;0;0;0;0;0;0;1;0;0;0
22/10/2016;17:59:00;310;sem vítima;661,578;BR-163/MS;Sul;Colisão c/ obstáculos;1;0;0;0;0;0;0;0;0;0;5;0;0;0;0
22/10/2016;22:26:00;360;sem vítima;21,31;BR-163/MS;Sul;Colisão c/ obstáculos;1;0;0;0;0;0;0;0;0;0;2;0;0;0;0
23/10/2016;08:01:00;82;sem vítima;271,5;BR-163/MS;Norte;Colisão c/ obstáculos;1;0;0;0;0;0;0;0;0;0;1;0;0;0;0
23/10/2016;16:45:00;236;com vítima;295,2;BR-163/MS;Norte;Capotamento;0;0;0;0;0;0;0;0;0;1;0;0;1;0;0
23/10/2016;19:14:00;266;com vítima;498;BR-163/MS;Sul;Tombamento de moto;0;0;0;1;0;0;0;0;0;0;0;1;0;0;0
24/10/2016;14:58:00;238;sem vítima;28,5;BR-163/MS;Sul;Colisão com veículos (traseira);0;0;2;0;0;0;0;0;0;0;2;0;0;0;0
24/10/2016;15:22:00;246;sem vítima;258;BR-163/MS;Norte;Colisão lateral no sentido contrário;0;1;0;1;0;0;0;0;0;0;2;0;0;0;0
24/10/2016;16:26:00;261;com vítima;754;BR-163/MS;Norte;Colisão lateral no mesmo sentido;2;0;0;0;0;0;0;0;0;0;0;2;0;0;0
25/10/2016;03:52:00;30;sem vítima;362;BR-163/MS;Sul;Atropelamento de animais;0;0;0;0;0;0;0;0;0;1;1;0;0;0;0
25/10/2016;13:10:00;223;com vítima;654;BR-163/MS;Norte;Colisão com veículos (traseira);0;0;0;0;0;0;0;0;0;1;0;1;0;0;0
25/10/2016;16:14:00;269;com vítima;535,5;BR-163/MS;Sul;Colisão lateral no mesmo sentido;0;0;2;0;0;0;0;0;0;0;2;1;0;0;0
25/10/2016;19:12:00;314;com vítima;100,53;BR-163/MS;Sul;Capotamento;1;0;0;0;0;0;0;0;0;0;1;1;0;0;0
25/10/2016;19:28:00;323;sem vítima;225,491;BR-163/MS;Norte;Colisão lateral no mesmo sentido;1;0;0;0;0;1;0;0;0;0;2;0;0;0;0
25/10/2016;20:02:00;329;com vítima;494,5;BR-163/MS;Norte;Tombamento de moto;0;0;0;1;0;0;0;0;0;0;0;1;0;0;0
26/10/2016;08:32:00;95;com vítima;540,25;BR-163/MS;Norte;Colisão com veículos (frontal);0;0;2;0;0;2;0;0;0;0;2;2;0;0;0
26/10/2016;12:42:00;194;sem vítima;615;BR-163/MS;Norte;Colisão com veículos (traseira);1;0;1;0;0;0;0;0;0;0;3;0;0;0;0
26/10/2016;14:35:00;219;sem vítima;121,9;BR-163/MS;Norte;Colisão com veículos (traseira);1;0;0;0;0;0;0;0;0;0;1;0;0;0;0
26/10/2016;16:01:00;246;sem vítima;67,815;BR-163/MS;Norte;Tombamento;0;0;1;0;0;0;0;0;0;0;1;0;0;0;0
26/10/2016;17:23:00;270;sem vítima;396,903;BR-163/MS;Norte;Capotamento;1;0;0;0;0;0;0;0;0;0;2;0;0;0;0
27/10/2016;01:09:00;4;com vítima;306,555;BR-163/MS;Norte;Atropelamento de animais;0;0;0;0;0;0;0;0;0;1;0;1;0;0;0
27/10/2016;13:27:00;196;sem vítima;682,251;BR-163/MS;Norte;Engavetamento;2;0;0;0;0;0;0;0;0;1;5;0;0;0;0
27/10/2016;14:30:00;214;sem vítima;259;BR-163/MS;Sul;Colisão c/ obstáculos;0;0;0;0;0;0;0;0;0;1;1;0;0;0;0
27/10/2016;22:37:00;322;com vítima;516;BR-163/MS;Norte;Atropelamento de animais;1;0;0;0;0;0;0;0;0;0;4;1;0;0;0
28/10/2016;11:35:00;166;com vítima;474;BR-163/MS;Norte;Colisão lateral no sentido contrário;1;0;0;1;0;0;0;0;0;0;1;2;0;0;0
29/10/2016;17:01:00;215;sem vítima;232;BR-163/MS;Norte;Tombamento;1;0;0;0;0;0;0;0;0;0;1;0;0;0;0
30/10/2016;04:42:00;15;com vítima;431,49;BR-163/MS;Norte;Tombamento;0;0;1;0;0;0;0;0;0;0;0;1;0;0;0
30/10/2016;04:51:00;17;sem vítima;711,34;BR-163/MS;Norte;Tombamento;1;0;0;0;0;1;0;0;0;0;3;0;0;0;0
30/10/2016;15:25:00;145;sem vítima;221;BR-163/MS;Sul;Colisão com veículos (traseira);1;0;1;0;0;0;0;0;0;0;5;0;0;0;0
30/10/2016;16:41:00;173;sem vítima;474;BR-163/MS;Norte;Colisão lateral no mesmo sentido;1;0;0;0;0;0;0;0;0;1;5;0;0;0;0
30/10/2016;17:04:00;177;com vítima;2,27;BR-163/MS;Norte;Colisão c/ obstáculos;1;0;0;0;0;0;0;0;0;0;1;1;0;0;0
30/10/2016;23:48:00;246;com vítima;487,7;BR-163/MS;Norte;Colisão com veículos (traseira);2;0;0;0;0;0;0;0;0;0;0;2;0;0;0
31/10/2016;14:18:00;229;sem vítima;545;BR-163/MS;Sul;Colisão c/ obstáculos;1;0;0;0;0;0;0;0;0;0;1;0;0;0;0
01/11/2016;05:12:00;26;sem vítima;285,27;BR-163/MS;Norte;Tombamento;0;0;1;0;0;0;0;0;0;0;1;0;0;0;0
01/11/2016;19:47:00;357;com vítima;484,976;BR-163/MS;Sul;Atropelamento de pedestre;0;0;0;1;0;0;0;0;0;0;0;2;0;0;0
01/11/2016;22:41:00;396;com vítima;620;BR-163/MS;Norte;Capotamento;1;0;0;0;0;0;0;0;0;0;0;1;0;0;0
02/11/2016;00:59:00;9;com vítima;616,796;BR-163/MS;Norte;Colisão com veículos (frontal);0;0;1;0;0;0;0;0;0;1;1;1;0;0;0
02/11/2016;11:42:00;150;com vítima;658;BR-163/MS;Norte;Colisão c/ obstáculos;0;0;0;1;0;0;0;0;0;0;0;0;0;0;1
02/11/2016;15:28:00;211;com vítima;615;BR-163/MS;Norte;Colisão lateral no mesmo sentido;0;0;2;0;0;0;0;0;0;0;2;1;0;0;0
02/11/2016;15:33:00;213;sem vítima;545;BR-163/MS;Norte;Colisão c/ obstáculos;1;0;0;0;0;0;0;0;0;0;1;0;0;0;0
02/11/2016;18:28:00;266;sem vítima;533,748;BR-163/MS;Sul;Colisão lateral no mesmo sentido;1;0;0;0;0;0;0;0;0;1;2;0;0;0;0
03/11/2016;20:01:00;308;sem vítima;452,219;BR-163/MS;Norte;Colisão c/ obstáculos;0;0;1;0;0;1;0;0;0;0;2;0;0;0;0
04/11/2016;06:27:00;29;com vítima;44,2;BR-163/MS;Norte;Tombamento de moto;0;0;0;1;0;0;0;0;0;0;0;1;0;0;0
04/11/2016;13:43:00;177;sem vítima;616;BR-163/MS;Norte;Colisão lateral no mesmo sentido;1;0;0;0;0;0;0;0;0;1;2;0;0;0;0
04/11/2016;14:18:00;181;com vítima;576,5;BR-163/MS;Norte;Tombamento;0;0;1;0;0;0;0;0;0;0;0;1;0;0;0
04/11/2016;20:41:00;263;sem vítima;793;BR-163/MS;Norte;Saídas de pista;0;0;1;0;0;0;0;0;0;0;1;0;0;0;0
04/11/2016;20:44:00;264;com vítima;646;BR-163/MS;Sul;Tombamento de moto;1;0;0;1;0;0;0;0;0;0;0;1;0;0;1
04/11/2016;22:02:00;275;com vítima;468,721;BR-163/MS;Norte;Engavetamento;2;0;0;0;0;1;0;0;0;1;3;2;1;0;0
05/11/2016;04:19:00;26;com vítima;363,878;BR-163/MS;Norte;Capotamento;0;0;0;0;0;0;0;0;0;1;0;0;1;0;0
05/11/2016;08:07:00;71;sem vítima;474;BR-163/MS;Norte;Colisão lateral no mesmo sentido;2;0;0;0;0;0;0;0;0;0;8;0;0;0;0
05/11/2016;11:18:00;122;com vítima;484;BR-163/MS;Norte;Tombamento de moto;0;0;0;1;0;0;0;0;0;0;0;1;0;0;0
05/11/2016;16:06:00;187;sem vítima;490;BR-163/MS;Sul;Capotamento;1;0;0;0;0;0;0;0;0;0;3;0;0;0;0
05/11/2016;17:40:00;209;com vítima;799,9;BR-163/MS;Norte;Colisão com veículos (frontal);1;0;0;0;0;0;0;0;0;1;0;7;2;0;2
05/11/2016;19:40:00;239;com vítima;682;BR-163/MS;Norte;Colisão com veículos (traseira);0;0;0;1;0;0;0;0;0;1;2;0;1;0;0
05/11/2016;20:56:00;252;com vítima;258,1;BR-163/MS;Norte;Colisão lateral no mesmo sentido;1;0;0;1;0;0;0;0;0;0;2;1;0;0;0
05/11/2016;23:05:00;270;com vítima;238,88;BR-163/MS;Norte;Capotamento;0;0;0;0;0;0;0;0;0;1;0;2;0;0;0
06/11/2016;21:44:00;315;com vítima;76,244;BR-163/MS;Sul;Atropelamento de pedestre;0;0;0;0;0;1;0;0;0;0;1;0;1;0;0
06/11/2016;21:52:00;317;com vítima;707,384;BR-163/MS;Norte;Atropelamento de animais;1;0;0;0;0;1;0;0;0;0;1;4;0;0;0
07/11/2016;00:50:00;6;sem vítima;280,509;BR-163/MS;Norte;Colisão c/ obstáculos;0;0;0;0;0;0;0;0;0;1;1;0;0;0;0
07/11/2016;09:27:00;103;com vítima;482;BR-163/MS;Norte;Colisão lateral no sentido contrário;1;0;0;0;0;0;0;0;0;1;0;2;0;0;0
08/11/2016;07:21:00;73;com vítima;264;BR-163/MS;Sul;Colisão lateral no sentido contrário;0;0;1;0;0;0;0;0;0;1;2;1;0;0;0
08/11/2016;17:16:00;266;com vítima;681;BR-163/MS;Norte;Colisão lateral no sentido contrário;1;0;0;1;0;0;0;0;0;0;2;1;0;0;0
09/11/2016;00:02:00;2;com vítima;727,405;BR-163/MS;Sul;Tombamento de moto;0;0;0;1;0;0;0;0;0;0;0;1;0;0;0
09/11/2016;06:10:00;35;sem vítima;206,7;BR-163/MS;Sul;Tombamento;0;0;1;0;0;1;0;0;0;0;2;0;0;0;0
09/11/2016;06:54:00;43;com vítima;614;BR-163/MS;Norte;Tombamento de moto;0;0;0;1;0;0;0;0;0;0;0;2;0;0;0
09/11/2016;07:00:00;45;com vítima;485;BR-163/MS;Sul;Colisão lateral no mesmo sentido;1;0;0;1;0;0;0;0;0;0;1;2;0;0;0
09/11/2016;09:53:00;122;com vítima;715,8;BR-163/MS;Norte;Tombamento de moto;0;0;0;1;0;0;0;0;0;0;0;0;0;0;1
09/11/2016;11:37:00;164;sem vítima;475;BR-163/MS;Norte;Colisão lateral no mesmo sentido;2;0;0;0;0;0;0;0;0;0;2;0;0;0;0
09/11/2016;12:07:00;170;com vítima;626;BR-163/MS;Norte;Tombamento de moto;0;0;0;1;0;0;0;0;0;0;0;2;0;0;0
10/11/2016;04:55:00;41;sem vítima;301;BR-163/MS;Norte;Saídas de pista;1;0;0;0;0;0;0;0;0;0;3;0;0;0;0
10/11/2016;10:15:00;168;com vítima;601,546;BR-163/MS;Norte;Capotamento;1;0;0;0;0;0;0;0;0;0;0;1;0;0;0
10/11/2016;10:34:00;174;com vítima;650;BR-163/MS;Norte;Colisão c/ obstáculos;0;0;0;0;0;0;0;0;0;1;0;1;0;0;0
10/11/2016;11:13:00;192;com vítima;18;BR-163/MS;Sul;Colisão com veículos (frontal);1;0;0;1;0;0;0;0;0;0;1;1;0;0;0
10/11/2016;12:55:00;224;com vítima;313;BR-163/MS;Sul;Colisão lateral no mesmo sentido;1;0;1;0;0;1;0;0;0;0;3;1;0;0;0
10/11/2016;14:42:00;261;com vítima;472;BR-163/MS;Sul;Colisão c/ obstáculos;0;0;0;1;0;0;0;0;0;0;0;1;0;0;0
10/11/2016;19:47:00;342;sem vítima;34,56;BR-163/MS;Sul;Colisão c/ obstáculos;1;0;0;0;0;0;0;0;0;0;1;0;0;0;0
10/11/2016;21:09:00;362;com vítima;311,605;BR-163/MS;Sul;Colisão lateral no mesmo sentido;0;0;1;1;0;0;0;0;0;0;1;0;0;1;0
12/11/2016;04:37:00;29;com vítima;540,171;BR-163/MS;Norte;Colisão com veículos (frontal);1;0;1;0;0;1;0;0;0;0;2;0;0;0;2
12/11/2016;10:15:00;106;com vítima;216;BR-163/MS;Norte;Tombamento de moto;0;0;0;1;0;0;0;0;0;0;0;1;0;0;0
13/11/2016;03:46:00;14;com vítima;674,703;BR-163/MS;Norte;Colisão c/ obstáculos;0;0;0;0;1;0;0;0;0;0;40;2;0;0;0
13/11/2016;04:55:00;22;com vítima;335,5;BR-163/MS;Norte;Tombamento de moto;0;0;0;1;0;0;0;0;0;0;0;0;1;0;0
13/11/2016;18:12:00;179;sem vítima;208,601;BR-163/MS;Sul;Colisão lateral no sentido contrário;1;0;0;0;0;0;0;0;0;1;5;0;0;0;0
13/11/2016;20:58:00;217;com vítima;257,388;BR-163/MS;Norte;Colisão com veículos (traseira);0;1;0;1;0;0;0;0;0;0;0;2;0;0;0
14/11/2016;17:34:00;291;sem vítima;473,47;BR-163/MS;Sul;Tombamento;0;0;1;0;0;0;0;0;0;0;1;0;0;0;0
14/11/2016;17:35:00;293;sem vítima;337;BR-163/MS;Sul;Colisão com veículos (traseira);1;0;1;0;0;0;0;0;0;0;3;0;0;0;0
15/11/2016;11:40:00;121;com vítima;250;BR-163/MS;Norte;Capotamento;1;0;0;0;0;0;0;0;0;0;0;1;0;0;0
15/11/2016;22:57:00;290;sem vítima;116,5;BR-163/MS;Sul;Colisão c/ obstáculos;1;0;0;0;0;0;0;0;0;0;1;0;0;0;0
16/11/2016;11:25:00;153;sem vítima;487;BR-163/MS;Norte;Colisão com veículos (traseira);0;0;2;0;0;1;0;0;0;0;3;0;0;0;0
16/11/2016;18:45:00;253;com vítima;485,52;BR-163/MS;Norte;Tombamento de moto;0;0;0;1;0;0;0;0;0;0;0;1;0;0;0
17/11/2016;01:20:00;10;sem vítima;354,893;BR-163/MS;Sul;Atropelamento de animais;1;0;0;0;0;0;0;0;0;0;4;0;0;0;0
20/11/2016;04:56:00;32;sem vítima;335,962;BR-163/MS;Norte;Capotamento;1;0;0;0;0;0;0;0;0;0;1;0;0;0;0
20/11/2016;17:33:00;206;sem vítima;474;BR-163/MS;Norte;Colisão lateral no sentido contrário;1;0;0;1;0;0;0;0;0;0;2;0;0;0;0
20/11/2016;20:42:00;252;com vítima;765,7;BR-163/MS;Norte;Capotamento;1;0;0;0;0;0;0;0;0;0;0;2;1;0;0
21/11/2016;04:55:00;29;com vítima;456;BR-163/MS;Norte;Engavetamento;2;0;1;0;0;0;0;0;0;1;2;1;1;0;0
21/11/2016;13:37:00;189;sem vítima;375,193;BR-163/MS;Norte;Capotamento;0;0;0;0;0;0;0;0;0;1;3;0;0;0;0
21/11/2016;18:44:00;280;com vítima;609;BR-163/MS;Norte;Engavetamento;1;0;0;0;0;0;0;0;0;2;5;3;1;0;0
21/11/2016;23:19:00;326;sem vítima;124,5;BR-163/MS;Sul;Atropelamento de animais;0;0;1;0;0;0;0;0;0;0;1;0;0;0;0
22/11/2016;10:51:00;161;com vítima;662,537;BR-163/MS;Sul;Tombamento;0;0;1;0;0;2;0;0;0;0;2;1;0;0;0
22/11/2016;22:09:00;332;com vítima;366,512;BR-163/MS;Sul;Colisão com veículos (traseira);1;0;0;1;0;0;0;0;0;0;1;1;0;0;0
23/11/2016;02:57:00;17;com vítima;60,374;BR-163/MS;Sul;Capotamento;1;0;0;0;0;0;0;0;0;0;1;1;0;0;0
23/11/2016;12:24:00;173;com vítima;424;BR-163/MS;Sul;Capotamento;0;0;0;0;0;0;0;0;0;1;0;1;0;0;0
24/11/2016;15:00:00;248;sem vítima;87,78;BR-163/MS;Norte;Tombamento;0;0;1;0;0;0;0;0;0;0;1;0;0;0;0
24/11/2016;17:24:00;294;com vítima;253;BR-163/MS;Norte;Tombamento de moto;0;0;0;1;0;0;0;0;0;0;0;1;0;0;0
25/11/2016;09:43:00;154;com vítima;279,8;BR-163/MS;Norte;Colisão com veículos (traseira);0;1;0;0;0;0;0;0;0;1;1;1;0;0;0
25/11/2016;18:46:00;345;com vítima;72,1;BR-163/MS;Norte;Colisão com veículos (traseira);1;0;1;0;0;0;0;0;0;0;1;1;0;0;0
25/11/2016;19:41:00;366;com vítima;77,5;BR-163/MS;Norte;Tombamento de moto;0;0;0;1;0;0;0;0;0;0;0;1;0;0;0
25/11/2016;21:09:00;389;sem vítima;458,5;BR-163/MS;Sul;Colisão com veículos (traseira);0;0;0;0;0;0;0;0;0;2;2;0;0;0;0
26/11/2016;05:10:00;31;sem vítima;634;BR-163/MS;Sul;Colisão lateral no mesmo sentido;0;0;0;0;0;0;0;0;0;2;2;0;0;0;0
26/11/2016;11:34:00;142;com vítima;251;BR-163/MS;Norte;Colisão lateral no sentido contrário;2;0;0;0;0;0;0;0;0;0;3;2;0;0;0
26/11/2016;14:29:00;181;com vítima;728,43;BR-163/MS;Sul;Tombamento de moto;0;0;0;1;0;0;0;0;0;0;0;1;0;0;0
26/11/2016;19:40:00;279;com vítima;681,215;BR-163/MS;Norte;Atropelamento de pedestre;1;1;0;0;0;0;0;0;0;0;1;0;0;0;1
27/11/2016;01:33:00;12;sem vítima;228,532;BR-163/MS;Norte;Atropelamento de animais;1;0;0;0;0;0;0;0;0;0;1;0;0;0;0
27/11/2016;02:10:00;19;sem vítima;265,28;BR-163/MS;Norte;Capotamento;1;0;0;0;0;0;0;0;0;0;1;0;0;0;0
27/11/2016;20:27:00;272;com vítima;492,5;BR-163/MS;Sul;Colisão com veículos (traseira);1;0;1;0;0;0;0;0;0;0;1;1;0;0;0
27/11/2016;21:48:00;283;sem vítima;479,509;BR-163/MS;Norte;Colisão c/ obstáculos;1;0;0;0;0;0;0;0;0;0;2;0;0;0;0
28/11/2016;04:31:00;22;sem vítima;276,31;BR-163/MS;Sul;Colisão c/ obstáculos;0;0;0;0;0;0;0;0;0;1;1;0;0;0;0
28/11/2016;05:06:00;26;sem vítima;313,698;BR-163/MS;Sul;Colisão c/ obstáculos;1;0;0;0;0;0;0;0;0;0;1;0;0;0;0
29/11/2016;06:54:00;57;sem vítima;476;BR-163/MS;Norte;Colisão lateral no sentido contrário;0;0;1;0;0;0;0;0;0;1;3;0;0;0;0
29/11/2016;13:10:00;224;com vítima;600;BR-163/MS;Norte;Colisão com veículos (traseira);0;0;2;0;0;2;0;0;0;0;3;0;1;0;1
30/11/2016;16:43:00;308;com vítima;250,5;BR-163/MS;Norte;Capotamento;1;0;0;0;0;0;0;0;0;0;0;0;2;2;0
30/11/2016;16:56:00;311;sem vítima;767,735;BR-163/MS;Norte;Tombamento;0;0;2;0;0;0;0;0;0;0;2;0;0;0;0
01/12/2016;06:07:00;41;com vítima;795;BR-163/MS;Norte;Capotamento;1;0;0;0;0;0;0;0;0;0;0;1;0;0;0
01/12/2016;14:43:00;225;com vítima;774,3;BR-163/MS;Norte;Capotamento;1;0;0;0;0;0;0;0;0;0;0;1;0;0;0
02/12/2016;03:57:00;23;sem vítima;303,6;BR-163/MS;Sul;Atropelamento de animais;1;0;0;0;0;0;0;0;0;0;1;0;0;0;0
02/12/2016;07:57:00;80;sem vítima;600,602;BR-163/MS;Norte;Colisão lateral no mesmo sentido;0;0;2;0;0;0;0;0;0;0;2;0;0;0;0
02/12/2016;20:22:00;341;sem vítima;36;BR-163/MS;Sul;Colisão com veículos (traseira);2;0;0;0;0;0;0;0;0;0;5;0;0;0;0
02/12/2016;22:55:00;380;com vítima;20,2;BR-163/MS;Norte;Colisão c/ obstáculos;0;0;1;0;0;0;0;0;0;0;0;1;0;0;0
03/12/2016;03:05:00;26;sem vítima;490,73;BR-163/MS;Norte;Atropelamento de animais;1;0;0;0;0;0;0;0;0;0;1;0;0;0;0
03/12/2016;04:50:00;44;sem vítima;687;BR-163/MS;Norte;Capotamento;1;0;0;0;0;0;0;0;0;0;1;0;0;0;0
03/12/2016;13:32:00;186;com vítima;8,6;BR-163/MS;Norte;Colisão com veículos (traseira);1;0;0;1;0;0;0;0;0;0;3;1;0;0;0
03/12/2016;13:58:00;190;sem vítima;508;BR-163/MS;Norte;Colisão com veículos (traseira);0;0;2;0;0;1;0;0;0;0;3;0;0;0;0
03/12/2016;21:19:00;305;sem vítima;256;BR-163/MS;Norte;Capotamento;1;0;0;0;0;1;0;0;0;0;5;0;0;0;0
03/12/2016;23:12:00;317;sem vítima;806,8;BR-163/MS;Sul;Tombamento;0;0;0;0;0;0;0;0;0;1;2;0;0;0;0
04/12/2016;06:39:00;68;sem vítima;660;BR-163/MS;Sul;Saídas de pista;1;0;0;0;0;0;0;0;0;0;1;0;0;0;0
04/12/2016;14:41:00;195;com vítima;18,24;BR-163/MS;Sul;Colisão c/ obstáculos;0;0;1;0;0;1;0;0;0;0;1;1;0;0;0
04/12/2016;22:48:00;304;sem vítima;617;BR-163/MS;Norte;Colisão com veículos (traseira);2;0;0;0;0;0;0;0;0;0;2;0;0;0;0
05/12/2016;04:41:00;33;sem vítima;238,397;BR-163/MS;Sul;Atropelamento de animais;1;0;0;0;0;0;0;0;0;0;1;0;0;0;0
05/12/2016;06:25:00;47;com vítima;478,9;BR-163/MS;Norte;Colisão com veículos (traseira);0;1;0;1;0;0;0;0;0;0;0;1;1;0;0
05/12/2016;21:10:00;320;sem vítima;527;BR-163/MS;Sul;Colisão lateral no sentido contrário;1;0;1;0;0;0;0;0;0;0;4;0;0;0;0
05/12/2016;22:22:00;334;sem vítima;377,259;BR-163/MS;Sul;Tombamento de moto;0;0;0;1;0;0;0;0;0;0;1;0;0;0;0
05/12/2016;23:37:00;341;com vítima;789,88;BR-163/MS;Sul;Capotamento;1;0;0;0;0;0;0;0;0;0;0;1;0;0;0
07/12/2016;11:28:00;156;com vítima;41,8;BR-163/MS;Norte;Colisão lateral no mesmo sentido;0;0;0;1;0;1;0;0;0;0;1;1;0;0;0
07/12/2016;10:39:00;171;sem vítima;490;BR-163/MS;Norte;Atropelamento de animais;0;0;0;0;0;0;0;0;0;0;0;0;0;0;0
07/12/2016;11:25:00;184;sem vítima;389;BR-163/MS;Sul;Atropelamento de animais;1;0;0;0;0;0;0;0;0;0;1;0;0;0;0
07/12/2016;13:48:00;218;com vítima;206,5;BR-163/MS;Sul;Tombamento;0;0;1;0;0;0;0;0;0;0;0;1;0;0;0
07/12/2016;17:35:00;286;com vítima;257;BR-163/MS;Norte;Tombamento de moto;0;0;0;1;0;0;0;0;0;1;1;1;0;0;0
07/12/2016;17:41:00;289;sem vítima;481,308;BR-163/MS;Norte;Colisão com veículos (traseira);0;0;1;0;0;1;0;0;0;0;2;0;0;0;0
07/12/2016;19:59:00;310;sem vítima;672,3;BR-163/MS;Norte;Atropelamento de animais;0;0;1;0;0;0;0;0;0;0;1;0;0;0;0
07/12/2016;21:04:00;320;sem vítima;788,3;BR-163/MS;Sul;Colisão c/ obstáculos;1;0;0;0;0;0;0;0;0;0;3;0;0;0;0
07/12/2016;23:06:00;348;sem vítima;476,3;BR-163/MS;Sul;Tombamento;0;0;1;0;0;3;0;0;0;0;4;0;0;0;0
08/12/2016;00:36:00;6;com vítima;477;BR-163/MS;Sul;Tombamento de moto;0;0;0;1;0;0;0;0;0;0;1;1;0;0;0
08/12/2016;16:50:00;280;com vítima;492,8;BR-163/MS;Norte;Colisão com veículos (frontal);0;0;1;0;0;1;0;0;0;1;3;0;0;1;1
08/12/2016;18:01:00;294;com vítima;350,408;BR-163/MS;Norte;Colisão com veículos (frontal);1;0;1;0;0;2;0;0;0;0;3;0;0;0;1
08/12/2016;20:41:00;330;sem vítima;363,862;BR-163/MS;Sul;Colisão c/ obstáculos;1;0;0;0;0;0;0;0;0;0;1;0;0;0;0
09/12/2016;01:25:00;12;com vítima;494,5;BR-163/MS;Norte;Colisão com veículos (traseira);0;0;2;0;0;0;0;0;0;0;1;0;0;1;0
09/12/2016;07:00:00;45;com vítima;600;BR-163/MS;Norte;Colisão com veículos (traseira);0;0;2;0;0;0;0;0;0;0;1;1;0;0;0
09/12/2016;13:41:00;191;sem vítima;676;BR-163/MS;Norte;Saídas de pista;0;0;0;0;0;0;0;0;0;1;4;0;0;0;0
09/12/2016;23:04:00;345;sem vítima;318,32;BR-163/MS;Sul;Atropelamento de animais;1;0;0;0;0;0;0;0;0;0;1;0;0;0;0
10/12/2016;03:58:00;31;sem vítima;248,519;BR-163/MS;Sul;Colisão c/ obstáculos;1;0;0;0;0;0;0;0;0;0;1;0;0;0;0
10/12/2016;05:44:00;39;sem vítima;77;BR-163/MS;Sul;Colisão c/ obstáculos;1;0;0;0;0;0;0;0;0;0;1;0;0;0;0
10/12/2016;06:46:00;52;sem vítima;481,26;BR-163/MS;Sul;Capotamento;1;0;0;0;0;0;0;0;0;0;1;0;0;0;0
10/12/2016;06:57:00;55;sem vítima;396,8;BR-163/MS;Sul;Capotamento;1;0;0;0;0;0;0;0;0;0;2;0;0;0;0
10/12/2016;09:55:00;121;sem vítima;6;BR-163/MS;Norte;Colisão com veículos (traseira);2;0;0;0;0;0;0;0;0;0;6;0;0;0;0
10/12/2016;09:55:00;122;sem vítima;265;BR-163/MS;Norte;Saídas de pista;0;0;0;0;0;0;0;0;0;1;1;0;0;0;0
10/12/2016;17:33:00;263;com vítima;482;BR-163/MS;Norte;Colisão lateral no sentido contrário;0;0;1;1;0;0;0;0;0;0;1;0;0;1;0
10/12/2016;20:33:00;310;com vítima;258;BR-163/MS;Norte;Tombamento de moto;0;0;0;1;0;1;0;0;0;0;1;1;0;0;0
11/12/2016;02:17:00;15;sem vítima;298;BR-163/MS;Norte;Atropelamento de animais;0;0;0;0;0;0;0;0;0;1;1;0;0;0;0
11/12/2016;03:12:00;20;sem vítima;227;BR-163/MS;Sul;Atropelamento de animais;1;0;0;0;0;0;0;0;0;0;1;0;0;0;0
11/12/2016;12:03:00;129;sem vítima;484;BR-163/MS;Norte;Colisão lateral no mesmo sentido;1;0;1;0;0;0;0;0;0;0;2;0;0;0;0
11/12/2016;17:41:00;235;com vítima;615;BR-163/MS;Norte;Colisão lateral no mesmo sentido;0;0;0;2;0;0;0;0;0;0;1;1;0;0;0
11/12/2016;21:05:00;287;sem vítima;455,89;BR-163/MS;Norte;Atropelamento de animais;1;0;0;0;0;0;0;0;0;1;2;0;0;0;0
12/12/2016;09:00:00;163;sem vítima;213;BR-163/MS;Sul;Tombamento;0;0;2;0;0;2;0;0;0;0;4;0;0;0;0
12/12/2016;14:01:00;239;sem vítima;225;BR-163/MS;Norte;Colisão com veículos (traseira);2;0;0;0;0;0;0;0;0;0;4;0;0;0;0
12/12/2016;15:26:00;270;sem vítima;547,4;BR-163/MS;Sul;Colisão com veículos (traseira);1;0;1;0;0;0;0;0;0;0;5;0;0;0;0