data;horario;n_da_ocorrencia;tipo_de_ocorrencia;km;trecho;sentido;tipo_de_acidente;automovel;bicicleta;caminhao;moto;onibus;outros;tracao_animal;transporte_de_cargas_especiais;trator_maquinas;utilitarios;ilesos;levemente_feridos;moderadamente_feridos;gravemente_feridos;mortos
15/01/2017;13:20:00;154;com vítima;216;BR-163/MS;Norte;Capotamento;1;0;0;0;0;0;0;0;0;0;0;3;0;0;0
15/01/2017;18:08:00;245;com vítima;309,9;BR-163/MS;Sul;Capotamento;1;0;0;0;0;0;0;0;0;0;0;2;0;0;0
15/01/2017;19:08:00;264;com vítima;147;BR-163/MS;Norte;Tombamento de moto;0;0;0;1;0;0;0;0;0;0;0;2;0;0;0
16/01/2017;06:56:00;53;sem vítima;526;BR-163/MS;Sul;Colisão com veículos (traseira);1;0;0;0;0;0;0;0;0;1;2;0;0;0;0
16/01/2017;07:44:00;73;sem vítima;265;BR-163/MS;Sul;Colisão com veículos (traseira);1;0;0;0;0;1;0;0;0;1;3;0;0;0;0
16/01/2017;15:25:00;292;sem vítima;272;BR-163/MS;Norte;Colisão com veículos (traseira);0;0;2;0;0;0;0;0;0;0;2;0;0;0;0
16/01/2017;17:25:00;324;com vítima;484,495;BR-163/MS;Norte;Colisão lateral no sentido contrário;1;0;0;1;0;0;0;0;0;0;1;0;1;0;0
16/01/2017;18:21:00;335;com vítima;484,109;BR-163/MS;Sul;Colisão com veículos (frontal);0;0;0;1;0;0;0;0;0;1;4;1;1;0;0
17/01/2017;05:48:00;35;sem vítima;426;BR-163/MS;Norte;Saídas de pista;1;0;0;0;0;0;0;0;0;0;1;0;0;0;0
17/01/2017;18:25:00;307;com vítima;39,9;BR-163/MS;Norte;Colisão lateral no sentido contrário;0;1;1;0;0;0;0;0;0;0;1;0;1;0;0
18/01/2017;01:17:00;10;com vítima;791,589;BR-163/MS;Sul;Capotamento;1;0;0;0;0;0;0;0;0;0;0;4;0;0;0
18/01/2017;02:13:00;14;sem vítima;637,382;BR-163/MS;Sul;Atropelamento de animais;0;0;0;0;0;0;0;0;0;1;1;0;0;0;0
18/01/2017;17:07:00;268;sem vítima;482;BR-163/MS;Norte;Colisão com veículos (traseira);1;0;0;0;0;1;0;0;0;0;2;0;0;0;0
18/01/2017;19:09:00;292;com vítima;256,3;BR-163/MS;Sul;Colisão lateral no mesmo sentido;0;0;0;1;0;0;0;0;0;1;1;2;0;0;0
18/01/2017;19:38:00;300;sem vítima;320,8;BR-163/MS;Sul;Saídas de pista;1;0;0;0;0;0;0;0;0;0;5;0;0;0;0
18/01/2017;20:17:00;307;sem vítima;93,29;BR-163/MS;Norte;Tombamento;0;0;1;0;0;2;0;0;0;0;3;0;0;0;0
18/01/2017;20:33:00;309;com vítima;117,654;BR-163/MS;Norte;Colisão lateral no sentido contrário;1;0;0;0;0;1;0;0;0;0;1;1;0;0;0
19/01/2017;03:09:00;15;sem vítima;459,7;BR-163/MS;Norte;Colisão c/ obstáculos;0;0;0;0;0;0;0;0;0;1;1;0;0;0;0
19/01/2017;08:06:00;66;com vítima;477,802;BR-163/MS;Norte;Colisão com veículos (frontal);0;0;1;1;0;0;0;0;0;0;1;1;0;0;0
19/01/2017;08:44:00;84;sem vítima;175;BR-163/MS;Norte;Saídas de pista;0;0;0;0;0;0;0;0;0;1;2;0;0;0;0
19/01/2017;11:41:00;157;sem vítima;466;BR-163/MS;Norte;Colisão com veículos (traseira);2;0;0;0;0;0;0;0;0;0;8;0;0;0;0
19/01/2017;16:51:00;297;sem vítima;367;BR-163/MS;Norte;Saídas de pista;0;0;0;0;0;0;0;0;0;1;3;0;0;0;0
20/01/2017;08:40:00;121;sem vítima;26;BR-163/MS;Sul;Colisão lateral no mesmo sentido;2;0;0;0;0;0;0;0;0;0;2;0;0;0;0
20/01/2017;12:46:00;218;com vítima;262;BR-163/MS;Sul;Colisão com veículos (traseira);0;0;0;1;0;0;0;0;0;1;1;2;0;0;0
20/01/2017;12:59:00;221;com vítima;682;BR-163/MS;Norte;Colisão com veículos (traseira);1;0;0;0;0;0;0;0;0;1;3;1;0;0;0
20/01/2017;17:47:00;328;com vítima;589;BR-163/MS;Norte;Colisão com veículos (traseira);2;0;0;0;0;0;0;0;0;0;5;1;0;0;0
20/01/2017;19:11:00;351;sem vítima;739;BR-163/MS;Norte;Capotamento;1;0;0;0;0;0;0;0;0;0;1;0;0;0;0
21/01/2017;01:03:00;14;com vítima;475,757;BR-163/MS;Sul;Saídas de pista;1;0;0;0;0;0;0;0;0;0;0;1;0;0;0
21/01/2017;09:21:00;114;com vítima;6;BR-163/MS;Norte;Engavetamento;2;0;0;0;0;0;0;0;0;1;6;3;0;0;0
21/01/2017;13:36:00;156;com vítima;290;BR-163/MS;Norte;Capotamento;1;0;0;0;0;0;0;0;0;0;0;1;0;0;0
22/01/2017;11:11:00;107;sem vítima;109,7;BR-163/MS;Sul;Outros;1;0;0;0;0;0;0;0;0;1;2;0;0;0;0
22/01/2017;12:09:00;130;sem vítima;454;BR-163/MS;Norte;Tombamento;0;0;1;0;0;1;0;0;0;0;2;0;0;0;0
22/01/2017;15:10:00;184;com vítima;458,4;BR-163/MS;Norte;Colisão com veículos (frontal);0;0;1;0;0;0;0;0;0;1;0;3;0;2;1
22/01/2017;16:37:00;210;com vítima;669,8;BR-163/MS;Sul;Colisão c/ obstáculos;0;0;0;1;0;0;0;0;0;0;0;0;0;2;0
22/01/2017;18:03:00;231;sem vítima;145;BR-163/MS;Sul;Capotamento;1;0;0;0;0;0;0;0;0;0;1;0;0;0;0
22/01/2017;19:00:00;247;sem vítima;269,353;BR-163/MS;Norte;Capotamento;1;0;0;0;0;0;0;0;0;0;2;0;0;0;0
22/01/2017;19:55:00;265;com vítima;265,526;BR-163/MS;Norte;Colisão com veículos (traseira);2;0;0;0;0;0;0;0;0;0;1;0;1;0;0
23/01/2017;01:06:00;10;sem vítima;392,943;BR-163/MS;Norte;Saídas de pista;1;0;0;0;0;0;0;0;0;0;1;0;0;0;0
23/01/2017;07:22:00;67;sem vítima;366;BR-163/MS;Sul;Colisão c/ obstáculos;0;0;1;0;0;0;0;0;0;0;1;0;0;0;0
23/01/2017;14:21:00;259;com vítima;223;BR-163/MS;Norte;Tombamento de moto;0;0;0;1;0;0;0;0;0;0;0;0;1;0;0
23/01/2017;23:10:00;400;sem vítima;333,8;BR-163/MS;Norte;Atropelamento de animais;0;0;0;0;0;0;0;0;0;1;3;0;0;0;0
24/01/2017;20:06:00;397;sem vítima;464,82;BR-163/MS;Sul;Atropelamento de animais;0;0;0;0;0;0;0;0;0;1;1;0;0;0;0
25/01/2017;09:53:00;128;com vítima;581,3;BR-163/MS;Sul;Colisão c/ obstáculos;0;0;2;0;0;3;0;0;0;0;3;1;0;1;0
25/01/2017;13:58:00;219;sem vítima;335;BR-163/MS;Sul;Colisão lateral no mesmo sentido;1;0;1;0;0;0;0;0;0;0;2;0;0;0;0
25/01/2017;15:07:00;251;com vítima;329;BR-163/MS;Norte;Saídas de pista;0;0;0;1;0;0;0;0;0;0;0;1;1;0;0
25/01/2017;17:08:00;292;com vítima;259;BR-163/MS;Norte;Colisão lateral no mesmo sentido;0;1;0;1;0;0;0;0;0;0;1;1;0;0;0
26/01/2017;13:54:00;227;com vítima;665,3;BR-163/MS;Sul;Capotamento;1;0;0;0;0;0;0;0;0;0;1;2;0;0;0
26/01/2017;23:21:00;409;sem vítima;483,245;BR-163/MS;Norte;Saídas de pista;1;0;0;0;0;0;0;0;0;0;1;0;0;0;0
27/01/2017;05:16:00;39;com vítima;837,33;BR-163/MS;Norte;Colisão com veículos (frontal);0;0;0;1;0;0;0;0;0;1;4;1;0;0;0
27/01/2017;06:41:00;54;com vítima;383;BR-163/MS;Norte;Colisão com veículos (traseira);0;0;1;0;0;0;0;0;0;1;2;1;0;0;0
27/01/2017;08:26:00;109;sem vítima;126,1;BR-163/MS;Sul;Colisão com veículos (traseira);2;0;0;0;0;0;0;0;0;0;2;0;0;0;0
27/01/2017;15:16:00;309;com vítima;747;BR-163/MS;Sul;Saídas de pista;1;0;0;0;0;0;0;0;0;0;0;3;0;0;0
27/01/2017;20:29:00;411;com vítima;811,44;BR-163/MS;Sul;Colisão lateral no sentido contrário;1;0;1;0;0;0;0;0;0;0;0;2;0;0;0
27/01/2017;22:20:00;430;sem vítima;553,815;BR-163/MS;Sul;Atropelamento de animais;0;0;0;0;0;0;0;0;0;2;3;0;0;0;0
28/01/2017;18:38:00;347;sem vítima;496;BR-163/MS;Sul;Capotamento;0;0;1;0;0;1;0;0;0;0;2;0;0;0;0
28/01/2017;18:56:00;349;sem vítima;499,12;BR-163/MS;Sul;Tombamento;0;0;1;0;0;1;0;0;0;0;2;0;0;0;0
28/01/2017;20:25:00;373;com vítima;37;BR-163/MS;Sul;Atropelamento de animais;0;0;0;1;0;0;0;;0;0;0;1;0;0;0
29/01/2017;13:21:00;170;sem vítima;476;BR-163/MS;Norte;Colisão c/ obstáculos;1;0;1;0;0;0;0;;0;1;9;0;0;0;0
29/01/2017;15:43:00;221;com vítima;252;BR-163/MS;Norte;Tombamento de moto;0;0;0;1;0;0;0;;0;0;0;2;0;0;0
29/01/2017;21:35:00;308;sem vítima;667,415;BR-163/MS;Norte;Saídas de pista;1;0;0;0;0;0;0;;0;0;5;0;0;0;0
30/01/2017;00:40:00;7;sem vítima;837,541;BR-163/MS;Norte;Colisão c/ obstáculos;1;0;0;0;0;0;0;;0;0;2;0;0;0;0
30/01/2017;09:38:00;132;sem vítima;664;BR-163/MS;Sul;Colisão c/ obstáculos;0;0;1;0;0;0;0;;0;0;1;0;0;0;0
30/01/2017;12:16:00;198;sem vítima;417,8;BR-163/MS;Norte;Colisão com veículos (traseira);2;0;0;0;0;0;0;;0;0;6;0;0;0;0
30/01/2017;14:29:00;243;sem vítima;31;BR-163/MS;Norte;Saídas de pista;0;0;1;0;0;0;0;;0;0;1;0;0;0;0
30/01/2017;18:00:00;319;sem vítima;778,409;BR-163/MS;Sul;Saídas de pista;1;0;0;0;0;0;0;;0;0;1;0;0;0;0
31/01/2017;10:16:00;162;com vítima;371,364;BR-163/MS;Norte;Colisão com veículos (frontal);0;0;0;0;0;0;0;;0;2;2;1;0;0;0
31/01/2017;17:25:00;312;com vítima;243,1;BR-163/MS;Norte;Colisão com veículos (frontal);2;0;1;0;0;0;0;;0;0;2;0;1;0;0
31/01/2017;19:36:00;354;sem vítima;357,35;BR-163/MS;Norte;Saídas de pista;0;0;1;0;0;0;0;;0;1;2;0;0;0;0
31/01/2017;19:56:00;358;com vítima;106,5;BR-163/MS;Norte;Colisão lateral no mesmo sentido;1;0;1;0;0;0;0;;0;0;1;1;0;0;0
01/02/2017;06:05:00;38;sem vítima;185,5;BR-163/MS;Sul;Saídas de pista;1;0;0;0;0;0;0;0;0;0;1;0;0;0;0
01/02/2017;11:28:00;198;sem vítima;507;BR-163/MS;Sul;Saídas de pista;1;0;0;0;0;0;0;0;0;0;2;0;0;0;0
01/02/2017;16:33:00;304;com vítima;763;BR-163/MS;Norte;Colisão lateral no sentido contrário;0;0;2;0;0;0;0;0;0;0;1;1;0;0;0
02/02/2017;11:25:00;229;com vítima;656,5;BR-163/MS;Norte;Capotamento;0;0;0;0;0;0;0;0;0;1;3;0;0;1;0
02/02/2017;12:12:00;242;sem vítima;537;BR-163/MS;Sul;Colisão lateral no mesmo sentido;0;0;0;1;0;1;0;0;0;0;2;0;0;0;0
02/02/2017;18:56:00;404;sem vítima;567,91;BR-163/MS;Norte;Colisão c/ obstáculos;0;0;0;0;0;0;0;0;0;1;1;0;0;0;0
02/02/2017;20:35:00;434;sem vítima;603,325;BR-163/MS;Norte;Atropelamento de animais;0;0;0;0;0;0;0;0;0;1;1;0;0;0;0
03/02/2017;00:57:00;5;sem vítima;413,1;BR-163/MS;Norte;Atropelamento de animais;0;0;0;0;0;0;0;0;0;1;1;0;0;0;0
03/02/2017;05:30:00;34;sem vítima;796,2;BR-163/MS;Sul;Atropelamento de animais;1;0;1;0;0;0;0;0;0;0;2;0;0;0;0
03/02/2017;06:14:00;40;sem vítima;577,561;BR-163/MS;Norte;Saídas de pista;1;0;0;0;0;0;0;0;0;0;2;0;0;0;0
03/02/2017;13:01:00;249;sem vítima;218;BR-163/MS;Norte;Colisão lateral no sentido contrário;1;0;1;0;0;0;0;0;0;0;3;0;0;0;0
03/02/2017;13:09:00;254;sem vítima;214,15;BR-163/MS;Sul;Capotamento;0;0;1;0;0;0;0;0;0;0;2;0;0;0;0
03/02/2017;14:53:00;299;sem vítima;660;BR-163/MS;Norte;Colisão lateral no mesmo sentido;1;0;1;0;0;2;0;0;0;0;8;0;0;0;0
04/02/2017;00:55:00;4;com vítima;185,3;BR-163/MS;Sul;Tombamento;0;0;1;0;0;0;0;0;0;0;0;1;0;0;0
04/02/2017;03:03:00;18;sem vítima;805,301;BR-163/MS;Sul;Tombamento;0;0;1;0;0;1;0;0;0;0;2;0;0;0;0
04/02/2017;12:51:00;174;sem vítima;364;BR-163/MS;Sul;Colisão lateral no mesmo sentido;0;0;2;0;0;2;0;0;0;0;5;0;0;0;0
04/02/2017;23:21:00;375;sem vítima;761,8;BR-163/MS;Sul;Saídas de pista;0;0;0;0;0;0;0;0;0;1;1;0;0;0;0
05/02/2017;05:29:00;46;sem vítima;362,5;BR-163/MS;Norte;Saídas de pista;1;0;0;0;0;0;0;0;0;0;1;0;0;0;0
06/02/2017;00:10:00;5;com vítima;124,355;BR-163/MS;Sul;Tombamento de moto;0;0;0;1;0;0;0;0;0;0;0;1;1;0;0
06/02/2017;10:22:00;214;sem vítima;284;BR-163/MS;Norte;Colisão com veículos (traseira);2;0;0;0;0;0;0;0;0;0;2;0;0;0;0
06/02/2017;21:35:00;459;sem vítima;151,603;BR-163/MS;Norte;Atropelamento de animais;1;0;0;0;0;0;0;0;0;0;2;0;0;0;0
07/02/2017;02:01:00;19;com vítima;326,8;BR-163/MS;Norte;Colisão lateral no mesmo sentido;2;0;0;0;0;0;0;0;0;0;1;2;1;0;0
07/02/2017;05:51:00;31;com vítima;632,267;BR-163/MS;Sul;Colisão lateral no mesmo sentido;0;0;0;1;0;0;0;0;0;1;3;0;0;0;1
07/02/2017;07:26:00;69;com vítima;452,2;BR-163/MS;Norte;Outros;0;0;2;1;0;1;0;0;0;0;3;1;0;0;0
07/02/2017;10:43:00;186;com vítima;490;BR-163/MS;Norte;Colisão lateral no mesmo sentido;0;0;0;1;0;0;0;0;0;1;1;1;0;0;0
07/02/2017;14:24:00;276;com vítima;585,7;BR-163/MS;Norte;Colisão c/ obstáculos;1;0;0;0;0;0;0;0;0;0;0;1;0;0;0
07/02/2017;16:23:00;329;com vítima;115;BR-163/MS;Sul;Tombamento de moto;0;0;0;1;0;0;0;0;0;0;0;1;1;0;0
08/02/2017;00:14:00;5;sem vítima;368;BR-163/MS;Sul;Tombamento;0;0;0;0;0;0;0;0;0;1;1;0;0;0;0
08/02/2017;06:35:00;38;sem vítima;514,6;BR-163/MS;Norte;Colisão com veículos (traseira);1;0;0;0;0;0;0;0;0;1;6;0;0;0;0
08/02/2017;06:46:00;42;com vítima;479;BR-163/MS;Norte;Colisão com veículos (traseira);0;1;0;1;0;0;0;0;0;0;0;2;0;0;0
08/02/2017;11:56:00;196;com vítima;472;BR-163/MS;Norte;Tombamento de moto;0;0;0;1;0;0;0;0;0;0;0;2;0;0;0
08/02/2017;17:14:00;335;sem vítima;176,6;BR-163/MS;Sul;Capotamento;1;1;0;0;0;0;0;0;0;0;3;0;0;0;0
08/02/2017;18:26:00;354;com vítima;254,3;BR-163/MS;Norte;Colisão com veículos (traseira);1;0;0;0;0;0;0;0;0;1;1;1;0;1;0
08/02/2017;20:43:00;400;com vítima;424,5;BR-163/MS;Sul;Colisão c/ obstáculos;1;0;0;0;0;1;0;0;0;0;1;0;0;1;0
09/02/2017;02:38:00;32;sem vítima;146,3;BR-163/MS;Sul;Tombamento;0;0;1;0;0;0;0;0;0;0;1;0;0;0;0
09/02/2017;02:56:00;33;com vítima;434,8;BR-163/MS;Norte;Colisão c/ obstáculos;0;0;1;0;0;0;0;0;0;0;0;1;0;0;0
09/02/2017;20:12:00;411;sem vítima;385,5;BR-163/MS;Sul;Atropelamento de animais;1;0;0;0;0;0;0;0;0;0;1;0;0;0;0
10/02/2017;09:34:00;166;com vítima;336,228;BR-163/MS;Norte;Colisão com veículos (traseira);1;0;0;1;0;0;0;0;0;0;1;2;0;0;0
10/02/2017;15:31:00;311;com vítima;272;BR-163/MS;Norte;Colisão lateral no mesmo sentido;1;0;0;1;0;0;0;0;0;0;1;0;1;0;0
10/02/2017;20:16:00;396;com vítima;251;BR-163/MS;Norte;Colisão com veículos (frontal);2;0;1;1;0;0;0;0;0;1;5;0;0;0;1
10/02/2017;22:58:00;426;sem vítima;510,569;BR-163/MS;Sul;Saídas de pista;1;0;0;0;0;0;0;0;0;0;1;0;0;0;0
11/02/2017;01:12:00;11;sem vítima;484,3;BR-163/MS;Sul;Colisão lateral no mesmo sentido;1;0;0;0;0;0;0;0;0;0;1;0;0;0;0
11/02/2017;02:38:00;24;sem vítima;543,139;BR-163/MS;Sul;Colisão com veículos (traseira);1;0;1;0;0;0;0;0;0;0;2;0;0;0;0
11/02/2017;08:54:00;117;com vítima;185;BR-163/MS;Norte;Tombamento de moto;0;0;0;1;0;0;0;0;0;0;0;0;1;0;0
11/02/2017;09:37:00;135;sem vítima;792;BR-163/MS;Sul;Colisão com veículos (traseira);0;0;1;0;0;0;0;0;0;1;2;0;0;0;0
11/02/2017;09:51:00;141;com vítima;294;BR-163/MS;Norte;Tombamento de moto;0;0;0;1;0;0;0;0;0;0;0;0;1;0;0
11/02/2017;10:29:00;156;sem vítima;188;BR-163/MS;Norte;Saídas de pista;1;0;0;0;0;0;0;0;0;0;1;0;0;0;0
11/02/2017;12:23:00;191;sem vítima;478;BR-163/MS;Norte;Colisão lateral no sentido contrário;2;0;0;0;0;0;0;0;0;0;2;0;0;0;0
11/02/2017;20:21:00;325;com vítima;485,484;BR-163/MS;Sul;Colisão lateral no mesmo sentido;0;0;0;1;0;0;0;0;0;1;1;0;1;1;0
11/02/2017;21:07:00;336;com vítima;279;BR-163/MS;Norte;Colisão com veículos (traseira);1;0;0;1;0;0;0;0;0;0;1;0;1;0;0
12/02/2017;01:08:00;9;sem vítima;297,477;BR-163/MS;Sul;Saídas de pista;1;0;0;0;0;0;0;0;0;0;1;0;0;0;0
12/02/2017;06:59:00;48;sem vítima;350,208;BR-163/MS;Sul;Colisão c/ obstáculos;0;0;0;0;0;0;0;0;0;1;1;0;0;0;0
12/02/2017;11:52:00;147;com vítima;572,3;BR-163/MS;Norte;Colisão com veículos (frontal);2;0;0;0;0;0;0;0;0;0;1;4;0;1;0
12/02/2017;12:48:00;160;sem vítima;507;BR-163/MS;Norte;Capotamento;1;0;0;0;0;0;0;0;0;0;3;0;0;0;0
12/02/2017;15:00:00;201;sem vítima;68,7;BR-163/MS;Sul;Saídas de pista;1;0;0;0;0;0;0;0;0;0;1;0;0;0;0
12/02/2017;17:37:00;260;sem vítima;257;BR-163/MS;Norte;Colisão lateral no mesmo sentido;2;0;0;0;0;0;0;0;0;0;2;0;0;0;0
12/02/2017;21:01:00;322;com vítima;177;BR-163/MS;Norte;Tombamento de moto;0;0;0;1;0;0;0;0;0;0;1;1;0;0;0
13/02/2017;11:14:00;164;com vítima;25,4;BR-163/MS;Sul;Capotamento;1;0;0;0;0;0;0;0;0;0;0;1;0;0;0
13/02/2017;11:15:00;167;com vítima;491,5;BR-163/MS;Sul;Tombamento de moto;0;0;0;1;0;0;0;0;0;0;0;2;0;0;0
13/02/2017;11:19:00;170;com vítima;288;BR-163/MS;Sul;Colisão lateral no sentido contrário;0;1;0;1;0;0;0;0;0;0;0;1;1;0;0
13/02/2017;12:49:00;193;sem vítima;587;BR-163/MS;Sul;Colisão com veículos (traseira);0;0;2;0;0;3;0;0;0;0;5;0;0;0;0
13/02/2017;14:04:00;220;sem vítima;475;BR-163/MS;Sul;Colisão lateral no sentido contrário;2;0;0;0;0;0;0;0;0;0;4;0;0;0;0
13/02/2017;20:06:00;342;com vítima;514;BR-163/MS;Norte;Tombamento de moto;0;0;0;1;0;0;0;0;0;0;0;1;0;0;0
13/02/2017;20:11:00;346;sem vítima;525,132;BR-163/MS;Sul;Colisão com veículos (traseira);1;0;1;0;0;0;0;0;0;0;3;0;0;0;0
13/02/2017;21:03:00;356;com vítima;329,143;BR-163/MS;Sul;Colisão com veículos (frontal);0;1;1;0;0;0;0;0;0;0;1;0;0;0;1
14/02/2017;03:30:00;28;sem vítima;106,8;BR-163/MS;Sul;Colisão c/ obstáculos;0;0;0;0;0;0;0;0;0;1;2;0;0;0;0
14/02/2017;12:37:00;177;sem vítima;419,2;BR-163/MS;Sul;Saídas de pista;0;0;1;0;0;1;0;0;0;0;2;0;0;0;0
14/02/2017;20:55:00;291;com vítima;521,256;BR-163/MS;Norte;Colisão lateral no mesmo sentido;0;0;1;1;0;0;0;0;0;0;1;1;0;0;0
15/02/2017;13:58:00;219;com vítima;527;BR-163/MS;Sul;Tombamento;0;0;1;0;0;0;0;0;0;0;0;0;1;0;0
15/02/2017;15:27:00;245;sem vítima;478;BR-163/MS;Sul;Tombamento de moto;0;0;0;1;0;0;0;0;0;0;1;0;0;0;0
16/02/2017;00:25:00;4;com vítima;485,331;BR-163/MS;Norte;Colisão com veículos (traseira);1;0;0;1;0;0;0;0;0;0;1;1;0;0;0
16/02/2017;02:55:00;18;sem vítima;693,587;BR-163/MS;Sul;Tombamento;0;0;1;0;0;0;0;0;0;0;1;0;0;0;0
16/02/2017;05:58:00;37;com vítima;397;BR-163/MS;Norte;Colisão c/ obstáculos;1;0;1;0;0;2;0;0;0;0;3;1;0;0;0
16/02/2017;07:02:00;48;com vítima;315;BR-163/MS;Norte;Tombamento de moto;0;0;0;1;0;0;0;0;0;0;0;1;0;0;0
16/02/2017;19:58:00;330;sem vítima;616;BR-163/MS;Norte;Colisão lateral no mesmo sentido;2;0;0;0;0;0;0;0;0;0;2;0;0;0;0
17/02/2017;04:58:00;40;sem vítima;532,499;BR-163/MS;Sul;Atropelamento de animais;1;0;0;0;0;0;0;0;0;0;3;0;0;0;0
17/02/2017;09:23:00;144;sem vítima;220;BR-163/MS;Sul;Saídas de pista;0;0;0;0;0;0;0;0;0;1;2;0;0;0;0
17/02/2017;13:34:00;246;com vítima;299,4;BR-163/MS;Norte;Colisão com veículos (frontal);1;0;1;0;0;0;0;0;0;0;1;0;0;0;1
17/02/2017;16:39:00;306;sem vítima;619;BR-163/MS;Norte;Colisão c/ obstáculos;0;0;0;0;0;0;0;0;0;1;1;0;0;0;0
17/02/2017;18:31:00;348;sem vítima;265;BR-163/MS;Norte;Tombamento de moto;0;0;0;1;0;0;0;0;0;0;1;0;0;0;0
17/02/2017;21:24:00;389;com vítima;327,576;BR-163/MS;Sul;Tombamento de moto;0;0;0;1;0;0;0;0;0;1;1;0;1;0;0
18/02/2017;01:53:00;15;com vítima;281;BR-163/MS;Sul;Tombamento de moto;0;0;0;1;0;0;0;0;0;0;0;0;0;1;0
18/02/2017;08:40:00;112;com vítima;388,5;BR-163/MS;Sul;Capotamento;1;0;0;0;0;0;0;0;0;0;0;1;0;0;0
18/02/2017;13:34:00;201;sem vítima;475;BR-163/MS;Norte;Colisão lateral no sentido contrário;2;0;0;0;0;0;0;0;0;0;2;0;0;0;0
18/02/2017;13:48:00;209;sem vítima;490;BR-163/MS;Sul;Colisão com veículos (traseira);0;0;2;0;0;0;0;0;0;0;2;0;0;0;0
18/02/2017;18:44:00;307;sem vítima;485,48;BR-163/MS;Norte;Colisão lateral no sentido contrário;2;0;0;0;0;0;0;0;0;0;2;0;0;0;0
18/02/2017;19:35:00;328;sem vítima;460;BR-163/MS;Norte;Colisão lateral no mesmo sentido;1;0;0;0;0;1;0;0;0;0;2;0;0;0;0
18/02/2017;22:11:00;359;com vítima;304,586;BR-163/MS;Norte;Colisão lateral no sentido contrário;1;1;0;0;0;0;0;0;0;0;2;1;0;0;1
19/02/2017;00:23:00;2;com vítima;482,487;BR-163/MS;Sul;Colisão lateral no mesmo sentido;1;0;0;1;0;1;0;0;0;0;2;2;0;0;0
19/02/2017;07:11:00;45;sem vítima;480,5;BR-163/MS;Sul;Tombamento de moto;0;0;0;1;0;0;0;0;0;0;2;0;0;0;0
19/02/2017;16:56:00;236;com vítima;485,63;BR-163/MS;Sul;Tombamento de moto;0;0;0;1;0;0;0;0;0;0;0;2;0;0;0
20/02/2017;09:12:00;118;sem vítima;520;BR-163/MS;Sul;Engavetamento;0;0;1;0;0;0;0;0;0;2;6;0;0;0;0
21/02/2017;06:54:00;77;sem vítima;423,2;BR-163/MS;Sul;Colisão c/ obstáculos;1;0;1;0;0;0;0;0;0;0;5;0;0;0;0
21/02/2017;07:33:00;96;sem vítima;176;BR-163/MS;Sul;Saídas de pista;0;0;0;0;0;0;0;0;0;1;1;0;0;0;0
21/02/2017;18:12:00;357;sem vítima;523,291;BR-163/MS;Sul;Engavetamento;2;0;0;0;0;0;0;0;0;2;5;0;0;0;0
22/02/2017;06:13:00;65;com vítima;300;BR-163/MS;Norte;Colisão lateral no mesmo sentido;2;0;1;0;0;0;0;0;0;0;3;0;0;1;0
22/02/2017;08:02:00;98;sem vítima;220,8;BR-163/MS;Norte;Colisão com veículos (traseira);0;0;0;0;0;1;0;0;0;2;5;0;0;0;0
22/02/2017;09:46:00;150;com vítima;38,8;BR-163/MS;Norte;Atropelamento de pedestre;0;0;1;0;0;0;0;0;0;0;1;0;0;1;0
22/02/2017;10:24:00;162;sem vítima;559,5;BR-163/MS;Sul;Colisão c/ obstáculos;1;0;0;0;0;0;0;0;0;0;2;0;0;0;0
22/02/2017;15:19:00;263;com vítima;486;BR-163/MS;Norte;Tombamento de moto;0;0;0;1;0;0;0;0;0;0;0;1;0;0;0
22/02/2017;18:07:00;311;com vítima;167,741;BR-163/MS;Sul;Colisão lateral no mesmo sentido;1;0;1;0;0;0;0;0;0;0;3;1;0;0;0
22/02/2017;19:32:00;336;sem vítima;188,582;BR-163/MS;Sul;Colisão c/ obstáculos;1;0;0;0;0;0;0;0;0;0;1;0;0;0;0
23/02/2017;01:36:00;11;sem vítima;307,165;BR-163/MS;Sul;Atropelamento de animais;1;0;0;0;0;0;0;0;0;0;1;0;0;0;0
23/02/2017;02:56:00;23;com vítima;157,71;BR-163/MS;Norte;Tombamento de moto;0;0;0;1;0;0;0;0;0;0;0;1;0;0;0
23/02/2017;05:14:00;27;sem vítima;361,876;BR-163/MS;Norte;Atropelamento de animais;1;0;0;0;0;0;0;0;0;0;1;0;0;0;0
23/02/2017;07:12:00;77;com vítima;490;BR-163/MS;Norte;Colisão lateral no mesmo sentido;2;0;0;0;0;0;0;0;0;0;1;1;0;0;0
23/02/2017;19:08:00;363;sem vítima;739,5;BR-163/MS;Norte;Atropelamento de animais;1;0;0;0;0;0;0;0;0;0;1;0;0;0;0
23/02/2017;19:47:00;371;com vítima;474,435;BR-163/MS;Norte;Atropelamento de animais;0;0;0;1;0;0;0;0;0;0;0;2;0;0;0
23/02/2017;22:05:00;390;com vítima;431,826;BR-163/MS;Norte;Colisão c/ obstáculos;1;0;0;0;0;0;0;0;0;0;0;2;0;0;0
24/02/2017;04:41:00;25;com vítima;790,757;BR-163/MS;Norte;Atropelamento de animais;0;0;0;0;0;0;0;0;0;1;0;1;0;0;0
24/02/2017;12:20:00;224;com vítima;604;BR-163/MS;Norte;Capotamento;1;0;0;0;0;0;0;0;0;0;0;1;0;0;0
24/02/2017;16:11:00;306;sem vítima;106;BR-163/MS;Norte;Saídas de pista;1;0;0;0;0;0;0;0;0;0;4;0;0;0;0