data;horario;n_da_ocorrencia;tipo_de_ocorrencia;km;trecho;sentido;tipo_de_acidente;automovel;bicicleta;caminhao;moto;onibus;outros;tracao_animal;transporte_de_cargas_especiais;trator_maquinas;utilitarios;ilesos;levemente_feridos;moderadamente_feridos;gravemente_feridos;mortos
24/06/2017;06:46:00;35;sem vítima;483;BR-163/MS;Norte;Colisão c/ obstáculos;1;0;0;0;0;0;0;0;0;0;1;0;0;0;0
24/06/2017;17:56:00;270;com vítima;266,9;BR-163/MS;Norte;Tombamento de moto;0;0;0;1;0;0;0;0;0;0;1;1;0;0;0
24/06/2017;18:38:00;277;com vítima;729;BR-163/MS;Sul;Colisão lateral no sentido contrário;1;0;0;1;0;0;0;0;0;0;1;1;0;0;0
25/06/2017;00:14:00;4;com vítima;484;BR-163/MS;Norte;Capotamento;1;0;0;0;0;0;0;0;0;0;0;1;0;0;0
25/06/2017;12:02:00;133;com vítima;692,8;BR-163/MS;Sul;Capotamento;1;0;0;0;0;0;0;0;0;0;0;1;2;0;0
26/06/2017;09:28:00;135;sem vítima;328;BR-163/MS;Norte;Engavetamento;0;0;0;0;0;0;0;0;0;3;5;0;0;0;0
27/06/2017;03:11:00;16;sem vítima;260,436;BR-163/MS;Norte;Atropelamento de animais;0;0;0;0;0;0;0;0;0;1;1;0;0;0;0
27/06/2017;03:28:00;18;sem vítima;339,262;BR-163/MS;Norte;Tombamento;0;0;1;0;0;1;0;0;0;0;2;0;0;0;0
27/06/2017;07:18:00;41;sem vítima;159;BR-163/MS;Norte;Tombamento;0;0;1;0;0;2;0;0;0;0;3;0;0;0;0
27/06/2017;09:26:00;92;sem vítima;300;BR-163/MS;Norte;Capotamento;1;0;0;0;0;0;0;0;0;0;1;0;0;0;0
28/06/2017;05:22:00;33;com vítima;588,729;BR-163/MS;Sul;Atropelamento de animais;1;0;0;0;0;0;0;0;0;0;2;2;0;0;0
28/06/2017;18:19:00;290;com vítima;490;BR-163/MS;Norte;Colisão lateral no mesmo sentido;0;0;1;1;0;1;0;0;0;0;2;2;0;0;0
29/06/2017;07:34:00;109;com vítima;87;BR-163/MS;Norte;Colisão c/ obstáculos;1;0;0;0;0;0;0;0;0;0;0;2;0;0;3
30/06/2017;03:00:00;20;sem vítima;715,8;BR-163/MS;Norte;Colisão c/ obstáculos;0;0;0;0;0;0;0;0;0;1;1;0;0;0;0
30/06/2017;05:10:00;43;com vítima;74,111;BR-163/MS;Sul;Colisão lateral no sentido contrário;0;0;0;1;0;0;0;0;0;1;1;0;0;1;0
30/06/2017;15:13:00;255;sem vítima;636;BR-163/MS;Norte;Colisão c/ obstáculos;1;0;0;0;0;0;0;0;0;0;3;0;0;0;0
30/06/2017;16:16:00;286;sem vítima;490;BR-163/MS;Norte;Colisão com veículos (traseira);0;0;0;1;0;0;0;0;0;1;3;0;0;0;0
30/06/2017;19:46:00;345;sem vítima;541,696;BR-163/MS;Sul;Colisão lateral no mesmo sentido;1;0;1;0;0;0;0;0;0;0;2;0;0;0;0
01/07/2017;06:46:00;52;sem vítima;61,5;BR-163/MS;Norte;Tombamento;0;0;1;0;0;0;0;0;0;0;1;0;0;0;0
01/07/2017;16:05:00;238;sem vítima;251;BR-163/MS;Norte;Colisão com veículos (traseira);1;0;0;0;0;0;0;0;0;1;2;0;0;0;0
01/07/2017;16:23:00;244;com vítima;484,396;BR-163/MS;Norte;Colisão lateral no mesmo sentido;1;0;0;1;0;0;0;0;0;0;1;1;0;0;0
01/07/2017;20:44:00;306;sem vítima;802,607;BR-163/MS;Sul;Atropelamento de animais;0;0;1;0;0;2;0;0;0;0;3;0;0;0;0
02/07/2017;03:04:00;13;sem vítima;31,891;BR-163/MS;Sul;Atropelamento de animais;1;0;0;0;0;0;0;0;0;0;1;0;0;0;0
02/07/2017;14:14:00;167;com vítima;279,8;BR-163/MS;Norte;Tombamento;0;0;1;0;0;1;0;0;0;0;1;1;0;0;0
03/07/2017;14:22:00;242;sem vítima;812,215;BR-163/MS;Sul;Colisão com veículos (traseira);1;0;0;0;0;1;0;0;0;0;2;0;0;0;0
03/07/2017;23:53:00;359;sem vítima;152;BR-163/MS;Sul;Atropelamento de animais;0;0;0;0;0;0;0;0;0;1;1;0;0;0;0
04/07/2017;11:20:00;166;com vítima;473,85;BR-163/MS;Sul;Tombamento de moto;1;0;0;1;0;0;0;0;0;2;6;1;0;0;0
05/07/2017;07:41:00;87;com vítima;300;BR-163/MS;Norte;Saídas de pista;0;0;0;1;0;0;0;0;0;0;0;0;0;0;1
05/07/2017;15:08:00;238;com vítima;568,5;BR-163/MS;Norte;Capotamento;0;0;1;0;0;0;0;0;0;1;1;4;0;0;0
05/07/2017;16:29:00;256;sem vítima;72;BR-163/MS;Norte;Colisão com veículos (traseira);0;0;2;0;0;0;0;0;0;0;4;0;0;0;0
05/07/2017;20:39:00;320;sem vítima;478;BR-163/MS;Norte;Saídas de pista;1;0;0;0;0;0;0;0;0;0;1;0;0;0;0
05/07/2017;22:34:00;348;sem vítima;488;BR-163/MS;Norte;Atropelamento de animais;1;0;0;0;0;0;0;0;0;0;3;0;0;0;0
06/07/2017;07:32:00;64;sem vítima;486;BR-163/MS;Norte;Colisão com veículos (traseira);0;0;0;1;0;0;0;0;0;1;2;0;0;0;0
06/07/2017;22:36:00;325;sem vítima;496;BR-163/MS;Sul;Tombamento de moto;0;0;0;1;0;0;0;0;0;0;2;0;0;0;0
07/07/2017;07:32:00;55;sem vítima;543;BR-163/MS;Norte;Colisão c/ obstáculos;0;0;1;0;0;0;0;0;0;1;4;0;0;0;0
07/07/2017;21:42:00;312;com vítima;260;BR-163/MS;Norte;Atropelamento de pedestre;0;1;0;1;0;0;0;0;0;0;0;3;0;0;0
07/07/2017;22:42:00;326;com vítima;641,4;BR-163/MS;Norte;Colisão c/ obstáculos;1;0;0;0;0;0;0;0;0;0;0;4;0;0;0
08/07/2017;08:03:00;79;com vítima;5,7;BR-163/MS;Norte;Engavetamento;3;0;0;0;0;0;0;0;0;0;3;0;1;0;0
08/07/2017;11:41:00;157;sem vítima;485;BR-163/MS;Sul;Colisão com veículos (traseira);1;0;0;0;0;0;0;0;0;1;8;0;0;0;0
08/07/2017;15:27:00;227;com vítima;290,273;BR-163/MS;Sul;Tombamento de moto;0;0;0;1;0;0;0;0;0;0;0;1;0;0;0
08/07/2017;18:41:00;286;sem vítima;11;BR-163/MS;Norte;Tombamento de moto;0;0;0;1;0;0;0;0;0;0;1;0;0;0;0
08/07/2017;19:00:00;293;com vítima;492;BR-163/MS;Sul;Colisão com veículos (traseira);1;0;0;1;0;0;0;0;0;0;1;0;1;0;0
08/07/2017;21:55:00;322;com vítima;18,5;BR-163/MS;Sul;Colisão com veículos (traseira);1;0;1;0;0;0;0;0;0;0;1;1;0;0;0
09/07/2017;05:13:00;23;sem vítima;422;BR-163/MS;Sul;Colisão c/ obstáculos;0;0;0;0;0;0;0;0;0;1;1;0;0;0;0
09/07/2017;07:10:00;37;sem vítima;351;BR-163/MS;Sul;Colisão c/ obstáculos;1;0;0;0;0;0;0;0;0;0;3;0;0;0;0
09/07/2017;18:55:00;236;sem vítima;364,3;BR-163/MS;Sul;Atropelamento de animais;1;0;0;0;0;0;0;0;0;0;1;0;0;0;0
09/07/2017;19:05:00;240;com vítima;471;BR-163/MS;Norte;Tombamento de moto;0;0;0;1;0;0;0;0;0;0;0;2;0;0;0
09/07/2017;19:20:00;244;sem vítima;795;BR-163/MS;Sul;Atropelamento de animais;1;0;0;0;0;0;0;0;0;0;3;0;0;0;0
10/07/2017;00:56:00;6;com vítima;171;BR-163/MS;Sul;Colisão c/ obstáculos;1;0;0;0;0;0;0;0;0;0;1;1;0;0;0
10/07/2017;03:43:00;16;com vítima;159;BR-163/MS;Norte;Capotamento;1;0;0;0;0;0;0;0;0;0;0;0;0;0;1
10/07/2017;07:06:00;37;com vítima;489,61;BR-163/MS;Sul;Colisão lateral no mesmo sentido;0;0;0;2;0;0;0;0;0;0;1;2;0;0;0
10/07/2017;19:15:00;267;com vítima;502;BR-163/MS;Sul;Atropelamento de animais;1;0;0;0;0;0;0;0;0;0;0;1;0;0;0
11/07/2017;06:25:00;54;sem vítima;130;BR-163/MS;Sul;Saídas de pista;1;0;0;0;0;0;0;0;0;0;2;0;0;0;0
11/07/2017;17:13:00;307;sem vítima;365,122;BR-163/MS;Norte;Colisão com veículos (traseira);1;0;0;0;0;0;0;0;0;1;6;0;0;0;0
11/07/2017;18:18:00;317;com vítima;691;BR-163/MS;Norte;Colisão com veículos (traseira);0;0;2;0;1;2;0;0;0;0;20;1;0;0;0
12/07/2017;06:39:00;45;com vítima;475;BR-163/MS;Sul;Colisão lateral no sentido contrário;0;0;0;1;0;0;0;0;0;1;5;1;0;0;0
12/07/2017;13:11:00;219;sem vítima;466;BR-163/MS;Norte;Colisão c/ obstáculos;1;0;1;0;0;0;0;0;0;0;2;0;0;0;0
13/07/2017;07:38:00;67;sem vítima;181,6;BR-163/MS;Norte;Colisão com veículos (traseira);1;0;1;0;0;0;0;0;0;0;3;0;0;0;0
13/07/2017;08:22:00;101;sem vítima;181;BR-163/MS;Sul;Colisão c/ obstáculos;0;0;2;0;0;0;0;0;0;0;4;0;0;0;0
13/07/2017;13:50:00;228;com vítima;464,813;BR-163/MS;Norte;Engavetamento;1;0;4;0;0;6;0;0;0;0;9;1;0;0;3
13/07/2017;15:36:00;272;sem vítima;364,3;BR-163/MS;Norte;Colisão c/ obstáculos;1;0;0;0;0;0;0;0;0;0;3;0;0;0;0
14/07/2017;10:23:00;143;com vítima;168,8;BR-163/MS;Sul;Capotamento;1;0;0;0;0;0;0;0;0;0;1;4;0;0;0
14/07/2017;21:25:00;342;com vítima;316,301;BR-163/MS;Norte;Saídas de pista;1;0;0;0;0;0;0;0;0;0;0;1;0;0;0
15/07/2017;09:41:00;102;sem vítima;547,5;BR-163/MS;Sul;Colisão com veículos (traseira);2;0;0;0;0;0;0;0;0;0;7;0;0;0;0
15/07/2017;09:49:00;104;com vítima;487;BR-163/MS;Norte;Colisão lateral no sentido contrário;1;0;1;0;0;1;0;0;0;0;3;1;0;0;0
15/07/2017;12:18:00;153;com vítima;257;BR-163/MS;Sul;Atropelamento de pedestre;1;1;0;0;0;0;0;0;0;0;1;1;1;0;0
15/07/2017;23:48:00;325;com vítima;23,516;BR-163/MS;Norte;Capotamento;1;0;0;0;0;0;0;0;0;0;2;0;2;0;0
16/07/2017;08:34:00;65;com vítima;486;BR-163/MS;Norte;Tombamento de moto;0;0;0;1;0;0;0;0;0;0;1;1;0;0;0
16/07/2017;18:36:00;237;sem vítima;575;BR-163/MS;Sul;Colisão lateral no mesmo sentido;2;0;0;0;0;0;0;0;0;0;2;0;0;0;0
16/07/2017;23:37:00;283;sem vítima;483;BR-163/MS;Norte;Atropelamento de animais;1;0;0;0;0;0;0;0;0;0;4;0;0;0;0
17/07/2017;02:29:00;16;sem vítima;24,5;BR-163/MS;Sul;Capotamento;1;0;0;0;0;1;0;0;0;0;2;0;0;0;0
17/07/2017;07:16:00;63;sem vítima;563,429;BR-163/MS;Sul;Engavetamento;1;0;2;0;0;1;0;0;0;0;6;0;0;0;0
17/07/2017;13:13:00;180;sem vítima;660,659;BR-163/MS;Sul;Colisão lateral no mesmo sentido;1;0;2;0;0;0;0;0;0;1;8;0;0;0;0
17/07/2017;16:44:00;234;com vítima;807;BR-163/MS;Sul;Colisão lateral no mesmo sentido;2;0;0;0;0;0;0;0;0;0;7;1;0;0;0
17/07/2017;17:28:00;248;com vítima;266;BR-163/MS;Norte;Tombamento de moto;0;0;0;1;0;0;0;0;0;0;0;1;0;0;0
18/07/2017;07:05:00;39;sem vítima;490;BR-163/MS;Norte;Colisão com veículos (traseira);1;0;0;0;1;0;0;0;0;0;2;0;0;0;0
18/07/2017;08:30:00;76;sem vítima;475;BR-163/MS;Norte;Colisão lateral no sentido contrário;1;0;0;0;0;0;0;0;0;1;3;0;0;0;0
18/07/2017;14:39:00;214;com vítima;666;BR-163/MS;Sul;Colisão lateral no mesmo sentido;0;0;2;0;0;1;0;0;0;1;3;1;0;0;0
18/07/2017;20:13:00;297;sem vítima;493,147;BR-163/MS;Norte;Colisão lateral no mesmo sentido;1;0;1;0;0;0;0;0;0;0;2;0;0;0;0
19/07/2017;10:34:00;133;sem vítima;366;BR-163/MS;Sul;Engavetamento;0;0;0;0;0;0;0;0;0;3;7;0;0;0;0
19/07/2017;14:46:00;224;sem vítima;567,99;BR-163/MS;Norte;Colisão lateral no mesmo sentido;1;0;1;0;0;2;0;0;0;0;5;0;0;0;0
19/07/2017;18:14:00;291;com vítima;462;BR-163/MS;Norte;Atropelamento de animais;0;0;0;1;0;0;0;0;0;0;0;0;1;0;0
20/07/2017;06:58:00;32;sem vítima;477,57;BR-163/MS;Norte;Colisão lateral no sentido contrário;2;0;0;0;0;0;0;0;0;0;2;0;0;0;0
20/07/2017;08:12:00;64;sem vítima;682;BR-163/MS;Sul;Colisão com veículos (traseira);2;0;0;0;0;0;0;0;0;0;6;0;0;0;0
20/07/2017;14:57:00;219;sem vítima;254,1;BR-163/MS;Sul;Colisão lateral no mesmo sentido;1;0;1;0;0;0;0;0;0;0;2;0;0;0;0
20/07/2017;17:21:00;268;sem vítima;489;BR-163/MS;Norte;;1;0;0;0;0;0;0;0;0;0;1;0;0;0;0
20/07/2017;17:21:00;269;sem vítima;489;BR-163/MS;Norte;Engavetamento;3;0;0;0;0;0;0;0;0;0;9;0;0;0;0
20/07/2017;20:22:00;313;sem vítima;575;BR-163/MS;Norte;Atropelamento de animais;0;0;0;0;0;0;0;0;0;1;4;0;0;0;0
20/07/2017;20:53:00;319;sem vítima;103,8;BR-163/MS;Sul;Colisão c/ obstáculos;1;0;0;0;0;0;0;0;0;0;1;0;0;0;0
21/07/2017;14:45:00;219;sem vítima;3,398;BR-163/MS;Sul;Colisão com veículos (traseira);0;0;0;0;0;0;0;0;0;2;10;0;0;0;0
21/07/2017;16:18:00;259;sem vítima;465;BR-163/MS;Sul;Colisão com veículos (traseira);2;0;0;0;0;0;0;0;0;0;4;0;0;0;0
22/07/2017;02:05:00;10;sem vítima;534,952;BR-163/MS;Norte;Atropelamento de animais;0;0;0;0;0;0;0;0;0;1;1;0;0;0;0
22/07/2017;17:29:00;269;com vítima;280,2;BR-163/MS;Norte;Colisão c/ obstáculos;1;0;0;0;0;0;0;0;0;0;0;1;0;0;0
22/07/2017;21:47:00;307;com vítima;486;BR-163/MS;Norte;Colisão com veículos (traseira);0;1;0;0;0;1;0;0;0;0;2;1;0;0;0
22/07/2017;22:19:00;312;com vítima;520;BR-163/MS;Sul;Capotamento;1;0;0;0;0;0;0;0;0;0;2;2;0;0;0
23/07/2017;01:17:00;9;com vítima;263,21;BR-163/MS;Sul;Tombamento de moto;0;0;0;1;0;0;0;0;0;0;0;0;0;1;0
24/07/2017;00:52:00;7;com vítima;483;BR-163/MS;Norte;Colisão lateral no sentido contrário;0;0;0;2;0;0;0;0;0;0;0;0;2;0;0
25/07/2017;10:36:00;139;sem vítima;526,151;BR-163/MS;Norte;Colisão lateral no mesmo sentido;1;0;0;0;0;0;0;0;0;1;4;0;0;0;0
26/07/2017;20:48:00;322;com vítima;117,622;BR-163/MS;Norte;Colisão lateral no sentido contrário;1;0;1;0;0;1;0;0;0;0;3;0;1;0;0
27/07/2017;07:07:00;77;sem vítima;603,1;BR-163/MS;Sul;Colisão lateral no mesmo sentido;1;0;1;0;0;2;0;0;0;0;7;0;0;0;0
27/07/2017;07:12:00;79;com vítima;255;BR-163/MS;Norte;Tombamento de moto;0;0;0;1;0;0;0;0;0;0;0;1;0;0;0
27/07/2017;08:35:00;113;sem vítima;156,709;BR-163/MS;Sul;Tombamento;0;0;1;0;0;0;0;0;0;0;2;0;0;0;0
27/07/2017;14:34:00;238;sem vítima;178,121;BR-163/MS;Norte;Tombamento;0;0;1;0;0;1;0;0;0;0;3;0;0;0;0
27/07/2017;21:13:00;345;com vítima;477;BR-163/MS;Norte;Colisão lateral no mesmo sentido;1;0;2;0;0;2;0;0;0;0;4;1;0;0;0
27/07/2017;21:33:00;348;com vítima;503;BR-163/MS;Norte;Colisão com veículos (frontal);2;0;1;0;0;0;0;0;0;0;2;2;0;0;0
28/07/2017;00:50:00;6;com vítima;40,405;BR-163/MS;Sul;Capotamento;0;0;0;0;0;0;0;0;0;1;1;1;0;0;0
28/07/2017;06:13:00;46;sem vítima;125;BR-163/MS;Norte;Colisão c/ obstáculos;1;0;0;0;0;0;0;0;0;0;2;0;0;0;0
28/07/2017;06:25:00;51;com vítima;270;BR-163/MS;Norte;Colisão lateral no sentido contrário;1;0;0;1;0;0;0;0;0;0;1;1;0;0;0
28/07/2017;07:38:00;76;sem vítima;37,2;BR-163/MS;Sul;Saídas de pista;1;0;0;0;0;0;0;0;0;0;1;0;0;0;0
28/07/2017;08:05:00;83;sem vítima;323;BR-163/MS;Norte;Colisão c/ obstáculos;1;0;0;0;0;0;0;0;0;0;1;0;0;0;0
28/07/2017;14:21:00;215;com vítima;47;BR-163/MS;Sul;Capotamento;1;0;0;0;0;0;0;0;0;0;1;2;0;0;0
28/07/2017;17:54:00;278;sem vítima;722;BR-163/MS;Norte;Atropelamento de animais;1;0;0;0;0;0;0;0;0;0;4;0;0;0;0
28/07/2017;18:09:00;281;com vítima;808;BR-163/MS;Norte;Colisão c/ obstáculos;1;0;0;0;0;0;0;0;0;0;1;2;0;0;0
28/07/2017;18:51:00;289;com vítima;270;BR-163/MS;Norte;Tombamento de moto;1;0;0;1;0;0;0;0;0;0;4;1;0;0;0
29/07/2017;01:31:00;13;com vítima;610,5;BR-163/MS;Sul;Saídas de pista;1;0;0;0;0;0;0;0;0;0;0;1;0;0;0
29/07/2017;06:25:00;41;sem vítima;371;BR-163/MS;Sul;Colisão lateral no mesmo sentido;2;0;1;0;0;0;0;0;0;0;5;0;0;0;0
30/07/2017;02:46:00;8;com vítima;479;BR-163/MS;Norte;Tombamento de moto;0;0;0;1;0;0;0;0;0;0;0;1;1;0;0
30/07/2017;05:08:00;20;com vítima;616,5;BR-163/MS;Norte;Atropelamento de pedestre;1;0;0;0;0;0;0;0;0;0;5;0;0;0;1
30/07/2017;07:49:00;41;sem vítima;216,3;BR-163/MS;Norte;Colisão c/ obstáculos;0;0;0;0;0;0;0;0;0;1;1;0;0;0;0
30/07/2017;22:06:00;270;com vítima;263,33;BR-163/MS;Norte;Colisão lateral no sentido contrário;0;0;1;1;0;2;0;;0;0;2;1;0;0;1
30/07/2017;22:47:00;278;sem vítima;533,539;BR-163/MS;Sul;Colisão c/ obstáculos;1;0;0;0;0;0;0;;0;1;8;0;0;0;0
31/07/2017;00:01:00;1;sem vítima;86,5;BR-163/MS;Sul;Atropelamento de animais;0;0;0;0;1;0;0;;0;0;39;0;0;0;0
31/07/2017;17:02:00;274;sem vítima;237,632;BR-163/MS;Sul;Colisão c/ obstáculos;0;0;0;0;0;0;0;;0;1;1;0;0;0;0
31/07/2017;18:17:00;291;sem vítima;677;BR-163/MS;Norte;Colisão c/ obstáculos;0;0;1;0;0;0;0;;0;0;2;0;0;0;0
31/07/2017;20:30:00;323;sem vítima;232,996;BR-163/MS;Sul;Atropelamento de animais;0;0;0;0;0;0;0;;0;1;4;0;0;0;0
01/08/2017;02:58:00;22;sem vítima;451,8;BR-163/MS;Norte;Atropelamento de animais;0;0;0;0;0;0;0;0;0;1;14;0;0;0;0
01/08/2017;06:59:00;75;com vítima;475,676;BR-163/MS;Sul;Colisão lateral no sentido contrário;2;0;0;0;0;0;0;0;0;0;4;1;0;0;0
01/08/2017;11:35:00;185;com vítima;262;BR-163/MS;Sul;Tombamento de moto;0;0;0;1;0;0;0;0;0;0;0;1;0;0;0
01/08/2017;17:33:00;283;com vítima;490;BR-163/MS;Sul;Colisão com veículos (traseira);0;0;0;1;0;1;0;0;0;1;3;1;0;0;0
01/08/2017;18:23:00;290;com vítima;437;BR-163/MS;Norte;Colisão lateral no mesmo sentido;0;0;0;1;0;0;0;0;0;1;1;0;1;0;0
02/08/2017;20:55:00;338;sem vítima;730;BR-163/MS;Sul;Colisão lateral no mesmo sentido;1;0;1;0;0;1;0;0;0;0;7;0;0;0;0
03/08/2017;19:05:00;300;com vítima;558,279;BR-163/MS;Sul;Atropelamento de animais;1;0;0;0;0;0;0;0;0;0;0;2;0;0;0
04/08/2017;18:05:00;312;sem vítima;257,3;BR-163/MS;Sul;Colisão com veículos (traseira);1;0;0;0;0;1;0;0;0;0;2;0;0;0;0
05/08/2017;03:03:00;15;sem vítima;679;BR-163/MS;Norte;Atropelamento de animais;0;0;0;0;1;0;0;0;0;0;20;0;0;0;0
05/08/2017;17:50:00;227;com vítima;222;BR-163/MS;Norte;Tombamento de moto;0;0;0;1;0;0;0;0;0;0;0;1;0;0;0
05/08/2017;21:00:00;257;com vítima;389,4;BR-163/MS;Norte;Tombamento;0;0;1;0;0;1;0;0;0;0;1;2;0;0;0
06/08/2017;02:14:00;10;com vítima;358,7;BR-163/MS;Sul;Saídas de pista;1;0;0;0;0;0;0;0;0;0;0;1;0;0;0
06/08/2017;05:07:00;24;sem vítima;319;BR-163/MS;Norte;Atropelamento de animais;1;0;0;0;0;0;0;0;0;0;3;0;0;0;0
06/08/2017;18:16:00;237;com vítima;295;BR-163/MS;Norte;Saídas de pista;1;0;0;0;0;0;0;0;0;0;0;1;0;0;0
06/08/2017;21:59:00;272;sem vítima;389;BR-163/MS;Norte;Atropelamento de animais;1;0;0;0;0;0;0;0;0;0;1;0;0;0;0
07/08/2017;08:41:00;111;com vítima;239;BR-163/MS;Norte;Capotamento;0;0;0;0;0;0;0;0;0;1;0;0;0;1;0
07/08/2017;09:23:00;125;sem vítima;525;BR-163/MS;Norte;Colisão c/ obstáculos;1;0;0;0;0;0;0;0;0;0;1;0;0;0;0
07/08/2017;18:36:00;322;sem vítima;709,5;BR-163/MS;Sul;Atropelamento de animais;0;0;0;0;0;0;0;0;0;1;1;0;0;0;0
07/08/2017;19:55:00;342;sem vítima;702;BR-163/MS;Norte;Tombamento;0;0;1;0;0;1;0;0;0;0;2;0;0;0;0
07/08/2017;23:36:00;377;com vítima;316,692;BR-163/MS;Norte;Tombamento de moto;0;0;0;1;0;0;0;0;0;0;0;1;0;0;0
08/08/2017;18:45:00;314;com vítima;328,28;BR-163/MS;Norte;Colisão lateral no sentido contrário;1;0;1;0;0;2;0;0;0;0;3;1;1;0;0
09/08/2017;06:57:00;67;com vítima;263,3;BR-163/MS;Norte;Colisão com veículos (traseira);1;0;0;1;0;0;0;0;0;0;1;1;0;0;0
09/08/2017;07:06:00;71;com vítima;38,1;BR-163/MS;Norte;Colisão com veículos (traseira);1;0;1;0;0;0;0;0;0;0;1;1;0;0;0
09/08/2017;15:31:00;271;sem vítima;228;BR-163/MS;Norte;Colisão com veículos (traseira);1;0;1;0;0;0;0;0;0;0;2;0;0;0;0
09/08/2017;15:48:00;278;com vítima;545,587;BR-163/MS;Norte;Tombamento de moto;0;0;0;1;0;0;0;0;0;0;0;2;0;0;0
10/08/2017;05:57:00;38;sem vítima;268;BR-163/MS;Sul;Colisão com veículos (traseira);1;0;1;0;0;0;0;0;0;0;4;0;0;0;0
10/08/2017;10:36:00;132;com vítima;753,72;BR-163/MS;Sul;Capotamento;1;0;0;0;0;0;0;0;0;0;0;2;0;0;0
10/08/2017;12:39:00;171;com vítima;253;BR-163/MS;Sul;Colisão lateral no sentido contrário;0;0;1;0;0;2;0;0;0;1;4;0;0;2;0
10/08/2017;15:12:00;224;com vítima;635,45;BR-163/MS;Sul;Capotamento;1;0;1;0;0;2;0;0;0;0;3;1;0;0;0
10/08/2017;16:16:00;246;com vítima;143;BR-163/MS;Norte;Capotamento;1;0;0;0;0;0;0;0;0;0;0;1;0;0;0
11/08/2017;05:26:00;49;sem vítima;126;BR-163/MS;Norte;Colisão c/ obstáculos;0;0;2;0;0;0;0;0;0;0;2;0;0;0;0
11/08/2017;09:44:00;142;sem vítima;239;BR-163/MS;Norte;Colisão lateral no mesmo sentido;0;0;3;0;0;0;0;0;0;0;3;0;0;0;0
11/08/2017;12:04:00;193;sem vítima;41,677;BR-163/MS;Sul;Atropelamento de animais;0;0;1;0;0;1;0;0;0;0;2;0;0;0;0
11/08/2017;12:10:00;195;com vítima;138;BR-163/MS;Sul;Capotamento;0;0;1;0;0;0;0;0;0;0;0;0;1;0;0
11/08/2017;12:27:00;200;com vítima;483,728;BR-163/MS;Norte;Tombamento de moto;0;0;0;1;0;0;0;0;0;0;0;1;0;0;0
11/08/2017;13:40:00;224;sem vítima;209,53;BR-163/MS;Norte;Colisão lateral no mesmo sentido;2;0;0;0;0;0;0;0;0;0;3;0;0;0;0
11/08/2017;18:21:00;327;sem vítima;521;BR-163/MS;Sul;Colisão c/ obstáculos;1;0;0;0;0;1;0;0;0;0;2;0;0;0;0
12/08/2017;05:49:00;40;com vítima;230;BR-163/MS;Sul;Saídas de pista;1;0;0;0;0;1;0;0;0;0;1;1;0;0;0
12/08/2017;11:14:00;127;com vítima;260;BR-163/MS;Norte;Capotamento;1;0;0;0;0;0;0;0;0;0;1;1;0;0;0
12/08/2017;12:55:00;159;com vítima;283;BR-163/MS;Norte;Tombamento de moto;0;0;0;1;0;0;0;0;0;0;0;1;0;0;0
12/08/2017;15:56:00;225;com vítima;490;BR-163/MS;Norte;Tombamento de moto;0;0;0;1;0;0;0;0;0;0;0;0;1;0;0
12/08/2017;22:44:00;323;sem vítima;258,2;BR-163/MS;Norte;Colisão c/ obstáculos;1;0;0;0;0;0;0;0;0;0;1;0;0;0;0
13/08/2017;00:13:00;2;com vítima;257,3;BR-163/MS;Sul;Colisão com veículos (frontal);1;1;0;0;0;0;0;0;0;0;1;0;0;0;1
13/08/2017;05:19:00;30;sem vítima;577,2;BR-163/MS;Sul;Atropelamento de animais;1;0;0;0;0;0;0;0;0;0;4;0;0;0;0
13/08/2017;09:56:00;110;sem vítima;654,358;BR-163/MS;Sul;Tombamento;0;0;1;0;0;2;0;0;0;0;3;0;0;0;0
13/08/2017;14:10:00;162;com vítima;263,158;BR-163/MS;Norte;Colisão c/ obstáculos;0;0;1;0;0;1;0;0;0;0;1;0;1;0;0
13/08/2017;16:10:00;198;com vítima;86,656;BR-163/MS;Norte;Colisão lateral no sentido contrário;1;0;0;1;0;0;0;0;0;0;5;0;0;1;0
13/08/2017;16:37:00;203;com vítima;103,37;BR-163/MS;Sul;Colisão lateral no sentido contrário;1;0;0;0;0;0;0;0;0;1;3;2;0;0;0
13/08/2017;22:36:00;270;com vítima;484,338;BR-163/MS;Norte;Colisão com veículos (traseira);1;0;0;1;0;0;0;0;0;0;1;1;0;0;0
14/08/2017;04:34:00;47;sem vítima;311;BR-163/MS;Norte;Colisão c/ obstáculos;0;0;1;0;0;1;0;0;0;0;2;0;0;0;0
14/08/2017;05:28:00;50;com vítima;92,413;BR-163/MS;Sul;Colisão com veículos (frontal);1;0;0;1;0;0;0;0;0;0;2;0;0;0;1
14/08/2017;06:45:00;62;com vítima;257;BR-163/MS;Sul;Colisão com veículos (traseira);0;0;0;1;1;0;0;0;0;0;1;1;0;0;0
14/08/2017;11:28:00;155;com vítima;547;BR-163/MS;Sul;Colisão c/ obstáculos;0;0;0;1;0;0;0;0;0;0;0;1;0;0;0
15/08/2017;06:00:00;50;com vítima;592,19;BR-163/MS;Norte;Capotamento;0;0;0;0;0;0;0;0;0;1;0;1;0;0;0
15/08/2017;07:07:00;60;com vítima;54,23;BR-163/MS;Sul;Capotamento;0;0;0;0;0;0;0;0;0;1;0;3;0;0;0
15/08/2017;09:06:00;106;sem vítima;39,9;BR-163/MS;Sul;Colisão lateral no sentido contrário;0;0;0;1;0;0;0;0;0;1;2;0;0;0;0