data;horario;n_da_ocorrencia;tipo_de_ocorrencia;km;trecho;sentido;tipo_de_acidente;automovel;bicicleta;caminhao;moto;onibus;outros;tracao_animal;transporte_de_cargas_especiais;trator_maquinas;utilitarios;ilesos;levemente_feridos;moderadamente_feridos;gravemente_feridos;mortos
21/11/2017;23:40:00;375;sem vítima;261;BR-163/MS;Sul;Atropelamento de animais;1;0;0;0;0;0;0;0;0;0;2;0;0;0;0
22/11/2017;02:12:00;11;com vítima;188;BR-163/MS;Sul;Atropelamento de animais;0;0;0;1;0;0;0;0;0;0;0;1;0;0;0
22/11/2017;04:32:00;22;com vítima;679;BR-163/MS;Sul;Capotamento;0;0;0;0;0;0;0;0;0;1;0;1;1;1;0
22/11/2017;13:43:00;169;com vítima;656,23;BR-163/MS;Sul;Colisão com veículos (traseira);0;0;2;0;0;1;0;0;0;0;2;1;0;0;0
22/11/2017;22:59:00;302;com vítima;383,132;BR-163/MS;Sul;Capotamento;1;0;0;0;0;0;0;0;0;0;0;2;0;0;0
22/11/2017;23:31:00;306;sem vítima;602,657;BR-163/MS;Norte;Colisão c/ obstáculos;0;0;2;0;0;0;0;0;0;0;2;0;0;0;0
23/11/2017;04:57:00;17;sem vítima;782,561;BR-163/MS;Sul;Colisão com veículos (traseira);1;0;1;0;0;2;0;0;0;0;4;0;0;0;0
23/11/2017;07:25:00;77;sem vítima;654,353;BR-163/MS;Sul;Tombamento;0;0;1;0;0;1;0;0;0;0;2;0;0;0;0
23/11/2017;09:21:00;118;com vítima;172;BR-163/MS;Norte;Colisão com veículos (traseira);1;0;0;1;0;0;0;0;0;0;1;1;0;0;0
23/11/2017;17:08:00;265;sem vítima;263;BR-163/MS;Norte;Colisão lateral no mesmo sentido;0;0;0;2;0;0;0;0;0;0;2;0;0;0;0
23/11/2017;17:36:00;274;sem vítima;188,34;BR-163/MS;Norte;Colisão com veículos (traseira);0;0;2;0;0;4;0;0;0;0;6;0;0;0;0
23/11/2017;17:37:00;275;sem vítima;478,892;BR-163/MS;Sul;Colisão com veículos (traseira);0;0;0;1;0;0;0;0;0;0;1;0;0;0;0
24/11/2017;18:31:00;374;com vítima;447,52;BR-163/MS;Sul;Tombamento de moto;0;0;0;1;0;0;0;0;0;0;1;1;0;0;0
25/11/2017;07:33:00;73;sem vítima;271;BR-163/MS;Sul;Colisão c/ obstáculos;0;0;0;0;0;0;0;0;0;1;1;0;0;0;0
25/11/2017;08:48:00;94;sem vítima;6;BR-163/MS;Sul;Colisão lateral no sentido contrário;1;0;1;0;0;0;0;0;0;0;4;0;0;0;0
25/11/2017;14:18:00;189;com vítima;505,562;BR-163/MS;Sul;Tombamento de moto;0;0;0;1;0;0;0;0;0;0;0;2;0;0;0
26/11/2017;03:27:00;21;com vítima;681,11;BR-163/MS;Norte;Colisão c/ obstáculos;1;0;0;0;0;0;0;0;0;0;0;1;0;0;0
26/11/2017;08:03:00;86;com vítima;423,89;BR-163/MS;Norte;Tombamento de moto;0;0;0;1;0;0;0;0;0;0;0;1;0;0;0
26/11/2017;17:21:00;247;sem vítima;193;BR-163/MS;Norte;Colisão lateral no mesmo sentido;1;0;2;0;0;0;0;0;0;0;6;0;0;0;0
26/11/2017;17:45:00;253;com vítima;490;BR-163/MS;Sul;Colisão lateral no mesmo sentido;1;0;1;0;0;0;0;0;0;0;1;2;1;0;0
27/11/2017;21:04:00;304;sem vítima;376,96;BR-163/MS;Norte;Tombamento;0;0;0;0;0;0;0;0;0;1;3;0;0;0;0
27/11/2017;21:33:00;312;sem vítima;480,533;BR-163/MS;Sul;Atropelamento de animais;0;0;0;0;0;0;0;0;0;1;2;0;0;0;0
27/11/2017;22:30:00;319;sem vítima;464,338;BR-163/MS;Sul;Colisão com veículos (traseira);1;0;0;0;0;0;0;0;0;1;3;0;0;0;0
28/11/2017;03:18:00;28;sem vítima;213,977;BR-163/MS;Sul;Atropelamento de animais;0;0;0;0;0;0;0;0;0;1;1;0;0;0;0
28/11/2017;08:13:00;112;sem vítima;675;BR-163/MS;Sul;Colisão c/ obstáculos;1;0;0;0;0;0;0;0;0;0;3;0;0;0;0
28/11/2017;10:23:00;158;com vítima;478,461;BR-163/MS;Sul;Tombamento de moto;0;0;0;1;0;0;0;0;0;0;0;1;0;0;0
29/11/2017;00:38:00;5;sem vítima;405,375;BR-163/MS;Norte;Atropelamento de animais;1;0;0;0;0;0;0;;0;0;2;0;0;0;0
29/11/2017;03:34:00;15;sem vítima;439,698;BR-163/MS;Sul;Atropelamento de animais;0;0;1;0;0;1;0;;0;0;2;0;0;0;0
30/11/2017;08:04:00;91;com vítima;150;BR-163/MS;Norte;Colisão c/ obstáculos;1;0;0;0;0;0;0;;0;0;1;1;0;0;0
30/11/2017;10:35:00;162;com vítima;382,3;BR-163/MS;Sul;Colisão c/ obstáculos;0;0;0;0;0;0;0;;0;1;1;1;0;0;0
30/11/2017;11:18:00;176;com vítima;356,4;BR-163/MS;Sul;Capotamento;1;0;0;0;0;0;0;;0;0;0;2;0;0;0
30/11/2017;17:38:00;310;com vítima;704,4;BR-163/MS;Norte;Colisão com veículos (frontal);0;0;1;0;0;0;0;;0;1;0;2;0;0;2
01/12/2017;05:31:00;54;com vítima;468,78;BR-163/MS;Sul;Colisão com veículos (frontal);1;0;1;0;0;1;0;0;0;0;2;0;0;0;1
01/12/2017;11:07:00;171;com vítima;272,937;BR-163/MS;Norte;Tombamento de moto;0;0;0;1;0;0;0;0;0;0;0;1;0;0;0
01/12/2017;15:51:00;246;sem vítima;172;BR-163/MS;Sul;Colisão com veículos (traseira);0;0;2;0;0;0;0;0;0;0;2;0;0;0;0
01/12/2017;23:33:00;352;com vítima;618,87;BR-163/MS;Norte;Colisão com veículos (traseira);1;0;0;0;0;0;0;0;0;1;3;1;0;0;0
02/12/2017;00:06:00;1;sem vítima;316,313;BR-163/MS;Norte;Colisão lateral no mesmo sentido;2;0;0;0;0;0;0;0;0;0;4;0;0;0;0
02/12/2017;00:37:00;5;com vítima;270,271;BR-163/MS;Norte;Colisão c/ obstáculos;0;0;0;1;0;0;0;0;0;0;0;0;0;1;0
03/12/2017;02:07:00;17;com vítima;19,9;BR-163/MS;Sul;Tombamento de moto;0;0;0;1;0;0;0;0;0;0;0;1;1;0;0
03/12/2017;04:53:00;35;sem vítima;545;BR-163/MS;Sul;Atropelamento de animais;1;0;0;0;0;0;0;0;0;0;4;0;0;0;0
03/12/2017;07:04:00;68;sem vítima;7;BR-163/MS;Norte;Engavetamento;2;0;0;0;0;0;0;0;0;1;12;0;0;0;0
03/12/2017;21:40:00;267;com vítima;259,38;BR-163/MS;Norte;Colisão lateral no mesmo sentido;0;1;0;1;0;0;0;0;0;0;0;2;0;0;0
04/12/2017;02:29:00;19;com vítima;166,687;BR-163/MS;Norte;Colisão c/ obstáculos;1;0;0;0;0;0;0;0;0;0;0;1;0;0;0
04/12/2017;03:30:00;22;sem vítima;273,355;BR-163/MS;Sul;Atropelamento de animais;1;0;0;0;0;0;0;0;0;0;3;0;0;0;0
04/12/2017;07:32:00;79;com vítima;413;BR-163/MS;Sul;Colisão com veículos (traseira);0;0;2;0;0;2;0;0;0;0;3;1;0;0;0
04/12/2017;11:10:00;187;com vítima;753,64;BR-163/MS;Norte;Colisão c/ obstáculos;1;0;0;0;0;0;0;0;0;0;1;2;0;0;0
04/12/2017;12:44:00;209;com vítima;443;BR-163/MS;Sul;Colisão lateral no mesmo sentido;0;0;2;0;0;5;0;0;0;0;5;1;1;0;0
04/12/2017;14:11:00;230;com vítima;459;BR-163/MS;Sul;Capotamento;1;0;0;0;0;0;0;0;0;0;0;1;0;0;0
04/12/2017;16:50:00;270;com vítima;477;BR-163/MS;Sul;Tombamento de moto;0;0;0;1;0;0;0;0;0;0;0;1;0;0;0
04/12/2017;23:08:00;340;sem vítima;762,2;BR-163/MS;Norte;Tombamento;0;0;1;0;0;0;0;0;0;0;1;0;0;0;0
05/12/2017;23:14:00;357;com vítima;491;BR-163/MS;Norte;Tombamento de moto;0;0;0;1;0;0;0;0;0;0;0;0;1;0;0
06/12/2017;04:57:00;51;sem vítima;544,17;BR-163/MS;Norte;Tombamento;0;0;1;0;0;0;0;0;0;0;1;0;0;0;0
06/12/2017;05:34:00;58;sem vítima;637,665;BR-163/MS;Sul;Colisão c/ obstáculos;0;0;0;0;0;0;0;0;0;1;1;0;0;0;0
06/12/2017;15:01:00;233;com vítima;479,83;BR-163/MS;Norte;Colisão c/ obstáculos;0;0;1;0;0;0;0;0;0;0;0;1;0;0;0
06/12/2017;16:40:00;259;com vítima;479,433;BR-163/MS;Sul;Colisão lateral no mesmo sentido;0;0;0;2;0;0;0;0;0;0;1;2;0;0;0
06/12/2017;19:45:00;306;sem vítima;661,456;BR-163/MS;Norte;Atropelamento de animais;0;0;0;0;0;0;0;0;0;1;2;0;0;0;0
06/12/2017;21:27:00;328;com vítima;723,755;BR-163/MS;Sul;Atropelamento de animais;0;0;0;1;0;0;0;0;0;0;0;1;0;0;0
06/12/2017;21:39:00;330;sem vítima;723,755;BR-163/MS;Sul;Atropelamento de animais;0;0;1;0;0;2;0;0;0;0;3;0;0;0;0
06/12/2017;22:59:00;344;sem vítima;366,51;BR-163/MS;Norte;Colisão com veículos (traseira);1;0;0;0;0;0;0;0;0;1;2;0;0;0;0
08/12/2017;03:27:00;28;com vítima;170,9;BR-163/MS;Sul;Tombamento de moto;0;0;0;1;0;0;0;0;0;0;0;1;0;0;0
08/12/2017;04:58:00;49;com vítima;260;BR-163/MS;Sul;Colisão com veículos (traseira);0;0;0;1;0;1;0;0;0;0;1;2;0;0;0
08/12/2017;11:38:00;223;sem vítima;810,365;BR-163/MS;Sul;Colisão com veículos (traseira);0;0;0;0;0;0;0;0;0;2;5;0;0;0;0
08/12/2017;12:15:00;230;com vítima;809,67;BR-163/MS;Sul;Capotamento;0;0;1;0;0;0;0;0;0;0;0;1;1;0;0
09/12/2017;01:25:00;13;com vítima;374;BR-163/MS;Sul;Capotamento;0;0;0;0;0;0;0;0;0;1;0;2;0;0;0
09/12/2017;15:52:00;289;sem vítima;299;BR-163/MS;Sul;Saídas de pista;1;0;0;0;0;0;0;0;0;0;1;0;0;0;0
09/12/2017;19:40:00;368;sem vítima;207;BR-163/MS;Norte;Colisão c/ obstáculos;0;0;0;0;0;0;0;0;0;1;1;0;0;0;0
10/12/2017;08:16:00;68;com vítima;512,984;BR-163/MS;Norte;Tombamento de moto;0;0;0;1;0;0;0;0;0;0;0;2;0;0;0
10/12/2017;14:46:00;195;com vítima;668,5;BR-163/MS;Norte;Tombamento;0;0;1;0;0;2;0;0;0;0;2;4;0;0;0
10/12/2017;15:57:00;216;com vítima;262;BR-163/MS;Norte;Tombamento de moto;0;0;0;1;0;0;0;0;0;0;0;1;0;0;0
11/12/2017;15:27:00;261;com vítima;497,531;BR-163/MS;Norte;Colisão com veículos (frontal);2;0;1;0;0;2;0;0;0;0;3;1;0;0;1
11/12/2017;23:46:00;384;sem vítima;93,6;BR-163/MS;Norte;Atropelamento de animais;1;0;0;0;0;0;0;0;0;0;5;0;0;0;0
12/12/2017;15:48:00;283;com vítima;440;BR-163/MS;Norte;Capotamento;1;0;0;0;0;1;0;0;0;0;1;1;0;0;0
12/12/2017;18:21:00;323;sem vítima;474;BR-163/MS;Norte;Colisão lateral no sentido contrário;2;0;0;0;0;0;0;0;0;0;4;0;0;0;0
12/12/2017;19:49:00;360;sem vítima;648,991;BR-163/MS;Sul;Tombamento;0;0;1;0;0;2;0;0;0;0;3;0;0;0;0
13/12/2017;00:44:00;4;sem vítima;497,225;BR-163/MS;Sul;Saídas de pista;1;0;0;0;0;0;0;0;0;0;5;0;0;0;0
13/12/2017;02:20:00;16;com vítima;309,453;BR-163/MS;Sul;Tombamento;0;0;1;0;0;0;0;0;0;0;0;1;0;0;0
13/12/2017;05:16:00;40;sem vítima;498,8;BR-163/MS;Sul;Atropelamento de animais;0;0;0;0;1;0;0;0;0;0;1;0;0;0;0
14/12/2017;06:25:00;52;sem vítima;187;BR-163/MS;Sul;Colisão com veículos (traseira);2;0;0;0;0;0;0;0;0;0;2;0;0;0;0
14/12/2017;12:41:00;217;sem vítima;93,76;BR-163/MS;Sul;Colisão c/ obstáculos;0;0;1;0;0;1;0;0;0;0;2;0;0;0;0
14/12/2017;17:01:00;316;com vítima;77,21;BR-163/MS;Norte;Colisão lateral no sentido contrário;0;0;1;1;0;2;0;0;0;0;3;0;1;0;0
15/12/2017;13:05:00;226;com vítima;278;BR-163/MS;Sul;Tombamento de moto;0;0;0;1;0;0;0;0;0;0;1;1;0;0;0
15/12/2017;13:07:00;227;com vítima;218;BR-163/MS;Sul;Colisão lateral no mesmo sentido;0;0;0;0;0;0;0;0;0;1;1;1;0;0;0
15/12/2017;16:37:00;289;com vítima;75,3;BR-163/MS;Norte;Tombamento de moto;0;0;0;1;0;0;0;0;0;0;0;1;0;0;0
15/12/2017;20:34:00;364;com vítima;460,222;BR-163/MS;Norte;Colisão com veículos (traseira);1;0;0;0;0;0;0;0;0;1;4;2;0;0;0
15/12/2017;22:03:00;379;sem vítima;647,213;BR-163/MS;Norte;Colisão c/ obstáculos;1;0;0;0;0;0;0;0;0;0;5;0;0;0;0
15/12/2017;23:42:00;393;sem vítima;647,236;BR-163/MS;Sul;Colisão c/ obstáculos;0;0;0;0;0;0;0;0;0;1;1;0;0;0;0
16/12/2017;17:39:00;254;com vítima;485,965;BR-163/MS;Sul;Colisão lateral no sentido contrário;1;0;0;1;0;0;0;0;0;0;1;0;0;1;0
16/12/2017;19:43:00;296;sem vítima;485,63;BR-163/MS;Norte;Colisão com veículos (traseira);2;0;0;0;0;0;0;0;0;0;9;0;0;0;0
16/12/2017;21:09:00;316;com vítima;488,865;BR-163/MS;Norte;Colisão com veículos (frontal);1;0;0;1;0;0;0;0;0;0;1;1;0;0;0
16/12/2017;21:49:00;322;com vítima;266,991;BR-163/MS;Norte;Colisão c/ obstáculos;0;0;0;1;0;0;0;0;0;0;0;0;1;0;0
16/12/2017;22:25:00;331;sem vítima;218,83;BR-163/MS;Sul;Atropelamento de animais;1;0;0;0;0;0;0;0;0;0;4;0;0;0;0
16/12/2017;22:45:00;337;com vítima;276,44;BR-163/MS;Norte;Atropelamento de animais;0;0;0;1;0;0;0;0;0;0;0;1;0;0;0
16/12/2017;22:52:00;338;com vítima;637,229;BR-163/MS;Norte;Atropelamento de pedestre;0;0;0;0;0;0;0;0;0;1;4;0;1;0;0
17/12/2017;02:39:00;27;sem vítima;714,574;BR-163/MS;Norte;Saídas de pista;1;0;0;0;0;0;0;0;0;0;1;0;0;0;0
17/12/2017;02:50:00;29;com vítima;209,621;BR-163/MS;Sul;Colisão com veículos (traseira);0;0;0;1;0;1;0;0;0;0;1;0;1;0;0
17/12/2017;04:50:00;41;com vítima;42,586;BR-163/MS;Sul;Saídas de pista;1;0;0;0;0;0;0;0;0;0;0;1;0;0;0
17/12/2017;08:09:00;105;com vítima;750,109;BR-163/MS;Norte;Capotamento;1;0;0;0;0;0;0;0;0;0;0;4;0;0;0
17/12/2017;16:14:00;265;com vítima;732;BR-163/MS;Norte;Saídas de pista;1;0;0;0;0;0;0;0;0;0;0;2;0;0;0
17/12/2017;16:16:00;267;sem vítima;484;BR-163/MS;Norte;Colisão com veículos (frontal);1;0;2;0;0;3;0;0;0;0;11;0;0;0;0
17/12/2017;17:32:00;295;sem vítima;411,428;BR-163/MS;Norte;Colisão lateral no sentido contrário;2;0;0;0;0;0;0;0;0;0;7;0;0;0;0
18/12/2017;00:42:00;6;sem vítima;159,604;BR-163/MS;Norte;Colisão c/ obstáculos;0;0;1;0;0;2;0;0;0;0;3;0;0;0;0
18/12/2017;12:52:00;249;sem vítima;475,176;BR-163/MS;Norte;Colisão com veículos (traseira);0;0;2;0;0;0;0;0;0;0;2;0;0;0;0
19/12/2017;07:41:00;91;com vítima;595,877;BR-163/MS;Sul;Tombamento de moto;0;0;0;1;0;0;0;0;0;0;0;1;0;0;0
19/12/2017;14:32:00;250;com vítima;534,477;BR-163/MS;Sul;Colisão com veículos (traseira);1;0;0;0;0;0;0;0;0;1;2;1;0;0;0
19/12/2017;23:47:00;406;sem vítima;310;BR-163/MS;Sul;Saídas de pista;1;0;0;0;0;0;0;0;0;0;1;0;0;0;0
20/12/2017;04:07:00;54;com vítima;487;BR-163/MS;Sul;Colisão lateral no sentido contrário;0;0;2;0;0;0;0;0;0;0;1;1;0;0;0
20/12/2017;13:58:00;212;com vítima;348;BR-163/MS;Norte;Capotamento;0;0;0;0;0;0;0;0;0;1;0;2;2;0;0
20/12/2017;14:12:00;218;com vítima;264;BR-163/MS;Norte;Tombamento de moto;0;0;0;1;0;0;0;0;0;0;0;1;0;0;0
20/12/2017;15:33:00;241;com vítima;777;BR-163/MS;Sul;Colisão com veículos (traseira);0;0;1;0;0;2;0;0;0;1;4;1;0;0;0
20/12/2017;16:56:00;266;sem vítima;374;BR-163/MS;Sul;Colisão com veículos (traseira);0;0;2;0;0;0;0;0;0;0;3;0;0;0;0
20/12/2017;20:48:00;343;sem vítima;826,882;BR-163/MS;Norte;Atropelamento de animais;0;0;0;0;0;0;0;0;0;1;1;0;0;0;0
21/12/2017;06:59:00;90;sem vítima;443;BR-163/MS;Norte;Tombamento;0;0;1;0;0;0;0;0;0;0;2;0;0;0;0
21/12/2017;09:03:00;144;com vítima;682;BR-163/MS;Sul;Engavetamento;3;0;0;0;0;0;0;0;0;0;7;1;0;0;0
21/12/2017;09:18:00;150;sem vítima;388;BR-163/MS;Sul;Colisão com veículos (traseira);1;0;1;0;0;1;0;0;0;0;7;0;0;0;0
21/12/2017;09:42:00;165;sem vítima;79;BR-163/MS;Sul;Saídas de pista;0;0;0;0;0;0;0;0;0;1;2;0;0;0;0
21/12/2017;10:44:00;206;sem vítima;79;BR-163/MS;Sul;Colisão com veículos (traseira);1;0;0;0;0;0;0;0;0;1;6;0;0;0;0
21/12/2017;15:38:00;345;sem vítima;231,5;BR-163/MS;Sul;Colisão c/ obstáculos;1;0;0;0;0;0;0;0;0;0;1;0;0;0;0
21/12/2017;17:47:00;403;sem vítima;27,2;BR-163/MS;Sul;Colisão com veículos (traseira);2;0;0;0;0;0;0;0;0;0;4;0;0;0;0
21/12/2017;19:38:00;433;sem vítima;514,652;BR-163/MS;Norte;Atropelamento de animais;1;0;0;0;0;0;0;0;0;0;4;0;0;0;0
21/12/2017;19:57:00;440;sem vítima;527,647;BR-163/MS;Sul;Colisão com veículos (traseira);1;0;0;0;0;0;0;0;0;1;5;0;0;0;0
21/12/2017;20:31:00;451;sem vítima;318,471;BR-163/MS;Norte;Atropelamento de animais;1;0;0;0;0;0;0;0;0;0;2;0;0;0;0
21/12/2017;21:08:00;460;sem vítima;44,94;BR-163/MS;Sul;Atropelamento de animais;1;0;0;0;0;0;0;0;0;0;4;0;0;0;0
22/12/2017;05:25:00;38;sem vítima;24,922;BR-163/MS;Sul;Saídas de pista;0;0;1;0;0;1;0;0;0;0;2;0;0;0;0
22/12/2017;05:27:00;39;sem vítima;475,886;BR-163/MS;Norte;Colisão lateral no mesmo sentido;1;0;1;0;0;1;0;0;0;1;5;0;0;0;0
22/12/2017;08:05:00;97;com vítima;843,886;BR-163/MS;Sul;Colisão c/ obstáculos;1;0;0;0;0;0;0;0;0;0;0;1;0;0;0
22/12/2017;11:33:00;215;com vítima;76,983;BR-163/MS;Norte;Tombamento de moto;0;0;0;1;0;0;0;0;0;0;1;0;1;0;0
22/12/2017;14:20:00;272;com vítima;577,5;BR-163/MS;Sul;Colisão c/ obstáculos;1;0;0;0;0;0;0;0;0;0;0;1;0;0;0
22/12/2017;14:42:00;282;sem vítima;485,205;BR-163/MS;Norte;Engavetamento;1;0;1;0;0;1;0;0;0;1;5;0;0;0;0
22/12/2017;20:42:00;404;com vítima;308;BR-163/MS;Norte;Colisão lateral no sentido contrário;0;0;0;1;0;0;0;0;0;1;1;0;0;1;0
22/12/2017;21:46:00;426;sem vítima;492;BR-163/MS;Sul;Saídas de pista;1;0;0;0;0;0;0;0;0;0;1;0;0;0;0
22/12/2017;22:40:00;442;sem vítima;55,2;BR-163/MS;Norte;Tombamento de moto;0;0;0;1;0;0;0;0;0;0;1;0;0;0;0
23/12/2017;04:15:00;31;com vítima;657,3;BR-163/MS;Norte;Tombamento de moto;0;0;0;1;0;0;0;0;0;0;0;1;0;0;0
23/12/2017;06:08:00;51;sem vítima;460;BR-163/MS;Sul;Colisão com veículos (traseira);2;0;0;0;0;0;0;0;0;0;8;0;0;0;0
23/12/2017;14:35:00;278;com vítima;744;BR-163/MS;Norte;Saídas de pista;1;0;0;0;0;0;0;;0;0;4;1;0;0;0
23/12/2017;15:10:00;302;com vítima;679,8;BR-163/MS;Norte;Colisão lateral no sentido contrário;0;0;0;1;1;0;0;;0;0;45;0;1;0;0
23/12/2017;17:07:00;352;sem vítima;811;BR-163/MS;Sul;Capotamento;0;0;0;0;0;0;0;;0;1;2;0;0;0;0
23/12/2017;20:17:00;440;sem vítima;174,2;BR-163/MS;Norte;Colisão lateral no mesmo sentido;1;0;0;0;0;0;0;;0;1;2;0;0;0;0
23/12/2017;20:56:00;453;sem vítima;209;BR-163/MS;Norte;Colisão c/ obstáculos;1;0;0;0;0;0;0;;0;0;4;0;0;0;0
23/12/2017;21:44:00;464;com vítima;479,87;BR-163/MS;Sul;Colisão c/ obstáculos;0;0;0;0;0;0;0;;0;1;0;1;0;0;0
24/12/2017;01:08:00;12;sem vítima;226;BR-163/MS;Sul;Atropelamento de animais;1;0;0;0;0;0;0;;0;0;5;0;0;0;0
24/12/2017;01:42:00;15;com vítima;276,4;BR-163/MS;Sul;Tombamento;0;0;1;0;0;0;0;;0;0;0;1;0;0;0
24/12/2017;04:30:00;30;com vítima;722,9;BR-163/MS;Sul;Capotamento;1;0;0;0;0;0;0;;0;0;1;2;0;0;0
24/12/2017;10:35:00;149;com vítima;368,63;BR-163/MS;Norte;Saídas de pista;2;0;0;0;0;1;0;;0;0;6;1;0;0;0
24/12/2017;20:11:00;315;sem vítima;629;BR-163/MS;Norte;Colisão c/ obstáculos;1;0;0;0;0;0;0;;0;0;1;0;0;0;0
24/12/2017;21:30:00;332;com vítima;341,8;BR-163/MS;Sul;Colisão com veículos (traseira);1;0;0;1;0;0;0;;0;0;2;0;1;0;0
25/12/2017;11:45:00;128;sem vítima;497;BR-163/MS;Norte;Colisão c/ obstáculos;1;0;0;0;0;0;0;;0;0;2;0;0;0;0
25/12/2017;16:16:00;183;sem vítima;43;BR-163/MS;Norte;Colisão lateral no mesmo sentido;2;0;0;0;0;0;0;;0;0;4;0;0;0;0
25/12/2017;16:24:00;184;sem vítima;18,15;BR-163/MS;Norte;Colisão com veículos (traseira);2;0;0;0;0;0;0;;0;0;8;0;0;0;0
25/12/2017;21:26:00;273;com vítima;420,34;BR-163/MS;Norte;Tombamento de moto;0;0;0;1;0;0;0;;0;0;0;1;0;0;0
26/12/2017;00:21:00;9;sem vítima;240,592;BR-163/MS;Norte;Atropelamento de animais;1;0;0;0;0;0;0;;0;0;5;0;0;0;0
26/12/2017;02:05:00;14;sem vítima;451,892;BR-163/MS;Sul;Atropelamento de animais;1;0;0;0;0;0;0;;0;0;1;0;0;0;0
26/12/2017;16:32:00;258;sem vítima;2,1;BR-163/MS;Norte;Colisão com veículos (traseira);1;0;0;0;0;0;0;;0;1;5;0;0;0;0
27/12/2017;04:57:00;27;sem vítima;784,516;BR-163/MS;Sul;Atropelamento de animais;1;0;0;0;0;0;0;;0;0;4;0;0;0;0
27/12/2017;17:52:00;328;com vítima;482,45;BR-163/MS;Sul;Atropelamento de pedestre;0;0;0;0;0;1;0;;0;0;1;0;1;0;0
27/12/2017;19:45:00;360;sem vítima;738,69;BR-163/MS;Norte;Atropelamento de animais;0;0;0;0;0;0;0;;0;1;1;0;0;0;0
28/12/2017;08:36:00;112;com vítima;206,5;BR-163/MS;Sul;Tombamento;0;0;1;0;0;0;0;;0;0;0;1;0;0;0
28/12/2017;14:26:00;237;sem vítima;821;BR-163/MS;Norte;Engavetamento;1;0;0;0;0;0;0;;0;2;9;0;0;0;0
28/12/2017;16:52:00;291;sem vítima;23,9;BR-163/MS;Norte;Colisão c/ obstáculos;1;0;0;0;0;0;0;;0;0;1;0;0;0;0
28/12/2017;19:58:00;324;com vítima;842,757;BR-163/MS;Norte;Colisão com veículos (frontal);0;1;0;1;0;0;0;;0;0;0;2;0;0;0
29/12/2017;13:10:00;198;com vítima;478;BR-163/MS;Norte;Tombamento de moto;0;0;0;1;0;0;0;;0;0;0;1;0;0;0
30/12/2017;03:54:00;30;com vítima;674,119;BR-163/MS;Norte;Atropelamento de animais;0;0;0;1;0;0;0;;0;0;0;1;0;0;0
30/12/2017;06:48:00;75;com vítima;0,25;BR-163/MS;Sul;Tombamento de moto;0;0;0;1;0;0;0;;0;0;1;1;0;0;0
31/12/2017;00:59:00;5;com vítima;511,535;BR-163/MS;Sul;Tombamento de moto;0;0;0;1;0;0;0;;0;0;0;1;0;0;0
31/12/2017;04:25:00;18;com vítima;496,625;BR-163/MS;Sul;Tombamento de moto;0;0;0;1;0;0;0;;0;0;0;1;0;0;0
31/12/2017;06:38:00;27;com vítima;327;BR-163/MS;Sul;Colisão c/ obstáculos;1;0;0;0;0;0;0;;0;0;0;2;0;0;0
31/12/2017;14:11:00;136;sem vítima;66,73;BR-163/MS;Norte;Colisão com veículos (frontal);1;0;1;0;0;0;0;;0;0;5;0;0;0;0
01/01/2018;13:53:00;129;com vítima;564,5;BR-163/MS;Norte;Capotamento;1;0;0;0;0;1;0;0;0;0;5;1;0;0;0
01/01/2018;22:04:00;256;sem vítima;756,68;BR-163/MS;Sul;Atropelamento de animais;0;0;0;0;0;0;0;0;0;1;2;0;0;0;0
02/01/2018;00:14:00;3;sem vítima;405;BR-163/MS;Sul;Colisão lateral no mesmo sentido;1;0;1;0;0;0;0;0;0;0;3;0;0;0;0
02/01/2018;07:36:00;75;com vítima;458;BR-163/MS;Sul;Colisão com veículos (frontal);1;0;0;0;1;0;0;0;0;0;35;3;1;1;0
02/01/2018;07:48:00;81;com vítima;106;BR-163/MS;Sul;Colisão c/ obstáculos;1;0;0;0;0;0;0;0;0;0;0;1;0;0;0
02/01/2018;09:34:00;106;sem vítima;31;BR-163/MS;Norte;Colisão com veículos (traseira);2;0;0;0;0;0;0;0;0;0;4;0;0;0;0
02/01/2018;09:50:00;114;sem vítima;65,7;BR-163/MS;Norte;Colisão c/ obstáculos;1;0;0;0;0;0;0;0;0;0;5;0;0;0;0
02/01/2018;12:15:00;154;com vítima;226,987;BR-163/MS;Sul;Colisão c/ obstáculos;0;0;0;0;0;0;0;0;0;1;0;0;1;0;0
02/01/2018;16:37:00;251;sem vítima;248,3;BR-163/MS;Norte;Capotamento;1;0;0;0;0;0;0;0;0;0;2;0;0;0;0
03/01/2018;04:25:00;16;com vítima;444,9;BR-163/MS;Sul;Capotamento;0;0;0;0;0;0;0;0;0;1;2;0;1;0;0
03/01/2018;13:38:00;187;sem vítima;466,639;BR-163/MS;Sul;Colisão com veículos (traseira);0;0;1;0;0;0;0;0;0;1;5;0;0;0;0
03/01/2018;14:58:00;217;com vítima;62,8;BR-163/MS;Sul;Colisão com veículos (traseira);1;0;1;0;0;2;0;0;0;0;5;1;1;0;0
03/01/2018;21:03:00;348;sem vítima;486,519;BR-163/MS;Norte;Atropelamento de animais;1;0;0;0;0;0;0;0;0;0;1;0;0;0;0
04/01/2018;11:02:00;178;com vítima;399,945;BR-163/MS;Norte;Colisão com veículos (frontal);0;0;1;1;0;0;0;0;0;0;2;1;0;0;0
04/01/2018;16:19:00;275;com vítima;487,461;BR-163/MS;Norte;Colisão lateral no mesmo sentido;0;0;1;1;0;1;0;0;0;0;2;2;0;0;0