data;horario;n_da_ocorrencia;tipo_de_ocorrencia;km;trecho;sentido;tipo_de_acidente;automovel;bicicleta;caminhao;moto;onibus;outros;tracao_animal;transporte_de_cargas_especiais;trator_maquinas;utilitarios;ilesos;levemente_feridos;moderadamente_feridos;gravemente_feridos;mortos
04/01/2018;19:21:00;336;com vítima;258,324;BR-163/MS;Norte;Colisão lateral no mesmo sentido;0;0;0;1;0;1;0;0;0;0;1;1;0;0;0
04/01/2018;22:14:00;371;sem vítima;238;BR-163/MS;Sul;Atropelamento de animais;1;0;0;0;0;0;0;0;0;0;3;0;0;0;0
04/01/2018;22:17:00;374;sem vítima;21,71;BR-163/MS;Norte;Colisão c/ obstáculos;0;0;1;0;0;0;0;0;0;0;1;0;0;0;0
04/01/2018;23:31:00;388;com vítima;688,184;BR-163/MS;Norte;Atropelamento de animais;0;0;0;1;0;0;0;0;0;0;0;0;1;0;0
04/01/2018;23:59:00;395;com vítima;614,708;BR-163/MS;Norte;Colisão lateral no sentido contrário;0;0;1;1;0;0;0;0;0;0;1;1;0;0;0
05/01/2018;06:57:00;79;com vítima;366;BR-163/MS;Sul;Colisão com veículos (traseira);2;0;0;0;0;0;0;0;0;0;5;1;0;0;0
05/01/2018;13:44:00;261;sem vítima;444,5;BR-163/MS;Norte;Colisão c/ obstáculos;0;0;1;0;0;0;0;0;0;0;1;0;0;0;0
05/01/2018;16:57:00;332;sem vítima;376,66;BR-163/MS;Sul;Colisão c/ obstáculos;1;0;0;0;0;0;0;0;0;1;2;0;0;0;0
05/01/2018;18:06:00;350;sem vítima;656,44;BR-163/MS;Norte;Capotamento;1;0;0;0;0;0;0;0;0;0;4;0;0;0;0
05/01/2018;18:37:00;358;sem vítima;19;BR-163/MS;Sul;Colisão lateral no sentido contrário;2;0;0;0;0;0;0;0;0;0;2;0;0;0;0
06/01/2018;06:33:00;64;com vítima;430,155;BR-163/MS;Norte;Tombamento de moto;0;0;0;1;0;1;0;0;0;0;1;1;0;0;0
06/01/2018;10:17:00;165;com vítima;697,8;BR-163/MS;Norte;Capotamento;0;0;0;0;0;0;0;0;0;1;1;1;0;0;0
07/01/2018;03:10:00;12;sem vítima;270,7;BR-163/MS;Norte;Atropelamento de animais;1;0;0;0;0;0;0;0;0;0;1;0;0;0;0
07/01/2018;05:37:00;21;sem vítima;192,8;BR-163/MS;Sul;Saídas de pista;1;0;0;0;0;0;0;0;0;0;2;0;0;0;0
07/01/2018;18:04:00;277;com vítima;350;BR-163/MS;Sul;Saídas de pista;0;0;1;0;0;1;0;0;0;0;1;1;0;0;0
08/01/2018;16:30:00;254;sem vítima;676;BR-163/MS;Sul;Colisão c/ obstáculos;0;0;1;0;0;0;0;0;0;0;1;0;0;0;0
09/01/2018;13:25:00;211;sem vítima;393;BR-163/MS;Norte;Colisão com veículos (traseira);0;0;0;0;0;0;0;0;0;2;2;0;0;0;0
10/01/2018;01:18:00;11;sem vítima;279,566;BR-163/MS;Sul;Atropelamento de animais;1;0;0;0;0;0;0;0;0;0;1;0;0;0;0
10/01/2018;20:41:00;353;com vítima;420,5;BR-163/MS;Norte;Colisão c/ obstáculos;0;0;0;1;0;0;0;0;0;1;1;0;1;0;0
11/01/2018;23:58:00;416;com vítima;667,113;BR-163/MS;Norte;Tombamento;0;0;1;0;0;1;0;0;0;0;1;1;0;0;0
12/01/2018;09:30:00;127;sem vítima;727;BR-163/MS;Sul;Colisão lateral no sentido contrário;1;0;1;0;0;0;0;0;0;0;2;0;0;0;0
12/01/2018;16:37:00;270;com vítima;807;BR-163/MS;Norte;Colisão c/ obstáculos;1;0;0;0;0;0;0;0;0;0;0;4;1;0;0
12/01/2018;20:12:00;336;com vítima;476,258;BR-163/MS;Sul;Atropelamento de animais;0;0;0;1;0;0;0;0;0;0;0;1;0;0;0
13/01/2018;03:42:00;17;com vítima;430,152;BR-163/MS;Norte;Colisão c/ obstáculos;0;0;1;0;0;1;0;0;0;0;1;1;0;0;0
13/01/2018;21:10:00;287;com vítima;683,961;BR-163/MS;Norte;Saídas de pista;1;0;0;0;0;0;0;0;0;0;0;2;0;0;0
13/01/2018;22:37:00;306;com vítima;290,636;BR-163/MS;Norte;Capotamento;1;0;0;0;0;0;0;0;0;0;0;1;0;0;0
14/01/2018;09:00:00;90;sem vítima;677;BR-163/MS;Norte;Colisão com veículos (traseira);0;0;3;0;0;4;0;0;0;0;7;0;0;0;0
14/01/2018;14:56:00;181;com vítima;650;BR-163/MS;Norte;Tombamento;0;0;0;0;0;0;0;0;0;1;0;1;0;0;0
14/01/2018;18:40:00;240;sem vítima;558,872;BR-163/MS;Sul;Colisão c/ obstáculos;0;0;1;0;0;2;0;0;0;0;3;0;0;0;0
14/01/2018;20:28:00;271;sem vítima;534,6;BR-163/MS;Norte;Atropelamento de animais;0;0;0;0;0;0;0;0;0;1;1;0;0;0;0
14/01/2018;21:03:00;280;com vítima;435,84;BR-163/MS;Sul;Saídas de pista;0;0;0;0;1;0;0;0;0;0;39;1;0;0;0
16/01/2018;05:39:00;58;com vítima;542,4;BR-163/MS;Norte;Capotamento;0;0;0;0;0;0;0;0;0;1;2;1;0;0;0
16/01/2018;09:05:00;160;com vítima;383,221;BR-163/MS;Sul;Colisão com veículos (frontal);1;0;0;0;1;0;0;0;0;0;41;1;0;0;0
16/01/2018;23:02:00;439;com vítima;416,878;BR-163/MS;Norte;Colisão com veículos (frontal);0;0;0;1;1;0;0;0;0;0;25;0;0;2;0
17/01/2018;08:39:00;94;com vítima;732,106;BR-163/MS;Sul;Colisão com veículos (frontal);2;0;0;0;0;0;0;0;0;0;0;1;0;2;0
17/01/2018;11:44:00;172;com vítima;469;BR-163/MS;Norte;Tombamento de moto;0;0;0;1;0;0;0;0;0;0;0;1;0;0;0
17/01/2018;14:34:00;210;sem vítima;221;BR-163/MS;Sul;Tombamento de moto;0;0;0;1;0;0;0;0;0;0;1;0;0;0;0
18/01/2018;08:14:00;87;com vítima;478,488;BR-163/MS;Norte;Tombamento de moto;0;0;0;1;0;0;0;0;0;0;0;1;0;0;0
18/01/2018;09:51:00;134;com vítima;596,5;BR-163/MS;Norte;Colisão c/ obstáculos;1;0;0;0;0;0;0;0;0;0;0;0;0;1;0
18/01/2018;10:49:00;155;com vítima;255,391;BR-163/MS;Sul;Colisão com veículos (traseira);0;0;2;0;0;1;0;0;0;0;2;1;0;0;0
18/01/2018;14:28:00;230;com vítima;1,5;BR-163/MS;Norte;Engavetamento;3;0;0;0;0;0;0;0;0;0;6;1;0;0;0
18/01/2018;17:35:00;297;com vítima;382,368;BR-163/MS;Norte;Colisão lateral no mesmo sentido;2;0;0;0;0;0;0;0;0;0;6;2;0;0;0
18/01/2018;17:44:00;303;com vítima;485;BR-163/MS;Norte;Colisão com veículos (traseira);1;0;0;1;0;0;0;0;0;0;1;1;0;0;0
18/01/2018;19:33:00;341;com vítima;837;BR-163/MS;Sul;Colisão com veículos (traseira);0;0;1;0;1;1;0;0;0;0;40;1;0;0;0
19/01/2018;14:54:00;305;sem vítima;243;BR-163/MS;Norte;Colisão lateral no mesmo sentido;0;0;1;0;0;2;0;0;0;1;6;0;0;0;0
19/01/2018;18:31:00;379;com vítima;600,87;BR-163/MS;Sul;Colisão com veículos (traseira);2;0;0;0;0;0;0;0;0;0;0;2;0;0;0
20/01/2018;08:11:00;94;com vítima;52,9;BR-163/MS;Norte;Capotamento;1;0;0;0;0;0;0;0;0;0;0;2;3;0;0
20/01/2018;09:41:00;134;com vítima;364;BR-163/MS;Norte;Tombamento;0;0;1;0;0;1;0;0;0;0;1;1;0;0;0
20/01/2018;09:43:00;136;com vítima;493,384;BR-163/MS;Sul;Colisão com veículos (traseira);0;0;0;2;0;0;0;0;0;0;1;1;0;0;0
20/01/2018;18:05:00;328;sem vítima;75;BR-163/MS;Sul;Saídas de pista;1;0;0;0;0;0;0;0;0;0;1;0;0;0;0
20/01/2018;19:05:00;337;com vítima;602,11;BR-163/MS;Norte;Tombamento de moto;0;0;0;1;0;0;0;0;0;0;1;1;0;0;0
20/01/2018;22:36:00;379;sem vítima;347;BR-163/MS;Norte;Atropelamento de animais;0;0;0;0;1;0;0;0;0;0;32;0;0;0;0
21/01/2018;01:35:00;16;com vítima;312,3;BR-163/MS;Sul;Atropelamento de animais;1;0;0;0;0;0;0;0;0;0;0;0;1;0;0
21/01/2018;10:50:00;149;com vítima;575;BR-163/MS;Norte;Colisão lateral no sentido contrário;2;0;0;0;0;0;0;0;0;0;7;1;0;0;0
21/01/2018;19:27:00;332;com vítima;270;BR-163/MS;Norte;Colisão lateral no mesmo sentido;0;0;0;1;0;1;0;0;0;0;1;1;0;0;0
21/01/2018;23:00:00;373;sem vítima;321;BR-163/MS;Sul;Saídas de pista;1;0;0;0;0;0;0;0;0;0;1;0;0;0;0
22/01/2018;06:29:00;56;com vítima;265;BR-163/MS;Sul;Tombamento de moto;0;0;0;1;0;0;0;0;0;0;1;1;0;0;0
22/01/2018;09:06:00;141;com vítima;698,292;BR-163/MS;Sul;Tombamento;0;0;2;0;0;1;0;0;0;0;2;1;0;0;0
22/01/2018;16:38:00;305;sem vítima;575,234;BR-163/MS;Sul;Colisão lateral no sentido contrário;0;0;2;0;0;2;0;0;0;0;5;0;0;0;0
22/01/2018;20:14:00;349;sem vítima;609,931;BR-163/MS;Norte;Atropelamento de animais;1;0;0;0;0;0;0;0;0;0;4;0;0;0;0
23/01/2018;04:07:00;46;com vítima;626,578;BR-163/MS;Sul;Tombamento;0;0;1;0;0;0;0;0;0;0;0;2;0;0;0
23/01/2018;04:11:00;49;sem vítima;654,301;BR-163/MS;Sul;Atropelamento de animais;0;0;1;0;0;0;0;0;0;0;2;0;0;0;0
23/01/2018;07:56:00;103;sem vítima;620;BR-163/MS;Sul;Engavetamento;0;0;3;0;0;6;0;0;0;0;9;0;0;0;0
23/01/2018;10:45:00;176;sem vítima;248,451;BR-163/MS;Sul;Colisão c/ obstáculos;1;0;0;0;0;0;0;0;0;0;1;0;0;0;0
24/01/2018;01:53:00;9;sem vítima;132,77;BR-163/MS;Norte;Atropelamento de animais;1;0;0;0;0;0;0;0;0;0;4;0;0;0;0
24/01/2018;04:16:00;20;sem vítima;318,5;BR-163/MS;Norte;Atropelamento de animais;1;0;0;0;0;0;0;0;0;0;2;0;0;0;0
24/01/2018;10:20:00;170;sem vítima;67;BR-163/MS;Norte;Colisão com veículos (traseira);0;0;2;0;0;3;0;0;0;0;5;0;0;0;0
24/01/2018;10:58:00;186;sem vítima;466,433;BR-163/MS;Norte;Tombamento;0;0;1;0;0;3;0;0;0;0;4;0;0;0;0
24/01/2018;13:00:00;217;sem vítima;444,374;BR-163/MS;Sul;Colisão com veículos (traseira);1;0;2;0;0;1;0;0;0;0;6;0;0;0;0
25/01/2018;05:18:00;29;sem vítima;501,44;BR-163/MS;Norte;Atropelamento de animais;1;0;0;0;0;0;0;0;0;0;3;0;0;0;0
25/01/2018;16:53:00;369;com vítima;258;BR-163/MS;Norte;Colisão lateral no sentido contrário;1;0;0;1;0;0;0;0;0;0;1;1;0;0;0
25/01/2018;18:17:00;391;sem vítima;498,8;BR-163/MS;Sul;Colisão com veículos (traseira);1;0;2;0;0;2;0;0;0;0;5;0;0;0;0
26/01/2018;18:07:00;340;sem vítima;600,567;BR-163/MS;Sul;Colisão c/ obstáculos;1;0;0;0;0;0;0;0;0;0;1;0;0;0;0
26/01/2018;20:30:00;384;com vítima;797,537;BR-163/MS;Sul;Tombamento de moto;0;0;0;1;0;0;0;0;0;0;0;0;1;0;0
26/01/2018;23:22:00;415;sem vítima;225,293;BR-163/MS;Norte;Colisão c/ obstáculos;1;0;1;0;0;0;0;0;0;0;2;0;0;0;0
27/01/2018;10:34:00;157;sem vítima;6;BR-163/MS;Sul;Engavetamento;3;0;0;0;0;0;0;0;0;0;4;0;0;0;0
27/01/2018;16:40:00;266;com vítima;277;BR-163/MS;Norte;Tombamento de moto;0;0;0;1;0;0;0;0;0;0;0;0;1;0;0
27/01/2018;18:59:00;319;com vítima;809,48;BR-163/MS;Norte;Colisão lateral no mesmo sentido;0;0;2;0;0;2;0;0;0;0;3;1;0;0;0
28/01/2018;02:53:00;15;sem vítima;823,584;BR-163/MS;Sul;Colisão c/ obstáculos;0;0;1;0;0;1;0;0;0;0;4;0;0;0;0
28/01/2018;03:13:00;16;com vítima;225,493;BR-163/MS;Norte;Colisão c/ obstáculos;0;0;0;1;0;0;0;0;0;0;0;1;1;0;0
29/01/2018;08:02:00;89;com vítima;730;BR-163/MS;Sul;Colisão lateral no sentido contrário;0;0;0;2;0;0;0;0;0;0;0;2;0;0;0
29/01/2018;13:12:00;256;sem vítima;214;BR-163/MS;Norte;Tombamento;0;0;0;0;0;0;0;0;0;1;1;0;0;0;0
29/01/2018;15:11:00;297;sem vítima;748,877;BR-163/MS;Sul;Colisão lateral no mesmo sentido;1;0;1;0;0;2;0;0;0;0;6;0;0;0;0
30/01/2018;11:06:00;154;sem vítima;89;BR-163/MS;Norte;Saídas de pista;0;0;1;0;0;1;0;0;0;0;4;0;0;0;0
30/01/2018;11:12:00;156;com vítima;248;BR-163/MS;Sul;Tombamento de moto;0;0;0;1;0;0;0;0;0;0;0;1;0;0;0
30/01/2018;11:38:00;166;com vítima;478,64;BR-163/MS;Sul;Colisão lateral no sentido contrário;1;0;0;1;0;0;0;0;0;0;1;0;0;1;0
30/01/2018;13:22:00;202;sem vítima;837,352;BR-163/MS;Norte;Colisão com veículos (traseira);1;0;0;0;0;1;0;;0;0;3;0;0;0;0
30/01/2018;16:43:00;268;sem vítima;248;BR-163/MS;Norte;Colisão c/ obstáculos;1;0;0;0;0;0;0;;0;0;2;0;0;0;0
30/01/2018;22:55:00;349;sem vítima;238,73;BR-163/MS;Norte;Tombamento;1;0;0;0;0;0;0;;0;0;4;0;0;0;0
31/01/2018;01:04:00;17;sem vítima;385;BR-163/MS;Norte;Capotamento;0;0;1;0;0;0;0;;0;0;1;0;0;0;0
31/01/2018;06:17:00;50;sem vítima;295;BR-163/MS;Norte;Atropelamento de animais;0;0;0;0;0;0;0;;0;1;1;0;0;0;0
01/03/2018;00:30:00;5;sem vítima;379;BR-163/MS;Sul;Atropelamento de animais;1;0;0;0;0;0;0;0;0;0;2;0;0;0;0
01/03/2018;07:23:00;72;com vítima;475;BR-163/MS;Norte;Tombamento de moto;0;0;0;1;0;0;0;0;0;0;0;1;0;0;0
02/03/2018;15:28:00;332;com vítima;681,448;BR-163/MS;Norte;Colisão lateral no sentido contrário;0;0;1;1;0;2;0;0;0;0;3;1;0;0;0
02/03/2018;16:06:00;344;com vítima;600,567;BR-163/MS;Sul;Tombamento;0;0;1;0;0;1;0;0;0;0;1;0;0;1;0
02/03/2018;19:50:00;406;sem vítima;753;BR-163/MS;Norte;Atropelamento de animais;0;0;0;0;0;0;0;0;0;1;1;0;0;0;0
02/03/2018;23:29:00;429;sem vítima;740,774;BR-163/MS;Norte;Atropelamento de animais;1;0;0;0;0;0;0;0;0;0;1;0;0;0;0
03/03/2018;06:25:00;42;com vítima;556,26;BR-163/MS;Norte;Colisão com veículos (frontal);1;0;1;0;0;1;0;0;0;0;2;0;0;0;1
03/03/2018;10:25:00;156;com vítima;21,1;BR-163/MS;Sul;Colisão lateral no sentido contrário;1;0;0;0;0;0;0;0;0;1;0;2;1;0;0
03/03/2018;11:15:00;176;sem vítima;365,48;BR-163/MS;Norte;Colisão lateral no sentido contrário;2;0;0;0;0;0;0;0;0;0;3;0;0;0;0
03/03/2018;16:42:00;295;com vítima;268;BR-163/MS;Sul;Tombamento de moto;0;0;0;1;0;0;0;0;0;0;0;0;0;1;0
03/03/2018;20:50:00;366;com vítima;351,82;BR-163/MS;Sul;Capotamento;1;0;0;0;0;1;0;0;0;0;1;1;0;0;0
04/03/2018;06:49:00;45;com vítima;365;BR-163/MS;Sul;Colisão com veículos (traseira);2;0;0;0;0;0;0;0;0;0;5;1;0;0;0
04/03/2018;08:27:00;84;com vítima;6,2;BR-163/MS;Sul;Colisão com veículos (traseira);1;0;0;0;0;0;0;0;0;1;4;1;0;0;0
04/03/2018;19:28:00;295;com vítima;373,924;BR-163/MS;Norte;Tombamento de moto;0;0;0;1;0;0;0;0;0;0;0;2;0;0;0
04/03/2018;23:10:00;332;sem vítima;570,574;BR-163/MS;Norte;Colisão c/ obstáculos;0;0;1;0;0;2;0;0;0;0;4;0;0;0;0
05/03/2018;00:56:00;4;com vítima;482,354;BR-163/MS;Norte;Colisão com veículos (frontal);0;0;0;0;0;0;0;0;0;2;0;0;0;1;1
05/03/2018;11:04:00;163;sem vítima;15,993;BR-163/MS;Norte;Colisão com veículos (traseira);1;0;1;0;0;2;0;0;0;0;5;0;0;0;0
05/03/2018;16:10:00;252;com vítima;548;BR-163/MS;Norte;Colisão lateral no sentido contrário;0;0;1;0;0;2;0;0;0;0;2;1;0;0;0
06/03/2018;10:35:00;142;com vítima;462;BR-163/MS;Norte;Capotamento;0;0;1;0;0;0;0;0;0;0;0;1;1;0;0
06/03/2018;10:58:00;148;com vítima;591,943;BR-163/MS;Norte;Colisão c/ obstáculos;0;0;0;0;0;0;0;0;0;1;0;1;0;0;0
06/03/2018;18:52:00;296;sem vítima;616;BR-163/MS;Norte;Colisão lateral no sentido contrário;1;0;1;0;0;0;0;0;0;0;3;0;0;0;0
06/03/2018;18:54:00;298;com vítima;810,7;BR-163/MS;Norte;Atropelamento de animais;0;0;0;0;0;0;0;0;0;1;2;1;0;0;0
07/03/2018;06:40:00;44;com vítima;268;BR-163/MS;Sul;Colisão com veículos (traseira);1;0;0;1;0;0;0;0;0;0;1;1;0;0;0
07/03/2018;07:36:00;73;sem vítima;411,12;BR-163/MS;Norte;Atropelamento de animais;1;0;0;0;0;0;0;0;0;0;1;0;0;0;0
07/03/2018;07:40:00;76;com vítima;479;BR-163/MS;Norte;Colisão com veículos (traseira);1;0;0;1;0;0;0;0;0;0;1;1;0;0;0
07/03/2018;17:06:00;306;com vítima;39;BR-163/MS;Sul;Colisão lateral no sentido contrário;0;0;0;1;0;1;0;0;0;0;1;0;1;0;0
08/03/2018;04:07:00;27;sem vítima;248;BR-163/MS;Norte;Saídas de pista;0;0;0;0;0;0;0;0;0;1;1;0;0;0;0
08/03/2018;16:09:00;303;sem vítima;222;BR-163/MS;Sul;Colisão com veículos (traseira);1;0;1;0;0;0;0;0;0;0;6;0;0;0;0
08/03/2018;18:26:00;347;com vítima;479,647;BR-163/MS;Sul;Colisão com veículos (traseira);0;1;0;1;0;0;0;0;0;0;1;1;0;0;0
08/03/2018;20:53:00;371;sem vítima;693,203;BR-163/MS;Norte;Atropelamento de animais;1;0;0;0;0;0;0;0;0;0;4;0;0;0;0
09/03/2018;00:28:00;6;com vítima;695,84;BR-163/MS;Norte;Atropelamento de animais;0;0;0;0;0;0;0;0;0;1;0;1;0;0;0
09/03/2018;01:06:00;13;sem vítima;280,407;BR-163/MS;Norte;Colisão c/ obstáculos;2;0;0;0;0;0;0;0;0;0;2;0;0;0;0
09/03/2018;12:38:00;187;sem vítima;287,212;BR-163/MS;Norte;Colisão lateral no mesmo sentido;1;0;0;0;0;0;0;0;0;1;3;0;0;0;0
09/03/2018;14:20:00;225;sem vítima;433,9;BR-163/MS;Norte;Colisão c/ obstáculos;0;0;0;0;0;0;0;0;0;1;1;0;0;0;0
10/03/2018;05:21:00;51;com vítima;626,566;BR-163/MS;Sul;Capotamento;1;0;0;0;0;0;0;0;0;0;0;0;1;0;0
11/03/2018;05:30:00;38;com vítima;777,44;BR-163/MS;Norte;Colisão com veículos (traseira);0;0;1;0;0;2;0;0;0;1;3;2;0;0;0
11/03/2018;08:46:00;90;com vítima;263,5;BR-163/MS;Norte;Colisão lateral no sentido contrário;1;0;0;1;0;0;0;0;0;0;2;3;0;0;0
11/03/2018;17:03:00;211;com vítima;629,585;BR-163/MS;Norte;Capotamento;1;0;0;0;0;0;0;0;0;0;0;1;0;0;0
12/03/2018;00:16:00;4;sem vítima;503;BR-163/MS;Sul;Capotamento;0;0;0;0;0;0;0;0;0;1;1;0;0;0;0
12/03/2018;12:33:00;224;com vítima;818;BR-163/MS;Sul;Colisão c/ obstáculos;0;0;2;0;0;0;0;0;0;0;1;1;0;0;0
12/03/2018;16:25:00;319;sem vítima;653,502;BR-163/MS;Norte;Saídas de pista;1;0;0;0;0;0;0;0;0;0;1;0;0;0;0
13/03/2018;00:28:00;5;sem vítima;575;BR-163/MS;Sul;Atropelamento de animais;0;0;1;0;0;1;0;0;0;0;2;0;0;0;0
13/03/2018;05:13:00;42;sem vítima;643;BR-163/MS;Sul;Tombamento de moto;0;0;0;1;0;0;0;0;0;0;1;0;0;0;0
13/03/2018;15:52:00;315;com vítima;331,7;BR-163/MS;Norte;Capotamento;1;0;0;0;0;0;0;0;0;0;1;2;0;0;0
13/03/2018;21:27:00;394;sem vítima;465;BR-163/MS;Sul;Atropelamento de animais;0;0;1;0;0;0;0;0;0;0;2;0;0;0;0
13/03/2018;21:44:00;400;com vítima;239,683;BR-163/MS;Sul;Colisão c/ obstáculos;1;0;0;0;0;0;0;0;0;0;0;2;0;0;0
15/03/2018;04:30:00;28;sem vítima;576;BR-163/MS;Norte;Atropelamento de animais;1;0;0;0;0;0;0;0;0;0;1;0;0;0;0
16/03/2018;03:29:00;42;com vítima;258;BR-163/MS;Norte;Tombamento de moto;0;0;0;1;0;0;0;0;0;1;9;0;1;0;0
16/03/2018;19:45:00;379;com vítima;28,871;BR-163/MS;Norte;Colisão c/ obstáculos;1;0;0;0;0;0;0;0;0;0;0;1;1;0;0
17/03/2018;01:29:00;23;sem vítima;560,115;BR-163/MS;Norte;Atropelamento de animais;1;0;0;0;0;0;0;0;0;0;3;0;0;0;0
17/03/2018;03:19:00;32;sem vítima;477,607;BR-163/MS;Sul;Capotamento;1;0;0;0;0;0;0;0;0;0;1;0;0;0;0
17/03/2018;04:40:00;37;com vítima;628,503;BR-163/MS;Sul;Colisão c/ obstáculos;0;0;0;1;0;0;0;0;0;0;0;1;0;0;0
17/03/2018;08:59:00;110;sem vítima;474,6;BR-163/MS;Norte;Colisão c/ obstáculos;0;0;0;0;0;0;0;0;0;1;1;0;0;0;0
17/03/2018;12:18:00;172;sem vítima;57;BR-163/MS;Norte;Colisão c/ obstáculos;0;0;0;0;0;0;0;0;0;1;1;0;0;0;0
17/03/2018;16:16:00;262;sem vítima;238,2;BR-163/MS;Sul;Capotamento;1;0;0;0;0;0;0;0;0;0;1;0;0;0;0
17/03/2018;18:57:00;323;com vítima;365,1;BR-163/MS;Norte;Colisão com veículos (traseira);1;0;0;1;0;0;0;0;0;0;5;1;0;0;0
17/03/2018;22:53:00;374;sem vítima;366;BR-163/MS;Sul;Colisão c/ obstáculos;1;0;0;0;0;0;0;0;0;0;3;0;0;0;0
18/03/2018;06:05:00;40;com vítima;380,86;BR-163/MS;Norte;Capotamento;1;0;0;0;0;0;0;0;0;0;0;0;0;1;0
18/03/2018;16:08:00;222;sem vítima;306,307;BR-163/MS;Norte;Saídas de pista;0;0;0;0;0;0;0;0;0;1;1;0;0;0;0
19/03/2018;05:30:00;52;sem vítima;649,69;BR-163/MS;Sul;Tombamento;0;0;1;0;0;1;0;0;0;0;2;0;0;0;0
19/03/2018;11:42:00;194;com vítima;492,75;BR-163/MS;Norte;Capotamento;1;0;0;0;0;0;0;0;0;0;1;3;0;0;0
19/03/2018;12:26:00;207;sem vítima;654,65;BR-163/MS;Norte;Colisão c/ obstáculos;0;0;0;0;0;0;0;0;0;1;5;0;0;0;0
19/03/2018;19:29:00;336;sem vítima;698;BR-163/MS;Norte;Atropelamento de animais;1;0;0;0;0;0;0;0;0;0;3;0;0;0;0
20/03/2018;00:24:00;8;sem vítima;486;BR-163/MS;Norte;Atropelamento de animais;1;0;0;0;0;0;0;0;0;0;1;0;0;0;0
20/03/2018;08:07:00;110;com vítima;523;BR-163/MS;Norte;Tombamento de moto;0;0;0;1;0;0;0;0;0;0;0;1;0;0;0
20/03/2018;08:12:00;114;sem vítima;712,843;BR-163/MS;Sul;Colisão c/ obstáculos;0;0;1;0;0;0;0;0;0;0;1;0;0;0;0
20/03/2018;16:29:00;256;sem vítima;9,85;BR-163/MS;Sul;Colisão lateral no sentido contrário;1;0;0;0;0;0;0;0;0;1;3;0;0;0;0
20/03/2018;16:48:00;264;sem vítima;99;BR-163/MS;Norte;Colisão c/ obstáculos;0;0;1;0;0;1;0;0;0;1;5;0;0;0;0
22/03/2018;14:45:00;251;com vítima;480,2;BR-163/MS;Norte;Colisão com veículos (traseira);1;0;2;0;0;1;0;0;0;0;3;1;0;0;0
22/03/2018;18:10:00;310;com vítima;342;BR-163/MS;Norte;Colisão lateral no mesmo sentido;1;0;0;1;0;0;0;0;0;0;2;0;1;1;0
22/03/2018;19:20:00;326;sem vítima;382;BR-163/MS;Norte;Colisão com veículos (traseira);0;0;3;0;0;0;0;0;0;0;4;0;0;0;0
22/03/2018;20:01:00;335;com vítima;131,99;BR-163/MS;Sul;Engavetamento;1;0;1;0;0;1;0;0;0;1;1;3;0;0;0
23/03/2018;01:09:00;12;com vítima;817,195;BR-163/MS;Norte;Colisão c/ obstáculos;0;0;0;0;0;0;0;0;0;1;0;1;0;0;0
23/03/2018;14:08:00;214;sem vítima;266;BR-163/MS;Sul;Colisão com veículos (traseira);0;0;2;0;0;1;0;0;0;0;3;0;0;0;0
23/03/2018;18:23:00;288;com vítima;475;BR-163/MS;Norte;Tombamento de moto;0;0;0;1;0;0;0;0;0;0;0;1;0;0;0
24/03/2018;02:41:00;32;com vítima;600;BR-163/MS;Norte;Tombamento;0;0;1;0;0;2;0;0;0;0;2;2;0;0;0
24/03/2018;04:07:00;38;sem vítima;284;BR-163/MS;Norte;Colisão c/ obstáculos;1;0;0;0;0;0;0;0;0;0;1;0;0;0;0
24/03/2018;12:43:00;165;sem vítima;227;BR-163/MS;Norte;Colisão c/ obstáculos;2;0;0;0;0;0;0;0;0;0;4;0;0;0;0
24/03/2018;17:56:00;257;com vítima;402;BR-163/MS;Norte;Colisão c/ obstáculos;0;0;0;0;0;0;0;0;0;1;2;1;2;0;0
24/03/2018;19:44:00;277;sem vítima;85,5;BR-163/MS;Sul;Atropelamento de animais;1;0;0;0;0;0;0;0;0;0;1;0;0;0;0
25/03/2018;06:27:00;48;sem vítima;16;BR-163/MS;Sul;Saídas de pista;1;0;0;0;0;0;0;0;0;0;5;0;0;0;0
25/03/2018;07:18:00;65;sem vítima;93,312;BR-163/MS;Sul;Saídas de pista;0;0;0;0;0;0;0;0;0;1;1;0;0;0;0
25/03/2018;19:35:00;222;com vítima;205;BR-163/MS;Sul;Tombamento;0;0;1;0;0;0;0;0;0;0;0;0;1;0;0
26/03/2018;19:59:00;341;sem vítima;220;BR-163/MS;Sul;Atropelamento de animais;0;0;0;0;0;0;0;0;0;1;2;0;0;0;0
27/03/2018;03:48:00;29;sem vítima;569,2;BR-163/MS;Norte;Atropelamento de animais;0;0;0;0;0;0;0;0;0;1;1;0;0;0;0
27/03/2018;08:31:00;100;com vítima;759,621;BR-163/MS;Sul;Tombamento;0;0;0;1;0;0;0;0;0;0;1;1;0;0;0
27/03/2018;15:14:00;216;sem vítima;480,895;BR-163/MS;Sul;Colisão c/ obstáculos;0;0;1;0;0;0;0;0;0;0;1;0;0;0;0
27/03/2018;18:34:00;278;com vítima;549,617;BR-163/MS;Norte;Capotamento;0;0;0;0;0;0;0;0;0;1;1;1;0;0;0
28/03/2018;04:17:00;15;sem vítima;455,4;BR-163/MS;Sul;Saídas de pista;0;0;2;0;0;0;0;0;0;0;5;0;0;0;0
28/03/2018;08:34:00;80;com vítima;503,55;BR-163/MS;Norte;Colisão com veículos (traseira);0;0;1;0;0;0;0;0;0;1;1;1;0;0;0