data;horario;n_da_ocorrencia;tipo_de_ocorrencia;km;trecho;sentido;tipo_de_acidente;automovel;bicicleta;caminhao;moto;onibus;outros;tracao_animal;transporte_de_cargas_especiais;trator_maquinas;utilitarios;ilesos;levemente_feridos;moderadamente_feridos;gravemente_feridos;mortos
06/03/2019;12:10:00;215;sem vítima;404,3;BR-163/MS;Norte;Saídas de pista;1;0;0;0;0;0;0;0;0;0;3;0;0;0;0
06/03/2019;13:15:00;229;sem vítima;396;BR-163/MS;Norte;Tombamento;1;0;0;0;0;0;0;0;0;0;1;0;0;0;0
06/03/2019;13:17:00;231;com vítima;15;BR-163/MS;Norte;Tombamento;0;0;1;0;0;0;0;0;0;0;0;1;0;0;0
06/03/2019;18:09:00;345;com vítima;326;BR-163/MS;Sul;Tombamento de moto;0;0;0;1;0;0;0;0;0;0;0;1;0;0;0
08/03/2019;17:21:00;309;sem vítima;760;BR-163/MS;Sul;Atropelamento de animais;1;0;0;0;0;0;0;0;0;0;3;0;0;0;0
08/03/2019;18:29:00;322;com vítima;255,326;BR-163/MS;Norte;Colisão com veículos (traseira);0;0;0;0;0;0;0;0;0;2;1;1;0;0;0
08/03/2019;19:25:00;340;sem vítima;582,339;BR-163/MS;Norte;Atropelamento de animais;1;0;0;0;0;0;0;0;0;0;2;0;0;0;0
09/03/2019;10:21:00;152;com vítima;402,711;BR-163/MS;Norte;Colisão lateral no sentido contrário;1;0;1;0;0;0;0;0;0;0;1;3;0;1;0
09/03/2019;12:46:00;175;com vítima;396,9;BR-163/MS;Sul;Capotamento;1;0;0;0;0;0;0;0;0;0;0;1;0;0;0
09/03/2019;13:14:00;186;sem vítima;256;BR-163/MS;Norte;Colisão lateral no mesmo sentido;2;0;0;0;0;0;0;0;0;0;4;0;0;0;0
09/03/2019;13:29:00;188;sem vítima;548;BR-163/MS;Norte;Colisão lateral no mesmo sentido;0;0;2;0;0;2;0;0;0;0;4;0;0;0;0
09/03/2019;15:48:00;236;com vítima;221,638;BR-163/MS;Sul;Capotamento;1;0;0;0;0;0;0;0;0;0;1;3;0;0;0
10/03/2019;06:02:00;31;com vítima;792,8;BR-163/MS;Sul;Colisão c/ obstáculos;0;0;0;0;0;0;0;0;0;1;5;4;0;0;0
10/03/2019;06:10:00;32;com vítima;491;BR-163/MS;Norte;Colisão lateral no mesmo sentido;1;0;0;0;0;0;0;0;0;1;0;8;0;0;0
10/03/2019;06:18:00;33;com vítima;666;BR-163/MS;Norte;Saídas de pista;1;0;0;0;0;0;0;0;0;0;0;1;0;0;0
10/03/2019;06:29:00;36;sem vítima;576;BR-163/MS;Norte;Colisão c/ obstáculos;1;0;0;0;0;0;0;0;0;0;2;0;0;0;0
10/03/2019;14:25:00;180;com vítima;781;BR-163/MS;Norte;Tombamento de moto;0;0;0;1;0;0;0;0;0;0;0;1;0;0;0
11/03/2019;01:24:00;27;sem vítima;262,54;BR-163/MS;Norte;Capotamento;1;0;0;0;0;0;0;0;0;0;1;0;0;0;0
11/03/2019;06:29:00;72;sem vítima;602,377;BR-163/MS;Sul;Colisão c/ obstáculos;0;0;0;0;0;0;0;0;0;1;1;0;0;0;0
11/03/2019;19:16:00;363;sem vítima;693,142;BR-163/MS;Norte;Atropelamento de animais;1;0;0;0;0;0;0;0;0;0;4;0;0;0;0
12/03/2019;00:00:00;1;com vítima;529,6;BR-163/MS;Norte;Tombamento;0;0;1;0;0;1;0;0;0;0;1;1;0;0;0
12/03/2019;13:00:00;232;com vítima;730,3;BR-163/MS;Norte;Tombamento de moto;0;0;0;1;0;0;0;0;0;0;0;1;0;0;0
13/03/2019;04:13:00;46;sem vítima;6,409;BR-163/MS;Norte;Tombamento de moto;0;0;0;1;0;0;0;0;0;0;1;0;0;0;0
13/03/2019;11:32:00;222;sem vítima;106;BR-163/MS;Norte;Capotamento;1;0;0;0;0;0;0;0;0;0;2;0;0;0;0
13/03/2019;12:37:00;249;sem vítima;18,2;BR-163/MS;Norte;Colisão lateral no sentido contrário;2;0;0;0;0;0;0;0;0;0;4;0;0;0;0
13/03/2019;12:43:00;251;sem vítima;533;BR-163/MS;Sul;Colisão c/ obstáculos;0;0;0;0;0;0;0;0;0;1;2;0;0;0;0
13/03/2019;19:17:00;370;com vítima;76,389;BR-163/MS;Norte;Colisão lateral no mesmo sentido;1;0;1;0;0;1;0;0;0;0;2;1;0;0;0
14/03/2019;00:48:00;22;sem vítima;423,5;BR-163/MS;Sul;Atropelamento de animais;1;0;0;0;0;0;0;0;0;0;1;0;0;0;0
14/03/2019;06:37:00;61;com vítima;261,4;BR-163/MS;Sul;Tombamento de moto;0;0;0;1;0;0;0;0;0;0;0;2;0;0;0
14/03/2019;21:06:00;386;sem vítima;403,7;BR-163/MS;Norte;Atropelamento de animais;0;0;0;0;0;0;0;0;0;1;1;0;0;0;0
14/03/2019;22:59:00;404;sem vítima;474,3;BR-163/MS;Norte;Colisão com veículos (traseira);0;0;2;0;0;0;0;0;0;0;4;0;0;0;0
15/03/2019;08:17:00;120;com vítima;359,504;BR-163/MS;Norte;Colisão com veículos (frontal);1;0;1;0;0;2;0;0;0;0;3;0;0;0;2
16/03/2019;15:09:00;295;com vítima;288;BR-163/MS;Sul;Atropelamento de pedestre;1;0;0;0;0;0;0;0;0;0;4;1;0;0;0
16/03/2019;16:58:00;346;sem vítima;548,851;BR-163/MS;Norte;Colisão com veículos (traseira);1;0;1;0;0;0;0;0;0;0;4;0;0;0;0
16/03/2019;20:22:00;398;sem vítima;253,6;BR-163/MS;Sul;Colisão com veículos (traseira);2;0;0;0;0;0;0;0;0;0;4;0;0;0;0
16/03/2019;21:17:00;406;com vítima;307;BR-163/MS;Norte;Colisão com veículos (traseira);1;0;0;0;0;0;0;0;0;1;2;4;0;0;0
17/03/2019;08:11:00;84;sem vítima;172;BR-163/MS;Norte;Colisão com veículos (traseira);0;0;2;0;0;3;0;0;0;0;5;0;0;0;0
17/03/2019;19:09:00;263;sem vítima;499,12;BR-163/MS;Sul;Saídas de pista;0;0;0;0;0;0;0;0;0;1;2;0;0;0;0
18/03/2019;07:28:00;93;sem vítima;260;BR-163/MS;Norte;Saídas de pista;1;0;0;0;0;0;0;0;0;0;1;0;0;0;0
18/03/2019;08:56:00;145;sem vítima;685;BR-163/MS;Norte;Colisão com veículos (traseira);0;0;1;0;0;4;0;0;0;1;9;0;0;0;0
18/03/2019;11:19:00;236;com vítima;446;BR-163/MS;Norte;Capotamento;0;0;1;0;0;0;0;0;0;0;0;1;2;2;0
18/03/2019;11:31:00;241;sem vítima;316;BR-163/MS;Sul;Saídas de pista;0;0;1;0;0;0;0;0;0;0;3;0;0;0;0
18/03/2019;11:42:00;244;com vítima;226;BR-163/MS;Sul;Colisão c/ obstáculos;1;0;0;0;0;0;0;0;0;0;1;1;0;0;0
18/03/2019;23:42:00;442;sem vítima;468,578;BR-163/MS;Sul;Atropelamento de animais;0;0;1;0;0;0;0;0;0;0;1;0;0;0;0
19/03/2019;08:02:00;133;com vítima;478;BR-163/MS;Norte;Colisão com veículos (traseira);0;0;0;1;0;0;0;0;0;1;1;1;0;0;0
19/03/2019;16:20:00;346;sem vítima;217;BR-163/MS;Sul;Colisão com veículos (traseira);0;0;0;1;0;0;0;0;0;1;4;0;0;0;0
19/03/2019;17:27:00;369;com vítima;478,9;BR-163/MS;Norte;Colisão com veículos (traseira);0;0;0;1;0;0;0;0;0;1;1;1;0;0;0
20/03/2019;06:50:00;81;sem vítima;478,697;BR-163/MS;Norte;Colisão com veículos (traseira);1;0;0;1;0;0;0;0;0;0;2;0;0;0;0
20/03/2019;06:53:00;83;com vítima;478,504;BR-163/MS;Sul;Colisão com veículos (frontal);0;0;0;1;0;0;0;0;0;1;2;1;0;0;0
20/03/2019;18:18:00;391;sem vítima;225;BR-163/MS;Norte;Colisão com veículos (traseira);1;0;0;0;0;1;0;0;0;0;2;0;0;0;0
20/03/2019;20:03:00;417;sem vítima;422,892;BR-163/MS;Sul;Colisão c/ obstáculos;0;0;2;0;0;2;0;0;0;1;8;0;0;0;0
21/03/2019;15:39:00;363;sem vítima;566,797;BR-163/MS;Sul;Colisão com veículos (traseira);0;0;2;0;0;3;0;0;0;0;5;0;0;0;0
21/03/2019;19:35:00;436;com vítima;490,515;BR-163/MS;Norte;Colisão lateral no sentido contrário;1;0;0;0;1;0;0;0;0;0;22;0;0;1;0
22/03/2019;01:18:00;24;com vítima;207,8;BR-163/MS;Sul;Colisão c/ obstáculos;0;0;0;0;0;0;0;0;0;1;0;1;0;0;0
22/03/2019;10:44:00;201;sem vítima;159;BR-163/MS;Sul;Colisão c/ obstáculos;1;0;0;0;0;0;0;0;0;0;3;0;0;0;0
22/03/2019;11:13:00;211;com vítima;224;BR-163/MS;Sul;Tombamento de moto;0;0;0;1;0;0;0;0;0;0;1;1;0;0;0
22/03/2019;23:03:00;405;sem vítima;525,89;BR-163/MS;Norte;Tombamento de moto;0;0;0;1;0;0;0;0;0;0;1;0;0;0;0
23/03/2019;01:00:00;10;sem vítima;690;BR-163/MS;Norte;Saídas de pista;0;0;1;0;0;0;0;0;0;0;1;0;0;0;0
23/03/2019;01:53:00;40;com vítima;680;BR-163/MS;Sul;Tombamento de moto;0;0;0;1;0;0;0;0;0;0;1;1;0;0;0
23/03/2019;04:37:00;59;sem vítima;715,5;BR-163/MS;Sul;Colisão c/ obstáculos;1;0;0;0;0;0;0;0;0;0;3;0;0;0;0
23/03/2019;18:27:00;346;com vítima;257,868;BR-163/MS;Sul;Colisão com veículos (traseira);0;0;0;2;0;0;0;0;0;0;0;1;2;0;0
24/03/2019;00:34:00;4;sem vítima;253,726;BR-163/MS;Sul;Atropelamento de animais;1;0;0;0;0;0;0;0;0;0;3;0;0;0;0
24/03/2019;08:19:00;82;com vítima;732;BR-163/MS;Norte;Colisão com veículos (frontal);0;0;1;1;0;1;0;0;0;0;2;0;0;0;1
24/03/2019;11:08:00;126;sem vítima;126;BR-163/MS;Sul;Colisão c/ obstáculos;0;0;0;0;0;0;0;0;0;1;3;0;0;0;0
24/03/2019;18:54:00;268;com vítima;369,405;BR-163/MS;Norte;Tombamento de moto;0;0;0;1;0;0;0;0;0;0;0;2;0;0;0
25/03/2019;13:43:00;258;com vítima;162,369;BR-163/MS;Sul;Colisão lateral no mesmo sentido;1;0;1;0;0;0;0;0;0;1;1;5;0;0;0
26/03/2019;00:37:00;3;com vítima;648,894;BR-163/MS;Norte;Tombamento;1;0;1;0;0;1;0;0;0;0;4;1;0;0;0
26/03/2019;08:31:00;130;com vítima;679,254;BR-163/MS;Norte;Tombamento de moto;0;0;0;1;0;0;0;0;0;0;0;1;0;0;0
26/03/2019;09:09:00;156;sem vítima;25,846;BR-163/MS;Norte;Colisão lateral no mesmo sentido;0;0;0;0;0;0;0;0;0;2;5;0;0;0;0
26/03/2019;17:25:00;360;com vítima;11,568;BR-163/MS;Norte;Colisão lateral no mesmo sentido;1;0;0;0;0;1;0;0;0;1;9;1;0;0;0
26/03/2019;19:05:00;391;sem vítima;614,795;BR-163/MS;Norte;Colisão lateral no mesmo sentido;1;0;0;0;0;0;0;0;0;1;2;0;0;0;0
26/03/2019;19:34:00;396;com vítima;175;BR-163/MS;Sul;Colisão com veículos (traseira);1;0;1;0;0;0;0;0;0;0;2;0;1;1;0
27/03/2019;02:49:00;50;com vítima;244,624;BR-163/MS;Sul;Capotamento;0;0;0;0;0;0;0;0;0;1;0;1;0;0;0
27/03/2019;10:10:00;198;com vítima;32;BR-163/MS;Norte;Colisão lateral no mesmo sentido;0;0;2;0;0;1;0;0;0;0;4;1;0;0;0
27/03/2019;10:53:00;220;sem vítima;7;BR-163/MS;Sul;Capotamento;1;0;0;0;0;0;0;0;0;0;1;0;0;0;0
27/03/2019;18:50:00;354;com vítima;485,63;BR-163/MS;Norte;Engavetamento;1;0;0;0;1;0;0;0;0;2;28;1;0;0;0
27/03/2019;18:57:00;359;sem vítima;300,654;BR-163/MS;Norte;Atropelamento de animais;1;0;0;0;0;0;0;0;0;0;2;0;0;0;0
28/03/2019;05:50:00;65;com vítima;455;BR-163/MS;Norte;Colisão com veículos (traseira);1;0;0;1;0;0;0;0;0;0;2;1;0;0;0
28/03/2019;16:36:00;294;sem vítima;845;BR-163/MS;Sul;Colisão c/ obstáculos;0;0;0;0;0;1;0;0;0;2;3;0;0;0;0
29/03/2019;07:56:00;111;com vítima;260;BR-163/MS;Sul;Colisão com veículos (traseira);1;0;0;1;0;0;0;0;0;0;1;0;0;0;1
29/03/2019;08:31:00;136;com vítima;486,326;BR-163/MS;Sul;Colisão lateral no sentido contrário;1;0;0;1;0;0;0;0;0;0;1;1;0;0;0
29/03/2019;09:17:00;163;com vítima;474,533;BR-163/MS;Norte;Tombamento de moto;0;0;0;1;0;1;0;0;0;0;1;1;0;0;0
29/03/2019;17:23:00;349;sem vítima;280;BR-163/MS;Sul;Colisão lateral no mesmo sentido;1;0;1;0;0;0;0;0;0;0;2;0;0;0;0
29/03/2019;18:27:00;361;sem vítima;481,817;BR-163/MS;Sul;Colisão com veículos (traseira);1;0;1;0;0;0;0;0;0;0;3;0;0;0;0
30/03/2019;02:54:00;34;sem vítima;265,5;BR-163/MS;Sul;Saídas de pista;1;0;0;0;0;0;0;0;0;0;2;0;0;0;0
30/03/2019;08:49:00;123;com vítima;477,921;BR-163/MS;Norte;Colisão lateral no mesmo sentido;0;0;0;2;0;0;0;0;0;0;0;2;0;0;0
30/03/2019;09:38:00;140;sem vítima;485,73;BR-163/MS;Sul;Engavetamento;2;0;1;0;0;1;0;0;0;0;6;0;0;0;0
30/03/2019;12:19:00;198;sem vítima;441,814;BR-163/MS;Norte;Colisão c/ obstáculos;1;0;0;0;0;0;0;0;0;0;1;0;0;0;0
31/03/2019;07:58:00;63;sem vítima;261,5;BR-163/MS;Norte;Capotamento;1;0;0;0;0;0;0;0;0;0;4;0;0;0;0
31/03/2019;12:39:00;150;sem vítima;258;BR-163/MS;Sul;Colisão com veículos (traseira);2;0;0;0;0;0;0;0;0;0;5;0;0;0;0
31/03/2019;19:08:00;263;com vítima;225,135;BR-163/MS;Norte;Colisão c/ obstáculos;0;0;0;1;0;0;0;0;0;0;0;0;0;1;0
31/03/2019;21:59:00;294;com vítima;279;BR-163/MS;Sul;Colisão c/ obstáculos;0;0;0;1;0;0;0;0;0;0;0;0;0;1;0
01/04/2019;03:09:00;37;com vítima;669,108;BR-163/MS;Norte;Atropelamento de animais;0;0;0;1;0;0;0;0;0;0;0;1;0;0;0
01/04/2019;09:40:00;152;sem vítima;477;BR-163/MS;Norte;Colisão lateral no mesmo sentido;0;0;1;1;0;0;0;0;0;0;3;0;0;0;0
02/04/2019;04:49:00;50;sem vítima;610,466;BR-163/MS;Sul;Atropelamento de animais;1;0;0;0;0;0;0;0;0;0;5;0;0;0;0
02/04/2019;18:53:00;333;com vítima;680,785;BR-163/MS;Norte;Colisão lateral no sentido contrário;0;1;0;1;0;0;0;0;0;0;0;1;0;1;0
03/04/2019;02:26:00;46;sem vítima;487,3;BR-163/MS;Norte;Atropelamento de animais;0;0;0;0;0;0;0;0;0;1;1;0;0;0;0
03/04/2019;10:36:00;173;com vítima;690;BR-163/MS;Norte;Capotamento;0;0;0;0;0;0;0;0;0;1;0;2;0;0;0
03/04/2019;16:54:00;321;com vítima;501,245;BR-163/MS;Sul;Colisão com veículos (frontal);1;0;0;0;0;1;0;0;0;1;1;2;0;0;0
04/04/2019;11:49:00;203;sem vítima;582,34;BR-163/MS;Norte;Saídas de pista;1;0;0;0;0;0;0;0;0;0;1;0;0;0;0
04/04/2019;17:14:00;317;com vítima;491,694;BR-163/MS;Norte;Colisão lateral no sentido contrário;0;1;0;0;0;0;0;0;0;1;1;1;0;0;0
04/04/2019;17:32:00;323;sem vítima;261;BR-163/MS;Sul;Colisão lateral no mesmo sentido;1;0;1;0;0;1;0;0;0;0;3;0;0;0;0
04/04/2019;18:46:00;341;sem vítima;694,93;BR-163/MS;Sul;Atropelamento de animais;0;0;0;0;0;0;0;0;0;1;1;0;0;0;0
04/04/2019;19:46:00;355;com vítima;775,31;BR-163/MS;Sul;Capotamento;1;0;0;0;0;1;0;0;0;0;1;0;1;1;0
05/04/2019;11:37:00;238;com vítima;241,2;BR-163/MS;Norte;Colisão com veículos (frontal);1;0;1;0;0;1;0;0;0;0;2;0;0;1;1
05/04/2019;16:43:00;328;com vítima;113,194;BR-163/MS;Norte;Colisão com veículos (traseira);0;0;2;0;0;0;0;0;0;0;3;1;0;0;0
06/04/2019;02:49:00;23;sem vítima;321,317;BR-163/MS;Norte;Saídas de pista;1;0;0;0;0;0;0;0;0;0;1;0;0;0;0
06/04/2019;05:06:00;34;sem vítima;316,63;BR-163/MS;Norte;Saídas de pista;1;0;0;0;0;0;0;0;0;0;1;0;0;0;0
06/04/2019;18:13:00;265;sem vítima;525,496;BR-163/MS;Norte;Colisão com veículos (traseira);1;0;0;1;0;0;0;0;0;0;3;0;0;0;0
07/04/2019;01:38:00;5;sem vítima;711,648;BR-163/MS;Sul;Atropelamento de animais;0;0;0;0;0;0;0;0;0;1;3;0;0;0;0
07/04/2019;03:42:00;12;com vítima;356,6;BR-163/MS;Norte;Capotamento;1;0;0;0;0;0;0;0;0;0;0;1;0;0;0
07/04/2019;03:53:00;13;com vítima;220,423;BR-163/MS;Sul;Capotamento;1;0;0;0;0;0;0;0;0;0;0;1;0;0;0
07/04/2019;10:44:00;105;sem vítima;7,594;BR-163/MS;Sul;Colisão com veículos (traseira);0;0;0;1;0;0;0;0;0;1;3;0;0;0;0
07/04/2019;22:06:00;292;com vítima;492,787;BR-163/MS;Norte;Atropelamento de pedestre;0;0;0;0;0;0;0;0;0;1;0;4;0;1;0
07/04/2019;22:31:00;294;com vítima;410,94;BR-163/MS;Sul;Atropelamento de pedestre;1;0;0;0;0;0;0;0;0;0;2;0;0;0;1
08/04/2019;19:50:00;358;sem vítima;318,5;BR-163/MS;Sul;Saídas de pista;0;0;1;0;0;0;0;0;0;0;1;0;0;0;0
09/04/2019;00:24:00;5;com vítima;18,2;BR-163/MS;Sul;Colisão c/ obstáculos;1;0;0;0;0;0;0;0;0;0;1;1;0;0;0
09/04/2019;00:48:00;6;sem vítima;220;BR-163/MS;Norte;Atropelamento de animais;0;0;0;0;1;0;0;0;0;0;1;0;0;0;0
09/04/2019;12:51:00;230;com vítima;41;BR-163/MS;Norte;Tombamento de moto;0;0;0;1;0;0;0;0;0;0;0;1;0;0;0
09/04/2019;18:11:00;337;com vítima;470,702;BR-163/MS;Norte;Colisão lateral no sentido contrário;0;0;1;0;0;2;0;0;0;1;3;1;2;0;0
09/04/2019;23:26:00;397;com vítima;393;BR-163/MS;Sul;Atropelamento de animais;1;0;0;0;0;0;0;0;0;0;1;1;0;0;0
10/04/2019;10:47:00;191;sem vítima;215,469;BR-163/MS;Norte;Saídas de pista;0;0;1;0;0;2;0;0;0;0;3;0;0;0;0
10/04/2019;19:59:00;369;sem vítima;785;BR-163/MS;Sul;Atropelamento de animais;0;0;1;0;0;0;0;0;0;0;1;0;0;0;0
11/04/2019;00:22:00;3;sem vítima;281,188;BR-163/MS;Sul;Colisão c/ obstáculos;1;0;0;0;0;0;0;0;0;0;1;0;0;0;0
11/04/2019;02:24:00;43;sem vítima;347,515;BR-163/MS;Norte;Atropelamento de animais;1;0;0;0;0;0;0;0;0;0;5;0;0;0;0
11/04/2019;19:31:00;350;sem vítima;316,36;BR-163/MS;Norte;Colisão c/ obstáculos;1;0;0;0;0;0;0;0;0;0;2;0;0;0;0
11/04/2019;19:58:00;357;com vítima;134,574;BR-163/MS;Sul;Colisão com veículos (traseira);1;0;0;0;0;0;0;0;0;1;1;1;0;0;0
11/04/2019;21:49:00;374;com vítima;680,5;BR-163/MS;Sul;Colisão lateral no sentido contrário;1;1;0;0;0;0;0;0;0;0;1;2;0;0;0
12/04/2019;02:13:00;23;com vítima;259,606;BR-163/MS;Norte;Atropelamento de animais;0;0;0;1;0;0;0;0;0;0;0;0;0;0;1
12/04/2019;10:16:00;186;com vítima;104;BR-163/MS;Sul;Tombamento de moto;0;0;0;1;0;0;0;0;0;0;0;1;0;0;0
12/04/2019;13:27:00;257;sem vítima;21;BR-163/MS;Norte;Colisão lateral no mesmo sentido;2;0;1;0;0;1;0;0;0;0;4;0;0;0;0
12/04/2019;19:12:00;382;com vítima;263;BR-163/MS;Norte;Tombamento de moto;0;0;0;1;0;0;0;0;0;0;0;2;0;0;0
12/04/2019;23:56:00;422;sem vítima;342;BR-163/MS;Sul;Colisão com veículos (traseira);1;0;1;0;0;0;0;0;0;0;3;0;0;0;0
13/04/2019;00:11:00;1;sem vítima;477,795;BR-163/MS;Norte;Colisão lateral no sentido contrário;2;0;0;0;0;0;0;0;0;0;6;0;0;0;0
13/04/2019;01:58:00;20;sem vítima;736,712;BR-163/MS;Sul;Saídas de pista;1;0;0;0;0;0;0;0;0;0;1;0;0;0;0
13/04/2019;09:55:00;137;sem vítima;64,9;BR-163/MS;Sul;Saídas de pista;1;0;0;1;0;0;0;0;0;0;5;0;0;0;0
13/04/2019;11:33:00;183;sem vítima;552,128;BR-163/MS;Norte;Saídas de pista;0;0;1;0;0;0;0;0;0;0;1;0;0;0;0
13/04/2019;13:19:00;217;sem vítima;176,431;BR-163/MS;Norte;Capotamento;1;0;0;0;0;0;0;0;0;0;1;0;0;0;0
13/04/2019;18:59:00;324;com vítima;270,6;BR-163/MS;Sul;Colisão com veículos (traseira);1;0;1;0;0;0;0;0;0;0;3;1;0;0;0
13/04/2019;23:22:00;360;sem vítima;46,9;BR-163/MS;Sul;Saídas de pista;0;0;0;0;0;0;0;0;0;1;1;0;0;0;0
13/04/2019;23:54:00;361;com vítima;46,9;BR-163/MS;Sul;Capotamento;1;0;0;0;0;0;0;0;0;0;0;1;0;0;0
14/04/2019;15:26:00;218;sem vítima;260;BR-163/MS;Norte;Colisão c/ obstáculos;1;0;0;0;0;0;0;0;0;0;1;0;0;0;0
15/04/2019;08:10:00;80;com vítima;478;BR-163/MS;Sul;Tombamento de moto;0;0;0;1;0;0;0;0;0;0;0;1;0;0;0
16/04/2019;09:42:00;163;com vítima;764,4;BR-163/MS;Sul;Colisão c/ obstáculos;1;0;0;0;0;0;0;0;0;0;1;3;0;0;0
16/04/2019;19:04:00;334;sem vítima;0,915;BR-163/MS;Norte;Colisão com veículos (traseira);1;0;0;0;0;1;0;0;0;0;2;0;0;0;0
16/04/2019;20:31:00;351;sem vítima;648,916;BR-163/MS;Sul;Tombamento;0;0;1;0;0;2;0;0;0;0;3;0;0;0;0
17/04/2019;15:38:00;280;com vítima;665,871;BR-163/MS;Sul;Tombamento;0;0;1;0;0;2;0;0;0;0;2;1;0;0;0
18/04/2019;04:44:00;38;sem vítima;270;BR-163/MS;Sul;Colisão c/ obstáculos;1;0;0;0;0;0;0;0;0;0;1;0;0;0;0
18/04/2019;06:18:00;47;sem vítima;220;BR-163/MS;Sul;Colisão c/ obstáculos;1;0;0;0;0;1;0;0;0;0;3;0;0;0;0
18/04/2019;16:22:00;313;com vítima;592,464;BR-163/MS;Norte;Atropelamento de pedestre;0;0;0;0;0;0;0;0;0;1;2;0;0;1;0
19/04/2019;15:36:00;181;com vítima;681,467;BR-163/MS;Sul;Colisão lateral no sentido contrário;1;0;0;1;0;0;0;0;0;0;1;1;0;0;0
19/04/2019;16:18:00;188;sem vítima;232,8;BR-163/MS;Sul;Capotamento;1;0;0;0;0;0;0;0;0;0;1;0;0;0;0
19/04/2019;17:57:00;219;com vítima;781,285;BR-163/MS;Norte;Atropelamento de animais;1;0;0;0;0;0;0;0;0;0;2;1;0;0;0
20/04/2019;10:11:00;107;com vítima;19,2;BR-163/MS;Norte;Colisão lateral no mesmo sentido;1;0;0;1;0;0;0;0;0;0;1;1;0;0;0
20/04/2019;15:52:00;192;com vítima;485;BR-163/MS;Sul;Colisão com veículos (traseira);0;0;1;1;0;0;0;0;0;0;1;1;0;0;0
20/04/2019;19:30:00;259;com vítima;479,1;BR-163/MS;Sul;Colisão lateral no mesmo sentido;1;0;0;1;0;0;0;0;0;0;1;1;0;0;0
20/04/2019;21:23:00;285;sem vítima;617;BR-163/MS;Norte;Colisão com veículos (traseira);1;0;0;0;0;0;0;0;0;1;5;0;0;0;0
21/04/2019;07:03:00;34;com vítima;576;BR-163/MS;Sul;Capotamento;1;0;0;0;0;0;0;0;0;0;0;2;2;0;0
21/04/2019;17:47:00;215;com vítima;690,949;BR-163/MS;Sul;Colisão com veículos (traseira);1;0;0;1;0;0;0;0;0;0;2;0;1;0;0
21/04/2019;17:57:00;216;sem vítima;687,579;BR-163/MS;Sul;Atropelamento de animais;1;0;0;0;0;0;0;0;0;0;4;0;0;0;0
21/04/2019;18:01:00;217;com vítima;223;BR-163/MS;Sul;Tombamento de moto;0;0;0;1;0;0;0;0;0;0;0;1;0;0;0
22/04/2019;04:22:00;19;sem vítima;610,629;BR-163/MS;Norte;Saídas de pista;1;0;0;0;0;0;0;0;0;0;1;0;0;0;0
22/04/2019;07:36:00;55;com vítima;844,3;BR-163/MS;Norte;Tombamento de moto;0;0;0;1;0;0;0;0;0;0;0;1;0;0;0
22/04/2019;11:10:00;144;com vítima;583,259;BR-163/MS;Norte;Engavetamento;2;0;1;0;0;1;0;0;0;1;12;1;0;0;0
22/04/2019;14:57:00;210;sem vítima;341,681;BR-163/MS;Norte;Colisão com veículos (traseira);2;0;0;0;0;0;0;0;0;0;7;0;0;0;0
22/04/2019;17:52:00;255;sem vítima;230,106;BR-163/MS;Norte;Atropelamento de animais;1;0;0;0;0;0;0;0;0;0;2;0;0;0;0
23/04/2019;18:06:00;303;com vítima;19,856;BR-163/MS;Sul;Colisão com veículos (frontal);0;2;0;0;0;0;0;0;0;0;0;2;0;0;0
23/04/2019;20:01:00;330;sem vítima;462,169;BR-163/MS;Sul;Colisão com veículos (traseira);1;0;0;0;0;1;0;0;0;0;2;0;0;0;0
24/04/2019;08:33:00;95;sem vítima;535;BR-163/MS;Norte;Atropelamento de animais;1;0;0;0;0;0;0;0;0;0;2;0;0;0;0
24/04/2019;15:07:00;247;com vítima;725;BR-163/MS;Norte;Colisão lateral no mesmo sentido;1;0;2;0;0;0;0;0;0;0;0;6;1;1;0
25/04/2019;18:59:00;347;com vítima;259,47;BR-163/MS;Sul;Atropelamento de animais;0;0;0;1;0;0;0;0;0;0;0;1;0;0;0
25/04/2019;19:41:00;354;sem vítima;259,47;BR-163/MS;Sul;Colisão c/ obstáculos;1;0;0;1;0;0;0;0;0;1;3;0;0;0;0
26/04/2019;14:21:00;260;sem vítima;39,529;BR-163/MS;Norte;Colisão com veículos (traseira);1;0;0;1;0;0;0;0;0;0;2;0;0;0;0
26/04/2019;17:47:00;337;com vítima;182,519;BR-163/MS;Sul;Colisão lateral no mesmo sentido;1;0;0;0;0;1;0;0;0;0;1;1;0;0;0
26/04/2019;19:30:00;366;sem vítima;817,687;BR-163/MS;Norte;Colisão c/ obstáculos;1;0;0;0;0;1;0;0;0;0;4;0;0;0;0
26/04/2019;22:46:00;403;com vítima;9,338;BR-163/MS;Sul;Colisão com veículos (traseira);1;0;0;0;0;1;0;0;0;0;1;1;0;0;0
26/04/2019;23:24:00;406;sem vítima;819,708;BR-163/MS;Sul;Tombamento;0;0;1;0;0;2;0;0;0;0;3;0;0;0;0
27/04/2019;01:03:00;5;sem vítima;187,46;BR-163/MS;Norte;Saídas de pista;1;0;0;0;0;0;0;0;0;0;1;0;0;0;0
27/04/2019;06:36:00;37;sem vítima;364;BR-163/MS;Norte;Colisão lateral no mesmo sentido;0;0;0;1;0;0;0;0;0;1;2;0;0;0;0