data;horario;n_da_ocorrencia;tipo_de_ocorrencia;km;trecho;sentido;tipo_de_acidente;automovel;bicicleta;caminhao;moto;onibus;outros;tracao_animal;transporte_de_cargas_especiais;trator_maquinas;utilitarios;ilesos;levemente_feridos;moderadamente_feridos;gravemente_feridos;mortos
23/09/2019;17:18:00;331;com vítima;730;BR-163/MS;Norte;Colisão lateral no sentido contrário;2;0;0;0;0;0;0;0;0;0;1;5;0;0;0
24/09/2019;12:01:00;214;sem vítima;489;BR-163/MS;Norte;Colisão com veículos (traseira);0;0;1;0;0;0;0;0;0;1;2;0;0;0;0
24/09/2019;12:55:00;240;com vítima;491,794;BR-163/MS;Norte;Colisão com veículos (traseira);1;0;0;1;0;0;0;0;0;0;1;1;0;0;0
24/09/2019;15:59:00;318;com vítima;548;BR-163/MS;Sul;Atropelamento de pedestre;0;0;0;0;0;1;0;0;0;0;1;1;0;0;0
25/09/2019;10:52:00;177;sem vítima;485,172;BR-163/MS;Norte;Colisão com veículos (traseira);0;0;1;0;0;1;0;0;0;0;2;0;0;0;0
25/09/2019;12:38:00;202;sem vítima;350,174;BR-163/MS;Norte;Saídas de pista;0;0;0;0;0;0;0;0;0;1;1;0;0;0;0
25/09/2019;17:10:00;287;com vítima;280;BR-163/MS;Sul;Tombamento de moto;1;0;0;1;0;0;0;0;0;0;1;1;0;0;0
26/09/2019;08:58:00;132;com vítima;681,378;BR-163/MS;Norte;Tombamento de moto;0;0;1;1;0;0;0;0;0;0;1;2;0;0;0
26/09/2019;22:52:00;391;sem vítima;323,725;BR-163/MS;Norte;Atropelamento de animais;1;0;0;0;0;0;0;0;0;0;1;0;0;0;0
27/09/2019;00:03:00;2;sem vítima;216,342;BR-163/MS;Sul;Tombamento de moto;0;0;0;1;0;0;0;0;0;0;2;0;0;0;0
27/09/2019;04:48:00;43;sem vítima;206,544;BR-163/MS;Sul;Tombamento;0;0;1;0;0;0;0;0;0;0;1;0;0;0;0
27/09/2019;08:38:00;119;sem vítima;346,4;BR-163/MS;Sul;Tombamento de moto;0;0;0;1;0;0;0;0;0;0;2;0;0;0;0
27/09/2019;18:42:00;337;com vítima;485,138;BR-163/MS;Norte;Colisão com veículos (traseira);0;0;0;1;0;0;0;0;0;1;3;1;1;0;0
27/09/2019;19:51:00;357;com vítima;254,654;BR-163/MS;Norte;Tombamento de moto;0;0;0;1;0;1;0;0;0;0;1;1;0;1;0
28/09/2019;18:59:00;308;com vítima;112,485;BR-163/MS;Norte;Colisão com veículos (traseira);0;0;0;1;0;0;0;0;0;1;2;2;0;0;0
28/09/2019;19:38:00;317;sem vítima;341,268;BR-163/MS;Norte;Colisão lateral no sentido contrário;0;0;0;0;0;1;0;0;0;1;9;0;0;0;0
28/09/2019;23:25:00;352;com vítima;478,987;BR-163/MS;Sul;Atropelamento de animais;0;0;0;1;0;0;0;0;0;0;0;1;0;0;0
29/09/2019;05:46:00;44;com vítima;280,32;BR-163/MS;Norte;Colisão lateral no mesmo sentido;0;0;0;2;0;0;0;0;0;0;1;1;0;0;0
29/09/2019;16:56:00;231;com vítima;383,366;BR-163/MS;Sul;Tombamento de moto;0;0;0;1;0;0;0;0;0;0;0;1;0;0;0
29/09/2019;19:48:00;268;com vítima;614,5;BR-163/MS;Norte;Colisão lateral no sentido contrário;0;0;0;1;0;0;0;0;0;1;3;1;0;0;0
29/09/2019;22:22:00;305;sem vítima;328,664;BR-163/MS;Sul;Atropelamento de animais;0;0;0;0;0;0;0;0;0;1;2;0;0;0;0
29/09/2019;23:03:00;309;com vítima;804;BR-163/MS;Norte;Capotamento;1;0;0;0;0;0;0;0;0;0;0;2;0;0;0
30/09/2019;18:16:00;391;com vítima;256,379;BR-163/MS;Norte;Colisão c/ obstáculos;0;1;0;0;0;0;0;0;0;2;2;0;0;0;1
30/09/2019;23:06:00;458;com vítima;472,775;BR-163/MS;Sul;Tombamento;0;0;1;0;0;1;0;0;0;0;1;1;0;0;0
01/07/2019;05:55:00;32;com vítima;136,239;BR-163/MS;Norte;Colisão com veículos (traseira);0;0;1;0;1;2;0;0;0;0;3;14;2;0;0
01/07/2019;07:36:00;71;com vítima;484,403;BR-163/MS;Sul;Colisão lateral no sentido contrário;1;0;0;1;0;0;0;0;0;0;2;2;0;0;0
01/07/2019;17:38:00;353;sem vítima;113,31;BR-163/MS;Norte;Colisão com veículos (traseira);2;0;0;0;0;1;0;0;0;0;6;0;0;0;0
02/07/2019;04:54:00;28;com vítima;402,7;BR-163/MS;Sul;Colisão lateral no mesmo sentido;0;0;2;0;0;2;0;0;0;0;3;2;0;1;0
02/07/2019;14:54:00;254;sem vítima;87,62;BR-163/MS;Norte;Saídas de pista;0;0;0;0;0;0;0;0;0;1;1;0;0;0;0
03/07/2019;02:52:00;19;com vítima;707,5;BR-163/MS;Norte;Colisão c/ obstáculos;0;0;1;0;0;1;0;0;0;0;1;1;0;0;0
03/07/2019;06:53:00;44;sem vítima;364;BR-163/MS;Norte;Tombamento;0;0;1;0;0;2;0;0;0;0;1;0;0;0;0
03/07/2019;09:09:00;126;com vítima;197,9;BR-163/MS;Sul;Tombamento de moto;0;0;0;1;0;0;0;0;0;0;0;2;0;0;0
03/07/2019;16:29:00;248;sem vítima;242,3;BR-163/MS;Sul;Colisão lateral no mesmo sentido;1;0;0;0;1;0;0;0;0;0;10;0;0;0;0
03/07/2019;18:18:00;261;sem vítima;266,801;BR-163/MS;Sul;Colisão c/ obstáculos;1;0;0;0;0;0;0;0;0;0;4;0;0;0;0
03/07/2019;21:57:00;306;sem vítima;343,381;BR-163/MS;Norte;Colisão lateral no mesmo sentido;0;0;0;0;0;0;0;0;0;2;3;0;0;0;0
05/07/2019;09:14:00;154;sem vítima;267,465;BR-163/MS;Norte;Colisão com veículos (traseira);1;0;0;0;0;0;0;0;0;1;6;0;0;0;0
05/07/2019;18:42:00;398;com vítima;561,389;BR-163/MS;Norte;Tombamento de moto;0;0;0;1;0;0;0;0;0;0;0;2;0;0;0
05/07/2019;19:00:00;408;sem vítima;481,619;BR-163/MS;Norte;Colisão com veículos (traseira);2;0;0;0;0;0;0;0;0;0;4;0;0;0;0
05/07/2019;22:40:00;442;sem vítima;480,529;BR-163/MS;Sul;Colisão com veículos (traseira);1;0;0;0;0;2;0;0;0;0;8;0;0;0;0
06/07/2019;03:00:00;12;com vítima;793,601;BR-163/MS;Sul;Colisão com veículos (traseira);0;0;1;0;1;0;0;0;0;0;1;27;0;0;0
06/07/2019;09:31:00;114;com vítima;821,36;BR-163/MS;Sul;Capotamento;1;0;0;0;0;1;0;0;0;0;1;1;0;0;0
06/07/2019;13:48:00;227;sem vítima;180,452;BR-163/MS;Sul;Colisão c/ obstáculos;0;0;3;0;0;4;0;0;0;0;9;0;0;0;0
06/07/2019;16:04:00;279;sem vítima;131,714;BR-163/MS;Norte;Colisão com veículos (traseira);0;0;2;0;0;2;0;0;0;0;5;0;0;0;0
06/07/2019;16:10:00;284;com vítima;19;BR-163/MS;Norte;Colisão lateral no sentido contrário;1;0;0;0;0;1;0;0;0;0;1;1;0;0;0
06/07/2019;18:03:00;314;sem vítima;4,814;BR-163/MS;Sul;Engavetamento;3;0;0;0;0;0;0;0;0;0;9;0;0;0;0
06/07/2019;21:18:00;352;com vítima;719,651;BR-163/MS;Sul;Atropelamento de animais;1;0;0;0;0;0;0;0;0;0;0;1;0;0;0
07/07/2019;03:52:00;20;com vítima;648,196;BR-163/MS;Sul;Colisão com veículos (frontal);1;0;0;1;0;0;0;0;0;0;1;0;0;2;0
07/07/2019;07:22:00;66;com vítima;103,766;BR-163/MS;Sul;Tombamento;0;0;1;0;0;2;0;0;0;0;4;1;0;0;0
07/07/2019;16:04:00;302;com vítima;648,179;BR-163/MS;Sul;Tombamento;0;0;1;0;0;2;0;0;0;0;2;1;0;0;0
07/07/2019;18:35:00;346;sem vítima;257,436;BR-163/MS;Sul;Colisão c/ obstáculos;1;0;0;0;0;0;0;0;0;0;1;0;0;0;0
08/07/2019;10:49:00;163;sem vítima;216,7;BR-163/MS;Sul;Colisão lateral no mesmo sentido;1;0;0;0;0;1;0;0;0;0;2;0;0;0;0
08/07/2019;17:33:00;291;com vítima;609,85;BR-163/MS;Sul;Capotamento;1;0;0;0;0;0;0;0;0;0;0;5;0;0;0
08/07/2019;19:12:00;311;sem vítima;96,3;BR-163/MS;Sul;Tombamento;0;0;1;0;0;2;0;0;0;0;3;0;0;0;0
26/07/2019;06:52:00;49;sem vítima;172,5;BR-163/MS;Sul;Colisão com veículos (traseira);0;0;2;0;0;0;0;0;0;0;2;0;0;0;0
26/07/2019;07:26:00;69;com vítima;477;BR-163/MS;Sul;Tombamento de moto;0;0;0;1;0;0;0;0;0;0;0;1;0;0;0
26/07/2019;16:44:00;316;com vítima;466;BR-163/MS;Norte;Colisão lateral no mesmo sentido;1;0;0;1;0;0;0;0;0;0;1;1;0;0;0
09/07/2019;07:47:00;77;com vítima;413;BR-163/MS;Sul;Colisão lateral no sentido contrário;1;0;1;0;0;0;0;0;0;0;2;0;0;1;0
09/07/2019;09:37:00;127;sem vítima;703;BR-163/MS;Sul;Colisão com veículos (traseira);0;0;2;0;0;0;0;0;0;0;4;0;0;0;0
09/07/2019;13:54:00;225;sem vítima;478,8;BR-163/MS;Norte;Colisão com veículos (traseira);1;0;0;0;0;0;0;0;0;1;2;0;0;0;0
09/07/2019;17:40:00;296;com vítima;681;BR-163/MS;Sul;Colisão lateral no mesmo sentido;0;1;0;0;0;1;0;0;0;0;1;1;0;0;0
10/07/2019;00:30:00;4;sem vítima;640;BR-163/MS;Norte;Atropelamento de animais;1;0;1;0;0;0;0;0;0;0;6;0;0;0;0
10/07/2019;03:42:00;21;sem vítima;773,611;BR-163/MS;Norte;Colisão c/ obstáculos;0;0;0;0;0;0;0;0;0;1;1;0;0;0;0
10/07/2019;07:02:00;62;com vítima;475,889;BR-163/MS;Sul;Colisão lateral no mesmo sentido;0;0;0;1;0;1;0;0;0;0;1;1;0;0;0
10/07/2019;09:53:00;187;sem vítima;191;BR-163/MS;Norte;Colisão com veículos (traseira);2;0;0;0;0;0;0;0;0;0;4;0;0;0;0
10/07/2019;11:53:00;255;sem vítima;701,718;BR-163/MS;Norte;Capotamento;1;0;0;0;0;0;0;0;0;0;2;0;0;0;0
10/07/2019;16:25:00;391;com vítima;171,715;BR-163/MS;Norte;Colisão com veículos (frontal);2;0;0;0;0;0;0;0;0;0;2;1;0;0;0
10/07/2019;18:10:00;416;sem vítima;103,8;BR-163/MS;Sul;Colisão c/ obstáculos;0;0;0;0;0;0;0;0;0;1;1;0;0;0;0
11/07/2019;05:28:00;39;sem vítima;668,247;BR-163/MS;Norte;Atropelamento de animais;0;0;0;0;0;0;0;0;0;1;1;0;0;0;0
11/07/2019;07:24:00;84;sem vítima;341,743;BR-163/MS;Norte;Saídas de pista;0;0;0;0;0;0;0;0;0;1;2;0;0;0;0
11/07/2019;15:55:00;317;sem vítima;533,289;BR-163/MS;Sul;Saídas de pista;1;0;0;0;0;0;0;0;0;0;1;0;0;0;0
11/07/2019;19:36:00;385;com vítima;484,591;BR-163/MS;Norte;Tombamento de moto;0;0;0;1;0;0;0;0;0;0;0;2;0;0;0
12/07/2019;10:03:00;158;com vítima;87,7;BR-163/MS;Sul;Colisão c/ obstáculos;1;0;0;0;0;0;0;0;0;0;0;1;0;0;0
12/07/2019;10:45:00;185;com vítima;738,316;BR-163/MS;Norte;Saídas de pista;0;0;1;0;0;0;0;0;0;0;0;1;0;0;0
12/07/2019;13:47:00;256;com vítima;214;BR-163/MS;Sul;Engavetamento;1;0;0;0;0;0;0;0;0;2;2;4;0;0;0
12/07/2019;17:01:00;321;com vítima;226;BR-163/MS;Sul;Colisão lateral no mesmo sentido;1;0;1;0;0;0;0;0;0;0;3;1;0;0;0
13/07/2019;00:39:00;7;sem vítima;315,231;BR-163/MS;Norte;Atropelamento de animais;0;0;0;0;0;0;0;0;0;1;1;0;0;0;0
13/07/2019;04:38:00;29;sem vítima;191,1;BR-163/MS;Norte;Saídas de pista;1;0;0;0;0;0;0;0;0;0;1;0;0;0;0
13/07/2019;05:01:00;32;sem vítima;511,5;BR-163/MS;Norte;Saídas de pista;1;0;0;0;0;0;0;0;0;0;2;0;0;0;0
13/07/2019;09:12:00;100;sem vítima;239;BR-163/MS;Sul;Colisão com veículos (traseira);1;0;0;0;0;0;0;0;0;1;5;0;0;0;0
13/07/2019;16:43:00;257;com vítima;12;BR-163/MS;Sul;Tombamento de moto;0;0;0;1;0;0;0;0;0;0;0;1;0;0;0
13/07/2019;19:40:00;307;sem vítima;126;BR-163/MS;Sul;Tombamento de moto;0;0;0;1;0;0;0;0;0;0;1;0;0;0;0
13/07/2019;20:37:00;316;sem vítima;678,5;BR-163/MS;Norte;Engavetamento;0;0;3;0;0;0;0;0;0;0;3;0;0;0;0
14/07/2019;00:10:00;3;sem vítima;751,5;BR-163/MS;Sul;Tombamento;0;0;1;0;0;1;0;0;0;0;2;0;0;0;0
14/07/2019;07:30:00;68;sem vítima;266;BR-163/MS;Sul;Colisão c/ obstáculos;0;0;1;0;0;2;0;0;0;0;6;0;0;0;0
14/07/2019;12:13:00;132;sem vítima;488;BR-163/MS;Norte;Colisão com veículos (traseira);2;0;0;0;0;0;0;0;0;0;5;0;0;0;0
14/07/2019;17:16:00;234;com vítima;497;BR-163/MS;Norte;Capotamento;1;0;0;0;0;0;0;0;0;0;0;0;1;0;0
14/07/2019;18:05:00;244;com vítima;356,9;BR-163/MS;Sul;Atropelamento de pedestre;0;0;1;0;0;2;0;0;0;0;2;1;0;0;0
14/07/2019;21:20:00;291;sem vítima;563,334;BR-163/MS;Sul;Atropelamento de animais;1;0;0;0;0;0;0;0;0;0;7;0;0;0;0
15/07/2019;00:31:00;7;sem vítima;704,761;BR-163/MS;Norte;Atropelamento de animais;1;0;0;0;0;0;0;0;0;0;3;0;0;0;0
15/07/2019;00:41:00;9;sem vítima;704,5;BR-163/MS;Norte;Colisão c/ obstáculos;1;0;0;0;0;0;0;0;0;0;1;0;0;0;0
15/07/2019;10:17:00;175;com vítima;555,464;BR-163/MS;Norte;Capotamento;1;0;0;0;0;1;0;0;0;0;1;1;0;0;0
15/07/2019;16:44:00;309;sem vítima;248;BR-163/MS;Norte;Colisão c/ obstáculos;1;0;0;0;0;0;0;0;0;0;1;0;0;0;0
15/07/2019;17:08:00;315;com vítima;185,869;BR-163/MS;Sul;Tombamento;0;0;1;0;0;1;0;0;0;0;1;2;0;0;0
15/07/2019;17:17:00;317;com vítima;265,244;BR-163/MS;Sul;Tombamento de moto;0;0;0;1;0;0;0;0;0;0;0;1;0;0;0
15/07/2019;20:12:00;356;com vítima;716,86;BR-163/MS;Norte;Capotamento;1;0;0;0;0;0;0;0;0;0;0;5;0;0;0
16/07/2019;03:57:00;13;sem vítima;303,452;BR-163/MS;Sul;Atropelamento de animais;1;0;0;0;0;0;0;0;0;0;2;0;0;0;0
16/07/2019;04:09:00;15;com vítima;462,63;BR-163/MS;Norte;Atropelamento de animais;0;0;0;0;0;0;0;0;0;1;0;4;0;0;0
16/07/2019;12:44:00;218;com vítima;484,403;BR-163/MS;Sul;Colisão lateral no mesmo sentido;0;0;0;1;0;0;0;0;0;1;1;1;0;0;0
16/07/2019;17:02:00;317;sem vítima;70;BR-163/MS;Norte;Colisão lateral no sentido contrário;0;0;2;0;0;2;0;0;0;0;4;0;0;0;0
16/07/2019;22:23:00;373;com vítima;166,364;BR-163/MS;Norte;Colisão com veículos (traseira);0;0;2;0;0;2;0;0;0;0;3;0;0;1;0
17/07/2019;00:34:00;4;sem vítima;10,957;BR-163/MS;Sul;Saídas de pista;0;0;1;0;0;2;0;0;0;0;3;0;0;0;0
18/07/2019;05:21:00;25;sem vítima;819,718;BR-163/MS;Sul;Colisão c/ obstáculos;0;0;0;0;0;0;0;0;0;1;2;0;0;0;0
18/07/2019;05:34:00;26;sem vítima;25;BR-163/MS;Sul;Atropelamento de animais;0;0;1;0;0;2;0;0;0;0;3;0;0;0;0
18/07/2019;17:36:00;317;sem vítima;458;BR-163/MS;Norte;Colisão lateral no sentido contrário;1;0;0;0;0;0;0;0;0;1;2;0;0;0;0
18/07/2019;17:45:00;320;sem vítima;25,3;BR-163/MS;Norte;Colisão com veículos (traseira);1;0;1;0;0;0;0;0;0;0;3;0;0;0;0
18/07/2019;18:53:00;335;sem vítima;117;BR-163/MS;Sul;Colisão lateral no sentido contrário;1;0;1;0;0;0;0;0;0;0;3;0;0;0;0
18/07/2019;20:50:00;361;sem vítima;643,414;BR-163/MS;Norte;Saídas de pista;0;0;1;0;0;0;0;0;0;0;1;0;0;0;0
19/07/2019;17:25:00;343;sem vítima;664,283;BR-163/MS;Sul;Colisão lateral no mesmo sentido;2;0;0;0;0;0;0;0;0;0;4;0;0;0;0
19/07/2019;18:22:00;357;sem vítima;187;BR-163/MS;Norte;Colisão com veículos (traseira);0;0;1;0;0;2;0;0;0;0;4;0;0;0;0
20/07/2019;01:31:00;24;sem vítima;460,803;BR-163/MS;Sul;Atropelamento de animais;0;0;1;0;0;2;0;0;0;0;3;0;0;0;0
20/07/2019;01:59:00;25;sem vítima;837,268;BR-163/MS;Norte;Colisão c/ obstáculos;1;0;0;0;0;0;0;0;0;0;1;0;0;0;0
20/07/2019;18:19:00;331;sem vítima;485,26;BR-163/MS;Norte;Colisão com veículos (traseira);3;0;0;0;0;0;0;0;0;0;9;0;0;0;0
20/07/2019;18:56:00;344;sem vítima;485,48;BR-163/MS;Sul;Colisão com veículos (traseira);2;0;0;0;0;0;0;0;0;0;2;0;0;0;0
20/07/2019;20:40:00;368;com vítima;207,911;BR-163/MS;Norte;Saídas de pista;0;0;0;1;0;0;0;0;0;0;0;1;0;0;0
20/07/2019;23:39:00;398;sem vítima;712,415;BR-163/MS;Norte;Atropelamento de animais;1;0;0;0;0;0;0;0;0;0;3;0;0;0;0
21/07/2019;05:32:00;42;com vítima;462,239;BR-163/MS;Sul;Colisão lateral no sentido contrário;2;0;1;0;0;2;0;0;0;0;3;1;0;0;1
21/07/2019;08:56:00;103;com vítima;521,5;BR-163/MS;Norte;Tombamento de moto;0;0;0;1;0;0;0;0;0;0;0;1;0;0;0
21/07/2019;21:31:00;342;sem vítima;810,513;BR-163/MS;Norte;Tombamento;0;0;1;0;0;0;0;0;0;0;1;0;0;0;0
21/07/2019;22:17:00;347;sem vítima;656,212;BR-163/MS;Norte;Atropelamento de animais;0;0;0;0;0;0;0;0;0;1;2;0;0;0;0
22/07/2019;06:55:00;47;com vítima;477;BR-163/MS;Norte;Engavetamento;2;0;0;1;0;0;0;0;0;0;2;1;0;0;0
22/07/2019;10:03:00;158;com vítima;540,5;BR-163/MS;Sul;Capotamento;0;0;0;0;0;0;0;0;0;1;0;1;1;0;0
22/07/2019;18:38:00;341;sem vítima;221,719;BR-163/MS;Norte;Colisão com veículos (traseira);0;0;2;0;0;1;0;0;0;0;3;0;0;0;0
22/07/2019;18:34:00;344;sem vítima;221,719;BR-163/MS;Norte;Colisão com veículos (traseira);1;0;0;0;0;1;0;0;0;0;2;0;0;0;0
23/07/2019;01:00:00;11;sem vítima;263,767;BR-163/MS;Sul;Atropelamento de animais;0;0;0;1;0;0;0;0;0;0;2;0;0;0;0
23/07/2019;06:41:00;50;com vítima;336,316;BR-163/MS;Norte;Tombamento de moto;0;0;0;1;0;1;0;0;0;0;1;1;0;0;0
23/07/2019;18:42:00;331;com vítima;263,978;BR-163/MS;Sul;Colisão com veículos (traseira);1;1;0;0;0;0;0;0;0;0;1;1;0;0;0
23/07/2019;20:51:00;358;sem vítima;315;BR-163/MS;Norte;Colisão c/ obstáculos;0;0;1;1;0;0;0;0;0;0;4;0;0;0;0
24/07/2019;00:01:00;2;sem vítima;3,85;BR-163/MS;Norte;Saídas de pista;1;0;0;0;0;0;0;0;0;0;1;0;0;0;0
24/07/2019;00:11:00;4;sem vítima;46,9;BR-163/MS;Sul;Saídas de pista;1;0;0;0;0;0;0;0;0;0;1;0;0;0;0
24/07/2019;00:31:00;9;com vítima;2,4;BR-163/MS;Sul;Colisão lateral no mesmo sentido;1;0;0;0;0;0;0;0;0;1;2;1;0;0;0
24/07/2019;07:49:00;105;com vítima;633,678;BR-163/MS;Norte;Tombamento de moto;0;0;0;1;0;0;0;0;0;0;0;2;0;0;0
24/07/2019;08:40:00;146;sem vítima;206;BR-163/MS;Norte;Colisão c/ obstáculos;0;0;1;0;0;1;0;0;0;0;2;0;0;0;0
24/07/2019;13:25:00;261;sem vítima;642,871;BR-163/MS;Norte;Capotamento;1;0;0;0;0;0;0;0;0;0;1;0;0;0;0
24/07/2019;14:33:00;292;com vítima;100,629;BR-163/MS;Norte;Tombamento de moto;0;0;0;1;0;0;0;0;0;0;0;1;0;0;0
24/07/2019;15:07:00;309;com vítima;750,764;BR-163/MS;Sul;Colisão com veículos (traseira);0;0;2;0;0;0;0;0;0;1;3;0;0;0;1
24/07/2019;17:35:00;343;com vítima;6;BR-163/MS;Norte;Atropelamento de pedestre;0;0;2;0;0;0;0;0;0;0;1;1;0;0;0
24/07/2019;22:16:00;386;com vítima;418,331;BR-163/MS;Norte;Colisão com veículos (traseira);0;3;0;1;0;0;0;0;0;0;3;1;0;0;0
26/07/2019;04:08:00;24;sem vítima;347,6;BR-163/MS;Sul;Colisão c/ obstáculos;1;0;0;0;0;0;0;0;0;0;3;0;0;0;0
26/07/2019;17:40:00;336;sem vítima;2,789;BR-163/MS;Sul;Atropelamento de animais;0;0;0;0;0;0;0;0;0;1;1;0;0;0;0
26/07/2019;17:51:00;339;com vítima;740,8;BR-163/MS;Sul;Tombamento de moto;0;0;0;1;0;0;0;0;0;0;0;1;0;0;0
26/07/2019;17:59:00;343;sem vítima;61,161;BR-163/MS;Sul;Saídas de pista;0;0;0;0;0;0;0;0;0;1;2;0;0;0;0
26/07/2019;18:59:00;359;sem vítima;36,4;BR-163/MS;Sul;Colisão com veículos (frontal);1;0;3;0;0;3;0;0;0;0;8;0;0;0;0
26/07/2019;20:37:00;382;sem vítima;817,837;BR-163/MS;Norte;Colisão c/ obstáculos;1;0;0;0;0;0;0;0;0;0;4;0;0;0;0
27/07/2019;02:59:00;15;com vítima;295,587;BR-163/MS;Norte;Colisão com veículos (frontal);1;0;0;0;0;0;0;0;0;1;0;0;0;2;0
27/07/2019;10:12:00;104;sem vítima;432;BR-163/MS;Norte;Colisão com veículos (traseira);0;0;2;0;0;2;0;0;0;0;4;0;0;0;0
27/07/2019;18:14:00;229;com vítima;479;BR-163/MS;Norte;Colisão lateral no mesmo sentido;1;0;0;2;0;0;0;0;0;0;1;1;0;1;0
27/07/2019;18:41:00;236;sem vítima;479,166;BR-163/MS;Norte;Colisão com veículos (traseira);1;0;1;0;0;0;0;0;0;0;2;0;0;0;0
27/07/2019;22:15:00;276;com vítima;485,122;BR-163/MS;Norte;Colisão com veículos (traseira);0;0;0;1;0;1;0;0;0;0;1;1;0;0;0
27/07/2019;23:07:00;284;com vítima;121;BR-163/MS;Sul;Capotamento;1;0;0;0;0;0;0;0;0;0;0;1;0;0;0
28/07/2019;04:39:00;30;sem vítima;303;BR-163/MS;Norte;Atropelamento de animais;1;0;0;0;0;0;0;0;0;0;1;0;0;0;0
28/07/2019;17:56:00;264;sem vítima;424,455;BR-163/MS;Sul;Atropelamento de animais;0;0;1;0;0;0;0;0;0;0;1;0;0;0;0
29/07/2019;11:17:00;162;com vítima;670,649;BR-163/MS;Sul;Capotamento;1;0;0;0;0;0;0;0;0;0;0;1;0;0;0
29/07/2019;12:02:00;176;sem vítima;288;BR-163/MS;Sul;Colisão lateral no sentido contrário;0;0;1;0;0;0;0;0;0;1;2;0;0;0;0
29/07/2019;18:11:00;274;com vítima;543,757;BR-163/MS;Norte;Capotamento;0;0;1;0;0;0;0;0;0;0;0;0;1;0;0
30/07/2019;10:09:00;156;sem vítima;217;BR-163/MS;Norte;Colisão com veículos (traseira);1;0;0;0;0;0;0;0;0;1;5;0;0;0;0
30/07/2019;10:49:00;171;sem vítima;75;BR-163/MS;Norte;Colisão com veículos (traseira);1;0;0;0;0;0;0;0;0;1;5;0;0;0;0
30/07/2019;12:13:00;198;sem vítima;267;BR-163/MS;Sul;Colisão lateral no mesmo sentido;0;0;1;1;0;0;0;0;0;0;3;0;0;0;0
30/07/2019;17:50:00;318;com vítima;488,49;BR-163/MS;Sul;Colisão com veículos (traseira);0;1;0;1;0;0;0;0;0;0;1;1;0;0;0
30/07/2019;17:51:00;319;sem vítima;490,561;BR-163/MS;Norte;Colisão com veículos (traseira);1;0;1;0;0;0;0;0;0;0;3;0;0;0;0
31/07/2019;14:03:00;244;com vítima;499,889;BR-163/MS;Norte;Tombamento de moto;0;0;0;1;0;0;0;0;0;0;0;1;0;0;0
31/07/2019;15:23:00;273;com vítima;87;BR-163/MS;Norte;Capotamento;1;0;0;0;0;0;0;0;0;0;1;1;0;0;0
01/08/2019;14:26:00;220;sem vítima;577,968;BR-163/MS;Sul;Colisão c/ obstáculos;0;0;1;0;0;1;0;0;0;0;2;0;0;0;0
01/08/2019;15:29:00;242;sem vítima;609;BR-163/MS;Sul;Colisão com veículos (traseira);0;0;2;0;0;0;0;0;0;0;3;0;0;0;0
02/08/2019;05:57:00;43;com vítima;19,857;BR-163/MS;Sul;Colisão lateral no mesmo sentido;0;0;1;1;0;0;0;0;0;0;1;0;0;0;1
02/08/2019;07:33:00;72;com vítima;503,45;BR-163/MS;Sul;Tombamento de moto;0;0;0;1;0;1;0;0;0;0;1;0;1;0;0
02/08/2019;09:28:00;150;sem vítima;818;BR-163/MS;Norte;Colisão com veículos (traseira);1;0;0;0;0;0;0;0;0;1;6;0;0;0;0
02/08/2019;13:40:00;248;com vítima;748,8;BR-163/MS;Norte;Capotamento;1;0;0;0;0;0;0;0;0;0;0;0;2;0;0
02/08/2019;14:16:00;261;sem vítima;466;BR-163/MS;Sul;Colisão com veículos (traseira);1;0;0;0;0;0;0;0;0;1;5;0;0;0;0
02/08/2019;18:26:00;340;sem vítima;821,425;BR-163/MS;Norte;Atropelamento de animais;0;0;0;0;0;0;0;0;0;1;2;0;0;0;0
02/08/2019;19:09:00;350;sem vítima;670,359;BR-163/MS;Norte;Atropelamento de animais;0;0;0;0;0;0;0;0;0;1;2;0;0;0;0
03/08/2019;09:27:00;96;sem vítima;818,73;BR-163/MS;Norte;Colisão com veículos (traseira);0;0;2;0;0;3;0;0;0;0;5;0;0;0;0
03/08/2019;10:21:00;112;com vítima;640,537;BR-163/MS;Norte;Tombamento;0;0;1;0;0;2;0;0;0;0;2;1;0;0;0
04/08/2019;03:27:00;14;sem vítima;256;BR-163/MS;Sul;Colisão com veículos (frontal);1;0;0;0;0;0;0;0;0;1;5;0;0;0;0
04/08/2019;07:30:00;43;sem vítima;245;BR-163/MS;Norte;Saídas de pista;1;0;0;0;0;1;0;0;0;0;4;0;0;0;0
04/08/2019;08:02:00;55;com vítima;113;BR-163/MS;Norte;Tombamento de moto;0;0;0;1;0;0;0;0;0;0;1;1;0;0;0
04/08/2019;08:11:00;57;sem vítima;124,844;BR-163/MS;Norte;Tombamento;0;0;1;0;0;0;0;0;0;0;1;0;0;0;0
04/08/2019;20:29:00;255;sem vítima;91,3;BR-163/MS;Norte;Colisão com veículos (traseira);1;0;1;0;0;0;0;0;0;0;3;0;0;0;0
05/08/2019;18:33:00;291;sem vítima;485;BR-163/MS;Norte;Colisão com veículos (traseira);1;0;0;0;0;1;0;0;0;0;2;0;0;0;0
05/08/2019;19:20:00;302;sem vítima;385,235;BR-163/MS;Norte;Colisão c/ obstáculos;0;0;1;0;0;1;0;0;0;0;2;0;0;0;0