data;horario;n_da_ocorrencia;tipo_de_ocorrencia;km;trecho;sentido;tipo_de_acidente;automovel;bicicleta;caminhao;moto;onibus;outros;tracao_animal;transporte_de_cargas_especiais;trator_maquinas;utilitarios;ilesos;levemente_feridos;moderadamente_feridos;gravemente_feridos;mortos
08/12/2019;16:32:00;239;com vítima;425,747;BR-163/MS;Sul;Capotamento;1;0;0;0;0;1;0;0;0;0;3;3;0;0;0
08/12/2019;18:28:00;283;com vítima;357,327;BR-163/MS;Norte;Engavetamento;0;0;0;1;0;0;0;0;0;0;0;2;0;0;0
08/12/2019;20:04:00;301;sem vítima;207,15;BR-163/MS;Norte;Colisão c/ obstáculos;0;0;1;0;0;0;0;0;0;0;1;0;0;0;0
08/12/2019;20:15:00;306;com vítima;28,828;BR-163/MS;Norte;Tombamento de moto;0;0;0;1;0;0;0;0;0;0;0;2;0;0;0
09/12/2019;08:47:00;88;sem vítima;485,63;BR-163/MS;Norte;Engavetamento;3;0;0;0;0;0;0;0;0;0;4;0;0;0;0
09/12/2019;11:41:00;158;sem vítima;607,752;BR-163/MS;Norte;Saídas de pista;0;0;0;0;0;0;0;0;0;1;1;0;0;0;0
09/12/2019;13:58:00;200;com vítima;258,237;BR-163/MS;Norte;Colisão com veículos (traseira);2;0;0;0;0;0;0;0;0;0;2;1;0;0;0
09/12/2019;19:48:00;345;com vítima;275,995;BR-163/MS;Norte;Colisão com veículos (traseira);1;0;0;1;0;0;0;0;0;0;1;1;0;0;0
09/12/2019;23:30:00;367;sem vítima;719,445;BR-163/MS;Norte;Colisão lateral no mesmo sentido;1;0;0;0;0;1;0;0;0;0;5;0;0;0;0
10/12/2019;10:50:00;240;com vítima;650,33;BR-163/MS;Norte;Colisão c/ obstáculos;0;0;0;1;0;0;0;0;0;0;0;0;1;0;0
10/12/2019;17:36:00;416;sem vítima;242,9;BR-163/MS;Norte;Capotamento;1;0;0;0;0;0;0;0;0;0;3;0;0;0;0
10/12/2019;18:54:00;438;sem vítima;457;BR-163/MS;Norte;Colisão c/ obstáculos;1;0;0;0;0;0;0;0;0;0;2;0;0;0;0
10/12/2019;19:49:00;451;com vítima;436,112;BR-163/MS;Norte;Atropelamento de animais;1;0;0;0;0;0;0;0;0;0;0;1;0;0;0
10/12/2019;22:55:00;483;sem vítima;439,8;BR-163/MS;Norte;Atropelamento de animais;0;0;0;0;0;0;0;0;0;1;1;0;0;0;0
11/12/2019;05:24:00;34;sem vítima;650,7;BR-163/MS;Norte;Capotamento;1;0;0;0;0;0;0;0;0;0;2;0;0;0;0
11/12/2019;16:48:00;303;com vítima;258,219;BR-163/MS;Sul;Colisão lateral no sentido contrário;0;0;0;1;0;0;0;0;0;1;1;1;0;0;0
11/12/2019;20:23:00;362;com vítima;479;BR-163/MS;Sul;Tombamento de moto;0;0;0;1;0;0;0;0;0;0;0;0;0;1;0
11/12/2019;21:24:00;376;com vítima;207;BR-163/MS;Norte;Tombamento de moto;0;0;0;1;0;0;0;0;0;0;0;2;0;0;0
11/12/2019;22:00:00;379;sem vítima;586;BR-163/MS;Norte;Atropelamento de animais;1;0;0;0;0;0;0;0;0;0;1;0;0;0;0
12/12/2019;02:26:00;11;sem vítima;124,67;BR-163/MS;Sul;Atropelamento de animais;0;0;1;0;0;0;0;0;0;0;1;0;0;0;0
12/12/2019;14:17:00;267;com vítima;192;BR-163/MS;Norte;Saídas de pista;1;0;0;0;0;0;0;0;0;0;3;1;0;0;0
12/12/2019;16:57:00;336;sem vítima;484,837;BR-163/MS;Norte;Engavetamento;1;0;0;0;0;0;0;0;0;2;5;0;0;0;0
12/12/2019;16:58:00;337;com vítima;485,216;BR-163/MS;Norte;Colisão com veículos (traseira);2;0;0;0;0;0;0;0;0;0;2;1;0;0;0
12/12/2019;18:59:00;376;sem vítima;258;BR-163/MS;Norte;Colisão lateral no mesmo sentido;2;0;0;0;0;0;0;0;0;0;4;0;0;0;0
12/12/2019;19:10:00;381;com vítima;481,68;BR-163/MS;Norte;Colisão com veículos (frontal);1;0;1;0;0;0;0;0;0;0;1;0;0;0;1
12/12/2019;19:12:00;382;com vítima;484;BR-163/MS;Sul;Atropelamento de pedestre;0;0;0;1;0;0;0;0;0;0;0;1;0;1;0
13/12/2019;09:06:00;114;com vítima;586;BR-163/MS;Norte;Tombamento de moto;0;0;0;1;0;0;0;0;0;0;1;1;0;0;0
13/12/2019;13:22:00;242;sem vítima;196,949;BR-163/MS;Norte;Saídas de pista;1;0;0;0;0;0;0;0;0;0;2;0;0;0;0
13/12/2019;14:59:00;291;com vítima;513,644;BR-163/MS;Sul;Tombamento de moto;0;0;0;1;0;0;0;0;0;0;0;1;0;0;0
13/12/2019;20:50:00;412;sem vítima;607,5;BR-163/MS;Sul;Atropelamento de animais;0;0;0;0;0;0;0;0;0;1;1;0;0;0;0
14/12/2019;09:40:00;144;sem vítima;313;BR-163/MS;Norte;Colisão com veículos (traseira);0;0;1;0;0;0;0;0;0;1;2;0;0;0;0
14/12/2019;16:26:00;293;sem vítima;484,384;BR-163/MS;Norte;Colisão lateral no sentido contrário;0;0;0;0;0;0;0;0;0;2;4;0;0;0;0
14/12/2019;17:43:00;320;sem vítima;600,568;BR-163/MS;Sul;Colisão c/ obstáculos;0;0;0;0;0;0;0;0;0;1;2;0;0;0;0
15/12/2019;03:39:00;16;com vítima;67,749;BR-163/MS;Norte;Capotamento;1;0;0;0;0;0;0;0;0;0;0;2;0;0;0
15/12/2019;20:04:00;312;com vítima;466,927;BR-163/MS;Norte;Tombamento de moto;0;0;0;1;0;0;0;0;0;0;0;1;0;0;0
16/12/2019;06:52:00;45;com vítima;255,981;BR-163/MS;Norte;Colisão lateral no sentido contrário;1;0;0;1;0;0;0;0;0;0;1;1;0;0;0
16/12/2019;16:22:00;270;com vítima;406;BR-163/MS;Norte;Tombamento de moto;0;0;0;1;0;0;0;0;0;0;0;1;0;0;0
16/12/2019;17:18:00;298;sem vítima;487,454;BR-163/MS;Sul;Colisão com veículos (traseira);1;0;1;0;0;0;0;0;0;0;3;0;0;0;0
16/12/2019;21:04:00;342;sem vítima;546,114;BR-163/MS;Norte;Atropelamento de animais;1;0;0;0;0;0;0;0;0;0;4;0;0;0;0
17/12/2019;06:38:00;53;sem vítima;52;BR-163/MS;Sul;Saídas de pista;1;0;0;0;0;0;0;0;0;0;1;0;0;0;0
17/12/2019;10:20:00;178;com vítima;661,585;BR-163/MS;Sul;Capotamento;1;0;0;0;0;0;0;0;0;0;0;1;0;0;0
17/12/2019;12:39:00;216;sem vítima;720,954;BR-163/MS;Sul;Saídas de pista;1;0;0;0;0;0;0;0;0;0;2;0;0;0;0
17/12/2019;15:57:00;283;com vítima;553,933;BR-163/MS;Sul;Tombamento de moto;0;0;0;1;0;0;0;0;0;0;0;0;1;0;0
17/12/2019;17:29:00;310;sem vítima;485;BR-163/MS;Norte;Colisão com veículos (traseira);1;0;1;0;0;0;0;0;0;0;7;0;0;0;0
17/12/2019;17:50:00;319;sem vítima;481,686;BR-163/MS;Norte;Tombamento de moto;0;0;0;1;0;0;0;0;0;0;2;0;0;0;0
17/12/2019;20:59:00;361;com vítima;667,8;BR-163/MS;Norte;Colisão c/ obstáculos;2;0;0;0;0;1;0;0;0;0;4;3;1;0;0
18/12/2019;04:47:00;23;sem vítima;731,728;BR-163/MS;Sul;Colisão com veículos (traseira);0;0;1;0;0;1;0;0;0;1;8;0;0;0;0
18/12/2019;16:41:00;358;sem vítima;262;BR-163/MS;Norte;Saídas de pista;1;0;0;0;0;1;0;0;0;0;4;0;0;0;0
18/12/2019;17:27:00;386;sem vítima;325;BR-163/MS;Sul;Colisão com veículos (traseira);0;0;1;0;0;0;0;0;0;1;2;0;0;0;0
19/12/2019;04:26:00;25;com vítima;384,55;BR-163/MS;Sul;Colisão lateral no mesmo sentido;1;0;1;0;0;0;0;0;0;0;1;1;0;0;0
19/12/2019;07:38:00;93;com vítima;482,926;BR-163/MS;Norte;Tombamento de moto;0;0;0;1;0;0;0;0;0;0;1;1;0;0;0
19/12/2019;11:07:00;217;sem vítima;484,408;BR-163/MS;Norte;Colisão lateral no sentido contrário;1;0;1;0;0;0;0;0;0;0;3;0;0;0;0
19/12/2019;11:32:00;224;com vítima;175,982;BR-163/MS;Norte;Saídas de pista;1;0;0;0;0;0;0;0;0;0;3;0;1;1;0
19/12/2019;13:14:00;254;sem vítima;348,253;BR-163/MS;Norte;Colisão c/ obstáculos;1;0;0;0;0;0;0;0;0;0;5;0;0;0;0
19/12/2019;19:22:00;403;com vítima;364,184;BR-163/MS;Norte;Atropelamento de pedestre;1;1;0;0;0;0;0;0;0;0;1;1;0;0;0
20/12/2019;00:12:00;5;sem vítima;399,79;BR-163/MS;Sul;Atropelamento de animais;1;0;0;0;0;0;0;0;0;0;3;0;0;0;0
20/12/2019;14:32:00;276;com vítima;485;BR-163/MS;Norte;Colisão com veículos (traseira);1;0;0;0;0;0;0;0;0;1;2;1;0;0;0
20/12/2019;14:39:00;282;sem vítima;270;BR-163/MS;Norte;Colisão lateral no sentido contrário;1;0;0;0;0;0;0;0;0;1;6;0;0;0;0
20/12/2019;14:47:00;288;sem vítima;355;BR-163/MS;Norte;Tombamento;0;0;1;0;0;0;0;0;0;0;1;0;0;0;0
21/12/2019;06:08:00;46;com vítima;477,973;BR-163/MS;Sul;Colisão lateral no mesmo sentido;1;0;0;1;0;0;0;0;0;0;4;1;0;0;0
21/12/2019;08:29:00;91;sem vítima;465,6;BR-163/MS;Norte;Colisão com veículos (traseira);2;0;0;0;0;0;0;0;0;0;10;0;0;0;0
21/12/2019;11:38:00;172;com vítima;682,246;BR-163/MS;Norte;Colisão lateral no sentido contrário;1;0;0;0;0;0;0;0;0;1;1;4;0;1;0
21/12/2019;11:39:00;173;com vítima;482,69;BR-163/MS;Sul;Atropelamento de pedestre;0;0;0;0;0;1;0;0;0;0;1;0;0;1;0
21/12/2019;11:56:00;178;sem vítima;113;BR-163/MS;Norte;Colisão com veículos (traseira);0;0;0;0;0;1;0;0;0;1;2;0;0;0;0
21/12/2019;20:46:00;356;sem vítima;261,646;BR-163/MS;Sul;Atropelamento de animais;1;0;0;0;0;0;0;0;0;0;1;0;0;0;0
22/12/2019;03:40:00;37;sem vítima;783,422;BR-163/MS;Norte;Atropelamento de animais;1;0;0;0;0;0;0;0;0;0;3;0;0;0;0
22/12/2019;06:04:00;60;sem vítima;533,732;BR-163/MS;Norte;Colisão com veículos (traseira);1;0;0;0;0;0;0;0;0;1;4;0;0;0;0
22/12/2019;10:10:00;153;sem vítima;815,932;BR-163/MS;Sul;Colisão c/ obstáculos;0;0;0;0;0;0;0;0;0;1;3;0;0;0;0
22/12/2019;10:15:00;155;com vítima;799,6;BR-163/MS;Sul;Colisão com veículos (traseira);1;0;0;0;0;0;0;0;0;1;7;2;0;0;0
22/12/2019;11:32:00;184;sem vítima;682,41;BR-163/MS;Sul;Colisão com veículos (traseira);1;0;0;0;0;0;0;0;0;1;10;0;0;0;0
22/12/2019;15:51:00;286;com vítima;655,45;BR-163/MS;Sul;Colisão com veículos (traseira);1;0;0;0;0;0;0;0;0;1;0;6;0;0;0
23/12/2019;05:59:00;34;com vítima;60,669;BR-163/MS;Sul;Capotamento;1;0;0;0;0;0;0;0;0;0;0;1;1;0;0
23/12/2019;10:48:00;202;com vítima;395,375;BR-163/MS;Sul;Tombamento de moto;0;0;0;1;0;0;0;0;0;0;0;1;0;0;0
23/12/2019;12:25:00;239;sem vítima;506;BR-163/MS;Norte;Colisão c/ obstáculos;1;0;0;0;0;0;0;0;0;0;4;0;0;0;0
23/12/2019;13:55:00;272;com vítima;384;BR-163/MS;Norte;Saídas de pista;0;0;0;0;0;0;0;0;0;1;4;1;0;0;0
23/12/2019;14:01:00;275;com vítima;462;BR-163/MS;Norte;Tombamento de moto;0;0;0;1;0;0;0;0;0;0;0;2;0;0;0
24/12/2019;04:37:00;42;sem vítima;819,888;BR-163/MS;Norte;Atropelamento de animais;0;0;0;0;0;0;0;0;0;1;3;0;0;0;0
24/12/2019;20:55:00;404;sem vítima;569;BR-163/MS;Norte;Atropelamento de animais;1;0;0;0;0;0;0;0;0;0;2;0;0;0;0
25/12/2019;11:47:00;153;com vítima;568,84;BR-163/MS;Norte;Tombamento de moto;0;0;0;1;0;0;0;0;0;0;1;1;0;0;0
25/12/2019;16:59:00;230;sem vítima;373,866;BR-163/MS;Norte;Tombamento;0;0;1;0;0;0;0;0;0;0;2;0;0;0;0
25/12/2019;18:58:00;272;com vítima;501,73;BR-163/MS;Norte;Colisão lateral no mesmo sentido;1;0;0;1;0;0;0;0;0;0;2;1;0;0;1
25/12/2019;23:01:00;306;sem vítima;174;BR-163/MS;Sul;Tombamento de moto;0;0;0;1;0;0;0;0;0;0;1;0;0;0;0
26/12/2019;08:27:00;75;sem vítima;373,123;BR-163/MS;Sul;Saídas de pista;1;0;0;0;0;1;0;0;0;0;5;0;0;0;0
26/12/2019;10:37:00;138;sem vítima;255,349;BR-163/MS;Norte;Colisão c/ obstáculos;0;0;1;0;0;1;0;0;0;0;2;0;0;0;0
26/12/2019;12:59:00;203;com vítima;261,76;BR-163/MS;Norte;Tombamento de moto;0;0;0;1;0;0;0;0;0;0;0;2;0;0;0
26/12/2019;14:26:00;230;com vítima;456;BR-163/MS;Sul;Colisão com veículos (traseira);2;0;0;0;0;0;0;0;0;0;0;6;0;0;0
27/12/2019;01:01:00;11;sem vítima;579,172;BR-163/MS;Sul;Atropelamento de animais;1;0;0;0;0;0;0;0;0;0;4;0;0;0;0
27/12/2019;08:59:00;140;sem vítima;669,118;BR-163/MS;Sul;Atropelamento de animais;0;0;1;0;0;0;0;0;0;0;4;0;0;0;0
28/12/2019;02:50:00;17;sem vítima;431,7;BR-163/MS;Norte;Atropelamento de animais;1;0;0;0;0;0;0;0;0;0;4;0;0;0;0
28/12/2019;07:29:00;71;sem vítima;718;BR-163/MS;Sul;Colisão com veículos (traseira);2;0;0;0;0;0;0;0;0;0;7;0;0;0;0
28/12/2019;12:28:00;216;com vítima;466,112;BR-163/MS;Norte;Tombamento de moto;0;0;0;1;0;0;0;0;0;0;0;2;0;0;0
28/12/2019;13:55:00;247;com vítima;771,435;BR-163/MS;Sul;Colisão com veículos (traseira);2;0;0;0;0;0;0;0;0;0;4;2;0;0;0
28/12/2019;22:06:00;389;com vítima;500,428;BR-163/MS;Norte;Colisão lateral no mesmo sentido;1;0;0;0;0;0;0;0;0;1;2;1;0;0;0
29/12/2019;02:59:00;17;com vítima;249,66;BR-163/MS;Sul;Tombamento de moto;0;0;0;1;0;0;0;0;0;0;0;1;0;0;0
29/12/2019;10:55:00;166;com vítima;737,11;BR-163/MS;Sul;Capotamento;0;0;1;0;0;0;0;0;0;1;4;1;0;0;0
29/12/2019;15:33:00;253;com vítima;491,691;BR-163/MS;Sul;Tombamento de moto;0;0;0;1;0;0;0;0;0;0;0;2;0;0;0
30/12/2019;04:46:00;39;sem vítima;443,2;BR-163/MS;Norte;Atropelamento de animais;1;0;0;0;0;0;0;0;0;0;1;0;0;0;0
30/12/2019;06:15:00;57;sem vítima;365;BR-163/MS;Norte;Colisão c/ obstáculos;1;0;0;0;0;0;0;0;0;0;2;0;0;0;0
31/12/2019;10:07:00;141;com vítima;293;BR-163/MS;Norte;Tombamento de moto;0;0;0;1;0;0;0;0;0;0;0;2;0;0;0
31/12/2019;13:05:00;198;sem vítima;505,705;BR-163/MS;Sul;Saídas de pista;1;0;0;0;0;0;0;0;0;0;2;0;0;0;0
31/12/2019;15:14:00;236;com vítima;403,204;BR-163/MS;Sul;Capotamento;1;0;0;0;0;1;0;0;0;0;1;1;0;0;0
01/03/2020;07:09:00;42;sem vítima;240,889;BR-163/MS;Norte;Tombamento de moto;0;0;0;1;0;0;0;0;0;0;1;0;0;0;0
01/03/2020;19:30:00;312;sem vítima;253,9;BR-163/MS;Norte;Colisão com veículos (traseira);2;0;0;0;0;0;0;0;0;0;7;0;0;0;0
01/03/2020;23:57:00;341;sem vítima;388,8;BR-163/MS;Norte;Atropelamento de animais;0;0;1;0;0;0;0;0;0;0;1;0;0;0;0
02/03/2020;16:41:00;239;sem vítima;753,631;BR-163/MS;Norte;Capotamento;0;0;0;0;0;0;0;0;0;1;1;0;0;0;0
02/03/2020;23:26:00;349;sem vítima;617,147;BR-163/MS;Norte;Colisão com veículos (traseira);2;0;0;0;0;0;0;0;0;0;4;0;0;0;0
03/03/2020;15:44:00;268;sem vítima;189,278;BR-163/MS;Norte;Colisão lateral no mesmo sentido;1;0;2;0;0;3;0;0;0;0;8;0;0;0;0
04/03/2020;03:09:00;17;sem vítima;436,279;BR-163/MS;Sul;Atropelamento de animais;1;0;0;0;0;0;0;0;0;0;3;0;0;0;0
04/03/2020;05:57:00;45;sem vítima;375,135;BR-163/MS;Norte;Tombamento;0;0;0;0;0;0;0;0;0;1;1;0;0;0;0
04/03/2020;07:17:00;72;com vítima;335;BR-163/MS;Norte;Colisão com veículos (traseira);0;0;0;0;0;0;0;0;0;1;1;1;0;0;0
04/03/2020;10:08:00;186;sem vítima;171,494;BR-163/MS;Sul;Colisão lateral no sentido contrário;1;0;1;0;0;0;0;0;0;0;5;0;0;0;0
05/03/2020;06:57:00;50;com vítima;479,164;BR-163/MS;Norte;Colisão com veículos (frontal);0;1;0;1;0;0;0;0;0;0;0;0;0;1;1
05/03/2020;09:58:00;150;com vítima;316;BR-163/MS;Sul;Tombamento de moto;0;0;0;1;0;0;0;0;0;0;0;1;0;0;0
05/03/2020;14:16:00;296;com vítima;476,301;BR-163/MS;Sul;Outros;1;0;0;0;0;0;0;0;0;1;1;1;0;0;0
06/03/2020;03:35:00;18;sem vítima;728,2;BR-163/MS;Norte;Atropelamento de animais;0;0;1;0;0;0;0;0;0;0;1;0;0;0;0
06/03/2020;04:55:00;24;sem vítima;741,474;BR-163/MS;Norte;Atropelamento de animais;0;0;1;0;0;0;0;0;0;0;1;0;0;0;0
06/03/2020;05:31:00;26;sem vítima;808,48;BR-163/MS;Sul;Atropelamento de animais;0;0;0;0;0;0;0;0;0;1;2;0;0;0;0
06/03/2020;06:35:00;37;com vítima;208,814;BR-163/MS;Norte;Colisão com veículos (frontal);1;0;0;1;0;0;0;0;0;0;1;1;0;0;0
06/03/2020;07:59:00;70;com vítima;695;BR-163/MS;Norte;Capotamento;1;0;0;0;0;0;0;0;0;0;2;3;0;0;0
06/03/2020;11:54:00;168;sem vítima;357;BR-163/MS;Norte;Colisão lateral no sentido contrário;0;0;0;0;0;0;0;0;0;2;2;0;0;0;0
06/03/2020;16:43:00;265;sem vítima;3,426;BR-163/MS;Norte;Colisão lateral no mesmo sentido;1;0;2;0;0;0;0;0;0;0;3;0;0;0;0
07/03/2020;02:31:00;19;com vítima;614,827;BR-163/MS;Sul;Colisão lateral no sentido contrário;1;0;0;1;0;0;0;0;0;0;0;1;1;0;0
07/03/2020;03:44:00;29;sem vítima;609;BR-163/MS;Norte;Atropelamento de animais;0;0;0;1;0;0;0;0;0;0;1;0;0;0;0
07/03/2020;05:05:00;35;sem vítima;238,259;BR-163/MS;Sul;Atropelamento de animais;1;0;0;0;0;0;0;0;0;0;3;0;0;0;0
07/03/2020;06:56:00;55;sem vítima;288;BR-163/MS;Norte;Tombamento de moto;0;0;1;1;0;0;0;0;0;0;2;0;0;0;0
07/03/2020;07:33:00;67;com vítima;680,6;BR-163/MS;Norte;Tombamento de moto;0;0;0;1;0;0;0;0;0;0;1;1;0;0;0
07/03/2020;11:36:00;160;sem vítima;257,462;BR-163/MS;Norte;Tombamento de moto;0;0;0;1;0;0;0;0;0;0;1;0;0;0;0
07/03/2020;17:18:00;263;sem vítima;263;BR-163/MS;Norte;Colisão com veículos (traseira);0;0;1;0;0;0;0;0;0;0;1;0;0;0;0
07/03/2020;21:40:00;331;sem vítima;94,5;BR-163/MS;Norte;Colisão lateral no sentido contrário;1;0;0;0;0;1;0;0;0;0;3;0;0;0;0
08/03/2020;00:39:00;6;com vítima;42,473;BR-163/MS;Norte;Colisão com veículos (traseira);1;0;0;0;0;1;0;0;0;0;1;1;0;0;0
08/03/2020;03:30:00;23;sem vítima;843,772;BR-163/MS;Norte;Tombamento;0;0;0;0;0;0;0;0;0;1;3;0;0;0;0
08/03/2020;10:03:00;99;sem vítima;475;BR-163/MS;Norte;Colisão com veículos (traseira);2;0;0;0;0;0;0;0;0;0;8;0;0;0;0
08/03/2020;10:30:00;106;com vítima;208;BR-163/MS;Norte;Atropelamento de pedestre;0;1;0;0;0;1;0;0;0;0;1;1;0;0;0
08/03/2020;18:30:00;253;com vítima;812,873;BR-163/MS;Sul;Colisão lateral no sentido contrário;1;0;0;1;0;0;0;0;0;0;1;0;1;0;0
09/03/2020;08:43:00;99;com vítima;616;BR-163/MS;Norte;Colisão com veículos (frontal);0;0;1;0;0;0;0;0;0;1;1;0;1;0;0
09/03/2020;16:59:00;269;com vítima;258,316;BR-163/MS;Sul;Colisão lateral no sentido contrário;0;1;0;0;0;0;0;0;0;1;1;1;0;0;0
10/03/2020;00:49:00;4;com vítima;664,167;BR-163/MS;Norte;Atropelamento de animais;0;0;1;0;1;0;0;0;0;0;0;36;0;0;0
10/03/2020;04:40:00;21;com vítima;522,2;BR-163/MS;Sul;Colisão com veículos (traseira);0;0;1;0;0;0;0;0;0;1;0;2;0;0;0
11/03/2020;12:53:00;210;sem vítima;466;BR-163/MS;Norte;Saídas de pista;0;0;1;0;0;2;0;0;0;0;3;0;0;0;0
11/03/2020;14:35:00;245;com vítima;511;BR-163/MS;Norte;Capotamento;0;0;0;0;0;1;0;0;0;1;1;1;0;0;0
11/03/2020;15:10:00;259;com vítima;682,3;BR-163/MS;Norte;Colisão com veículos (traseira);0;0;1;0;0;0;0;0;0;1;1;1;0;0;0
12/03/2020;08:18:00;106;com vítima;700;BR-163/MS;Norte;Colisão lateral no sentido contrário;1;0;0;0;0;0;0;0;0;1;0;0;3;0;0
12/03/2020;10:05:00;161;sem vítima;126;BR-163/MS;Norte;Colisão lateral no mesmo sentido;1;0;1;0;0;0;0;0;0;0;3;0;0;0;0
13/03/2020;11:03:00;209;com vítima;484;BR-163/MS;Norte;Colisão lateral no sentido contrário;0;0;0;2;0;0;0;0;0;0;1;1;0;0;0
13/03/2020;13:11:00;246;sem vítima;294,624;BR-163/MS;Sul;Colisão c/ obstáculos;1;0;0;1;0;0;0;0;0;0;3;0;0;0;0
13/03/2020;18:28:00;374;sem vítima;219,49;BR-163/MS;Norte;Saídas de pista;1;0;0;0;0;1;0;0;0;0;3;0;0;0;0
13/03/2020;19:14:00;385;sem vítima;13,108;BR-163/MS;Sul;Atropelamento de pedestre;1;0;0;0;0;0;0;0;0;0;3;0;0;0;0
14/03/2020;07:22:00;47;sem vítima;257;BR-163/MS;Norte;Colisão com veículos (traseira);2;0;0;0;0;0;0;0;0;0;2;0;0;0;0
14/03/2020;10:54:00;128;com vítima;282;BR-163/MS;Sul;Tombamento de moto;0;0;0;1;0;0;0;0;0;0;0;1;0;0;0
14/03/2020;13:38:00;175;com vítima;441,743;BR-163/MS;Norte;Colisão com veículos (frontal);1;0;1;0;0;1;0;0;0;0;1;1;0;0;1
14/03/2020;14:37:00;194;sem vítima;159,24;BR-163/MS;Norte;Saídas de pista;1;0;0;0;0;0;0;0;0;0;2;0;0;0;0
14/03/2020;18:45:00;278;com vítima;663,855;BR-163/MS;Norte;Tombamento de moto;0;0;0;1;0;0;0;0;0;0;0;1;0;0;0
14/03/2020;22:32:00;327;com vítima;481;BR-163/MS;Sul;Colisão lateral no mesmo sentido;0;0;1;1;0;0;0;0;0;0;1;1;0;0;0
16/03/2020;08:27:00;99;sem vítima;283;BR-163/MS;Norte;Colisão com veículos (traseira);2;0;0;0;0;0;0;0;0;0;3;0;0;0;0
17/03/2020;11:11:00;148;com vítima;135,11;BR-163/MS;Norte;Atropelamento de pedestre;1;1;0;0;0;0;0;0;0;0;1;0;1;0;0
17/03/2020;13:57:00;187;com vítima;842,45;BR-163/MS;Norte;Capotamento;0;0;0;0;0;0;0;0;0;1;0;1;0;0;0
17/03/2020;14:06:00;190;sem vítima;208;BR-163/MS;Sul;Colisão lateral no mesmo sentido;1;0;0;0;1;0;0;0;0;0;35;0;0;0;0
17/03/2020;16:44:00;250;sem vítima;491,885;BR-163/MS;Sul;Colisão com veículos (traseira);1;0;1;0;0;2;0;0;0;0;8;0;0;0;0
17/03/2020;20:42:00;309;sem vítima;185,425;BR-163/MS;Norte;Colisão c/ obstáculos;0;0;0;0;0;0;0;0;0;1;2;0;0;0;0
17/03/2020;21:32:00;313;sem vítima;139,966;BR-163/MS;Norte;Atropelamento de animais;1;0;0;0;0;0;0;0;0;0;2;0;0;0;0
18/03/2020;15:34:00;286;com vítima;88;BR-163/MS;Norte;Colisão lateral no mesmo sentido;2;0;0;0;0;0;0;0;0;0;1;1;2;0;0
18/03/2020;17:34:00;326;sem vítima;649;BR-163/MS;Sul;Colisão c/ obstáculos;1;0;0;0;0;0;0;0;0;0;1;0;0;0;0
18/03/2020;20:12:00;356;com vítima;679,767;BR-163/MS;Norte;Colisão lateral no sentido contrário;0;0;0;2;0;0;0;0;0;0;0;1;0;1;0
18/03/2020;23:33:00;376;sem vítima;555,4;BR-163/MS;Sul;Atropelamento de animais;1;0;0;0;0;0;0;0;0;0;2;0;0;0;0
19/03/2020;08:42:00;100;sem vítima;222,538;BR-163/MS;Sul;Tombamento;0;0;2;0;0;4;0;0;0;0;6;0;0;0;0
19/03/2020;12:26:00;186;com vítima;406,688;BR-163/MS;Sul;Saídas de pista;1;0;0;0;0;0;0;0;0;0;2;1;0;0;0
19/03/2020;15:45:00;259;sem vítima;334,54;BR-163/MS;Sul;Saídas de pista;0;0;0;0;1;0;0;0;0;0;5;0;0;0;0
20/03/2020;16:26:00;257;com vítima;258,714;BR-163/MS;Norte;Tombamento de moto;0;0;0;1;0;0;0;0;0;0;0;1;0;0;0
20/03/2020;18:11:00;291;com vítima;478;BR-163/MS;Norte;Colisão com veículos (traseira);0;0;0;1;0;1;0;0;0;0;1;0;1;1;0
20/03/2020;22:37:00;342;sem vítima;397;BR-163/MS;Sul;Colisão lateral no mesmo sentido;0;0;2;0;0;0;0;0;0;0;2;0;0;0;0
21/03/2020;00:54:00;5;com vítima;280,43;BR-163/MS;Sul;Colisão c/ obstáculos;1;0;0;0;0;0;0;0;0;0;1;1;0;0;0
21/03/2020;15:51:00;199;sem vítima;756,211;BR-163/MS;Norte;Colisão c/ obstáculos;1;0;0;0;0;0;0;0;0;0;3;0;0;0;0
21/03/2020;17:00:00;219;sem vítima;520;BR-163/MS;Norte;Colisão c/ obstáculos;1;0;0;0;0;0;0;0;0;0;1;0;0;0;0
21/03/2020;21:41:00;263;com vítima;77;BR-163/MS;Sul;Colisão lateral no mesmo sentido;1;0;0;1;0;0;0;0;0;0;2;1;0;0;0
22/03/2020;13:07:00;127;sem vítima;684,782;BR-163/MS;Norte;Colisão lateral no mesmo sentido;1;0;1;0;0;2;0;0;0;0;4;0;0;0;0
23/03/2020;09:10:00;130;sem vítima;209;BR-163/MS;Norte;Saídas de pista;1;0;0;0;0;0;0;0;0;0;3;0;0;0;0
23/03/2020;10:21:00;160;com vítima;512;BR-163/MS;Norte;Tombamento de moto;0;0;0;1;0;0;0;0;0;0;0;0;1;0;0
23/03/2020;19:58:00;308;sem vítima;267,279;BR-163/MS;Norte;Tombamento de moto;0;0;0;1;0;0;0;0;0;0;2;0;0;0;0