data;horario;n_da_ocorrencia;tipo_de_ocorrencia;km;trecho;sentido;tipo_de_acidente;automovel;bicicleta;caminhao;moto;onibus;outros;tracao_animal;transporte_de_cargas_especiais;trator_maquinas;utilitarios;ilesos;levemente_feridos;moderadamente_feridos;gravemente_feridos;mortos
10/08/2020;01:31:00;7;Acidente com vítima;462,781;BR-163/MS;NORTE;Saídas de pista;1;0;0;0;0;0;0;0;0;0;0;1;0;0;0
10/08/2020;13:42:00;262;Acidente sem vítima;743;BR-163/MS;NORTE;Colisão c/ obstáculos;0;0;0;0;0;0;0;0;0;1;1;0;0;0;0
10/08/2020;17:29:00;332;Acidente com vítima;484;BR-163/MS;NORTE;Colisão com veículos (traseira);1;0;0;1;0;0;0;0;0;0;1;0;1;0;0
10/08/2020;22:09:00;374;Acidente sem vítima;678,317;BR-163/MS;NORTE;Colisão com veículos (traseira);0;0;2;0;0;0;0;0;0;0;2;0;0;0;0
11/08/2020;11:40:00;210;Acidente sem vítima;665;BR-163/MS;NORTE;Tombamento;0;0;1;0;0;2;0;0;0;0;3;0;0;0;0
11/08/2020;14:03:00;256;Acidente com vítima;485,24;BR-163/MS;SUL;Colisão com veículos (frontal);1;0;1;0;0;0;0;0;0;0;1;0;0;1;0
11/08/2020;14:54:00;268;Acidente com vítima;693,59;BR-163/MS;SUL;Engavetamento;0;0;4;0;0;3;0;0;0;0;6;0;1;0;0
11/08/2020;19:07:00;353;Acidente sem vítima;36;BR-163/MS;NORTE;Colisão lateral no mesmo sentido;0;0;3;0;0;3;0;0;0;1;10;0;0;0;0
11/08/2020;21:18:00;378;Atropelamento com morte;498,706;BR-163/MS;SUL;Atropelamento de pedestre;0;0;1;0;0;1;0;0;0;0;1;1;0;0;1
12/08/2020;00:29:00;3;Acidente sem vítima;283,28;BR-163/MS;SUL;Colisão com veículos (traseira);2;0;0;0;0;0;0;0;0;0;8;0;0;0;0
12/08/2020;05:41:00;32;Acidente sem vítima;617,131;BR-163/MS;SUL;Colisão com veículos (traseira);1;0;0;0;0;1;0;0;0;1;5;0;0;0;0
12/08/2020;07:58:00;86;Acidente com vítima;237,51;BR-163/MS;NORTE;Tombamento de moto;0;0;0;1;0;0;0;0;0;0;1;1;0;0;0
12/08/2020;19:46:00;351;Acidente sem vítima;485,434;BR-163/MS;NORTE;Colisão com veículos (traseira);0;0;1;0;0;0;0;0;0;1;2;0;0;0;0
13/08/2020;03:30:00;21;Acidente com vítima;74,64;BR-163/MS;SUL;Tombamento de moto;0;0;0;1;0;0;0;0;0;0;0;1;0;0;0
13/08/2020;14:11:00;331;Acidente com vítima;608,825;BR-163/MS;NORTE;Colisão lateral no mesmo sentido;0;0;0;1;1;0;0;0;0;0;1;1;0;0;0
13/08/2020;15:57:00;376;Acidente com vítima;490,61;BR-163/MS;NORTE;Colisão com veículos (traseira);1;0;0;1;0;0;0;0;0;0;4;1;0;0;0
13/08/2020;18:53:00;439;Acidente sem vítima;569,195;BR-163/MS;NORTE;Atropelamento de animais;1;0;0;0;0;0;0;0;0;0;1;0;0;0;0
14/08/2020;21:45:00;426;Acidente com vítima;470;BR-163/MS;NORTE;Capotamento;1;0;0;0;0;0;0;0;0;0;0;1;0;0;0
15/08/2020;04:35:00;26;Acidente com vítima;48;BR-163/MS;NORTE;Saídas de pista;0;0;0;0;0;0;0;0;0;1;0;1;0;0;0
15/08/2020;14:13:00;229;Acidente com vítima;208,937;BR-163/MS;NORTE;Colisão lateral no sentido contrário;0;0;0;1;0;1;0;0;0;0;1;2;0;0;0
15/08/2020;20:45:00;350;Acidente sem vítima;204,185;BR-163/MS;SUL;Colisão c/ obstáculos;1;0;0;0;0;0;0;0;0;0;1;0;0;0;0
15/08/2020;22:05:00;362;Acidente com vítima;283,5;BR-163/MS;NORTE;Colisão com veículos (traseira);1;0;0;1;0;0;0;0;0;0;5;1;0;0;0
16/08/2020;02:55:00;16;Acidente sem vítima;190;BR-163/MS;SUL;Saídas de pista;1;0;0;0;0;0;0;0;0;0;1;0;0;0;0
16/08/2020;08:46:00;83;Acidente com vítima;562,677;BR-163/MS;SUL;Colisão lateral no mesmo sentido;1;0;1;0;0;2;0;0;0;0;3;1;0;0;0
17/08/2020;17:09:00;273;Acidente sem vítima;679,842;BR-163/MS;NORTE;Colisão lateral no sentido contrário;1;0;1;0;0;0;0;0;0;0;3;0;0;0;0
17/08/2020;17:22:00;277;Acidente sem vítima;377,29;BR-163/MS;NORTE;Saídas de pista;1;0;0;0;0;0;0;0;0;0;3;0;0;0;0
18/08/2020;17:16:00;370;Acidente sem vítima;493,759;BR-163/MS;NORTE;Saídas de pista;1;0;0;0;0;0;0;0;0;0;1;0;0;0;0
19/08/2020;17:52:00;374;Acidente sem vítima;365;BR-163/MS;NORTE;Colisão com veículos (traseira);0;0;1;0;0;1;0;0;0;0;2;0;0;0;0
20/08/2020;03:09:00;20;Acidente sem vítima;610,835;BR-163/MS;SUL;Atropelamento de animais;1;0;0;0;0;0;0;0;0;0;1;0;0;0;0
20/08/2020;07:01:00;56;Acidente sem vítima;152,471;BR-163/MS;SUL;Tombamento;0;0;1;0;0;0;0;0;0;0;1;0;0;0;0
20/08/2020;14:53:00;327;Acidente sem vítima;112,956;BR-163/MS;SUL;Colisão c/ obstáculos;1;0;0;0;0;0;0;0;0;0;4;0;0;0;0
20/08/2020;15:40:00;342;Acidente sem vítima;248,4;BR-163/MS;NORTE;Capotamento;1;0;0;0;0;0;0;0;0;0;1;0;0;0;0
20/08/2020;20:59:00;440;Acidente sem vítima;254,9;BR-163/MS;SUL;Colisão c/ obstáculos;1;0;0;0;0;0;0;0;0;0;1;0;0;0;0
21/08/2020;17:36:00;419;Acidente sem vítima;28,194;BR-163/MS;SUL;Colisão com veículos (traseira);0;0;2;0;0;4;0;0;0;0;6;0;0;0;0
21/08/2020;19:14:00;439;Acidente sem vítima;492,402;BR-163/MS;NORTE;Colisão com veículos (traseira);0;0;0;0;0;0;0;0;0;2;2;0;0;0;0
21/08/2020;19:14:00;440;Acidente sem vítima;167,633;BR-163/MS;SUL;Saídas de pista;0;0;0;1;0;0;0;0;0;0;1;0;0;0;0
21/08/2020;22:12:00;474;Acidente sem vítima;558,578;BR-163/MS;SUL;Tombamento;0;0;1;0;0;2;0;0;0;0;3;0;0;0;0
22/08/2020;15:21:00;275;Acidente sem vítima;217;BR-163/MS;NORTE;Colisão c/ obstáculos;1;0;0;0;0;0;0;0;0;0;1;0;0;0;0
22/08/2020;18:29:00;347;Acidente sem vítima;262,938;BR-163/MS;SUL;Saídas de pista;1;0;0;0;0;0;0;0;0;0;1;0;0;0;0
24/08/2020;03:41:00;11;Acidente sem vítima;147,102;BR-163/MS;NORTE;Saídas de pista;1;0;0;0;0;0;0;0;0;0;1;0;0;0;0
24/08/2020;04:43:00;16;Acidente sem vítima;376,758;BR-163/MS;NORTE;Capotamento;1;0;0;0;0;0;0;0;0;0;1;0;0;0;0
25/08/2020;18:41:00;414;Acidente com vítima;505,384;BR-163/MS;NORTE;Saídas de pista;0;0;0;1;0;0;0;0;0;0;0;1;0;1;0
25/08/2020;19:28:00;425;Acidente sem vítima;171;BR-163/MS;SUL;Colisão lateral no mesmo sentido;0;0;1;0;0;1;0;0;0;0;2;0;0;0;0
26/08/2020;05:37:00;35;Acidente sem vítima;535,2;BR-163/MS;SUL;Colisão c/ obstáculos;1;0;0;0;0;0;0;0;0;0;3;0;0;0;0
26/08/2020;07:04:00;55;Acidente com vítima;630,699;BR-163/MS;NORTE;Tombamento de moto;0;0;0;1;0;0;0;0;0;0;1;1;0;0;0
26/08/2020;13:21:00;234;Acidente sem vítima;18;BR-163/MS;SUL;Colisão lateral no mesmo sentido;0;0;1;1;0;0;0;0;0;0;2;0;0;0;0
26/08/2020;22:23:00;399;Acidente sem vítima;356,795;BR-163/MS;NORTE;Atropelamento de animais;1;0;0;0;0;0;0;0;0;0;3;0;0;0;0
26/08/2020;23:42:00;408;Acidente com vítima;479,8;BR-163/MS;NORTE;Atropelamento de animais;0;0;0;1;0;0;0;0;0;0;0;0;1;0;0
27/08/2020;04:46:00;28;Acidente com vítima;39,425;BR-163/MS;SUL;Colisão lateral no sentido contrário;0;0;0;1;0;1;0;0;0;0;1;0;1;0;0
27/08/2020;15:09:00;240;Acidente sem vítima;485;BR-163/MS;NORTE;Colisão com veículos (traseira);1;0;1;0;0;0;0;0;0;0;3;0;0;0;0
28/08/2020;09:44:00;219;Acidente sem vítima;641,11;BR-163/MS;NORTE;Tombamento;0;0;1;0;0;2;0;0;0;0;3;0;0;0;0
28/08/2020;13:35:00;458;Acidente sem vítima;675,41;BR-163/MS;SUL;Colisão com veículos (traseira);1;0;1;0;0;0;0;0;0;0;2;0;0;0;0
28/08/2020;15:43:00;556;Atropelamento sem morte;691;BR-163/MS;SUL;Atropelamento de pedestre;0;0;1;0;0;2;0;0;0;0;4;0;0;1;0
28/08/2020;17:10:00;620;Acidente sem vítima;149,248;BR-163/MS;NORTE;Tombamento;0;0;1;0;0;2;0;0;0;0;5;0;0;0;0
28/08/2020;17:37:00;636;Acidente sem vítima;157;BR-163/MS;NORTE;Colisão com veículos (traseira);0;0;1;0;0;0;0;0;0;1;4;0;0;0;0
28/08/2020;17:57:00;641;Acidente sem vítima;528,545;BR-163/MS;NORTE;Saídas de pista;1;0;0;0;0;0;0;0;0;0;1;0;0;0;0
28/08/2020;18:37:00;649;Acidente sem vítima;382,68;BR-163/MS;SUL;Atropelamento de animais;0;0;0;0;0;0;0;0;0;1;2;0;0;0;0
28/08/2020;20:30:00;677;Acidente sem vítima;5,3;BR-163/MS;SUL;Engavetamento;2;0;0;0;0;0;0;0;0;1;5;0;0;0;0
28/08/2020;20:45:00;679;Acidente sem vítima;117,644;BR-163/MS;NORTE;Colisão lateral no mesmo sentido;0;0;2;0;0;3;0;0;0;0;5;0;0;0;0
28/08/2020;21:35:00;686;Acidente sem vítima;256,833;BR-163/MS;NORTE;Colisão c/ obstáculos;1;0;0;0;0;0;0;0;0;0;1;0;0;0;0
29/08/2020;03:59:00;24;Acidente com vítima;251,295;BR-163/MS;SUL;Colisão lateral no sentido contrário;0;0;1;0;0;2;0;0;0;1;3;0;0;1;0
29/08/2020;04:57:00;28;Acidente com vítima;179,666;BR-163/MS;SUL;Colisão com veículos (traseira);1;0;1;0;0;0;0;0;0;0;3;2;0;0;0
29/08/2020;16:12:00;338;Acidente com vítima;844,79;BR-163/MS;SUL;Capotamento;1;0;0;0;0;0;0;0;0;0;0;0;1;0;0
29/08/2020;17:49:00;394;Acidente com vítima;838,219;BR-163/MS;SUL;Tombamento;0;0;1;0;0;1;0;0;0;0;1;1;0;0;0
29/08/2020;19:12:00;417;Acidente sem vítima;485,651;BR-163/MS;NORTE;Colisão com veículos (traseira);2;0;0;0;0;1;0;0;0;0;7;0;0;0;0
29/08/2020;19:23:00;421;Acidente com vítima;20,2;BR-163/MS;SUL;Colisão lateral no mesmo sentido;1;0;0;0;0;0;0;0;0;1;2;1;0;0;0
29/08/2020;20:21:00;440;Acidente com vítima;671,93;BR-163/MS;NORTE;Tombamento de moto;0;0;0;1;0;0;0;0;0;0;0;0;1;0;0
29/08/2020;22:51:00;471;Acidente sem vítima;248,432;BR-163/MS;SUL;Colisão c/ obstáculos;1;0;0;0;0;0;0;0;0;0;2;0;0;0;0
30/08/2020;04:22:00;37;Acidente sem vítima;261,329;BR-163/MS;SUL;Atropelamento de animais;1;0;0;0;0;0;0;0;0;0;3;0;0;0;0
30/08/2020;05:00:00;40;Acidente sem vítima;72,532;BR-163/MS;SUL;Tombamento;0;0;1;0;0;2;0;0;0;0;3;0;0;0;0
30/08/2020;11:03:00;194;Acidente com vítima;500;BR-163/MS;NORTE;Tombamento de moto;0;0;0;1;0;0;0;0;0;0;1;1;0;0;0
31/08/2020;00:56:00;8;Acidente sem vítima;555,754;BR-163/MS;NORTE;Atropelamento de animais;0;0;1;0;0;1;0;0;0;0;2;0;0;0;0
31/08/2020;17:49:00;328;Acidente com vítima;490;BR-163/MS;NORTE;Colisão com veículos (traseira);1;0;0;1;0;0;0;0;0;0;1;1;0;0;0
31/08/2020;19:14:00;359;Acidente com vítima;408,109;BR-163/MS;NORTE;Colisão lateral no mesmo sentido;2;0;0;0;0;0;0;0;0;0;4;1;0;0;0
01/09/2020;01:00:00;11;Acidente sem vítima;570,871;BR-163/MS;NORTE;Atropelamento de animais;0;0;0;0;0;0;0;0;0;1;0;1;0;0;0
01/09/2020;14:31:00;259;Acidente sem vítima;120;BR-163/MS;SUL;Saídas de pista;1;0;0;0;0;0;0;0;0;0;1;0;0;0;0
01/09/2020;14:47:00;267;Acidente sem vítima;74;BR-163/MS;NORTE;Colisão com veículos (traseira);2;0;0;0;0;0;0;0;0;0;2;0;0;0;0
01/09/2020;18:35:00;376;Acidente sem vítima;364,204;BR-163/MS;NORTE;Colisão c/ obstáculos;1;0;0;0;0;0;0;0;0;0;1;0;0;0;0
02/09/2020;09:22:00;155;Acidente sem vítima;460;BR-163/MS;NORTE;Tombamento;0;0;1;0;0;1;0;0;0;0;2;0;0;0;0
02/09/2020;13:36:00;267;Acidente com vítima;541,48;BR-163/MS;NORTE;Saídas de pista;1;0;0;0;0;0;0;0;0;0;1;1;1;0;0
03/09/2020;11:53:00;240;Acidente com vítima;614,355;BR-163/MS;NORTE;Colisão lateral no mesmo sentido;1;0;0;0;0;0;0;0;0;1;2;1;0;0;0
03/09/2020;18:29:00;384;Acidente sem vítima;441,725;BR-163/MS;NORTE;Colisão lateral no mesmo sentido;0;0;0;0;0;1;0;0;0;2;5;0;0;0;0
03/09/2020;21:39:00;430;Acidente sem vítima;755;BR-163/MS;SUL;Atropelamento de animais;0;0;1;0;0;0;0;0;0;0;1;0;0;0;0
04/09/2020;01:24:00;12;Acidente sem vítima;680;BR-163/MS;SUL;Atropelamento de animais;0;0;1;0;0;0;0;0;0;0;1;0;0;0;0
04/09/2020;16:35:00;331;Acidente com vítima;11;BR-163/MS;NORTE;Tombamento de moto;0;0;0;1;0;0;0;0;0;0;0;1;0;0;0
04/09/2020;17:33:00;355;Acidente sem vítima;667;BR-163/MS;NORTE;Tombamento de moto;0;0;0;1;0;0;0;0;0;0;2;0;0;0;0
04/09/2020;21:14:00;423;Acidente sem vítima;569,268;BR-163/MS;NORTE;Atropelamento de animais;1;0;0;0;0;0;0;0;0;0;3;0;0;0;0
04/09/2020;21:31:00;429;Acidente com vítima;491,345;BR-163/MS;NORTE;Colisão com veículos (traseira);0;0;0;1;0;1;0;0;0;0;1;1;0;0;0
04/09/2020;21:37:00;431;Acidente sem vítima;429,902;BR-163/MS;NORTE;Atropelamento de animais;1;0;0;0;0;0;0;0;0;0;3;0;0;0;0
05/09/2020;01:03:00;10;Acidente com vítima;18,22;BR-163/MS;NORTE;Tombamento de moto;0;0;0;1;0;0;0;0;0;0;0;2;0;0;0
05/09/2020;08:55:00;124;Acidente com vítima;412;BR-163/MS;SUL;Tombamento de moto;0;0;0;1;0;0;0;0;0;0;0;2;0;0;0
05/09/2020;10:11:00;156;Acidente sem vítima;89;BR-163/MS;SUL;Colisão com veículos (traseira);0;0;0;0;0;0;0;0;0;2;2;0;0;0;0
05/09/2020;12:07:00;192;Acidente com vítima;324;BR-163/MS;NORTE;Colisão com veículos (traseira);1;0;0;1;0;0;0;0;0;0;4;2;0;0;0
05/09/2020;13:15:00;223;Acidente com vítima;403;BR-163/MS;SUL;Tombamento;0;0;1;0;0;2;0;0;0;0;2;2;0;0;0
05/09/2020;16:39:00;311;Acidente sem vítima;469,391;BR-163/MS;NORTE;Outros;1;0;2;0;0;0;0;0;0;1;9;0;0;0;0
05/09/2020;17:41:00;332;Acidente sem vítima;259,841;BR-163/MS;NORTE;Saídas de pista;1;0;0;0;0;0;0;0;0;0;1;0;0;0;0
05/09/2020;18:27:00;347;Acidente sem vítima;206,684;BR-163/MS;NORTE;Tombamento de moto;0;0;0;1;0;0;0;0;0;0;1;0;0;0;0
05/09/2020;19:45:00;375;Acidente sem vítima;266,98;BR-163/MS;NORTE;Colisão com veículos (traseira);0;0;1;0;0;1;0;0;0;1;4;0;0;0;0
05/09/2020;22:20:00;411;Acidente com vítima;728,138;BR-163/MS;SUL;Colisão lateral no mesmo sentido;1;0;0;0;0;0;0;0;0;1;2;1;0;0;0
05/09/2020;23:31:00;428;Acidente sem vítima;566,782;BR-163/MS;NORTE;Atropelamento de animais;0;0;0;0;0;0;0;0;0;1;2;0;0;0;0
06/09/2020;08:33:00;79;Acidente com vítima;297;BR-163/MS;NORTE;Tombamento de moto;0;0;0;1;0;0;0;0;0;0;0;1;0;0;0
06/09/2020;15:10:00;206;Acidente com vítima;520;BR-163/MS;NORTE;Tombamento de moto;0;0;0;1;0;0;0;0;0;0;0;2;0;0;0
06/09/2020;21:09:00;305;Acidente com vítima;256;BR-163/MS;SUL;Colisão com veículos (traseira);0;0;0;1;0;1;0;0;0;0;1;1;0;0;0
07/09/2020;02:26:00;12;Acidente sem vítima;791,467;BR-163/MS;NORTE;Tombamento;0;0;1;0;0;2;0;0;0;0;3;0;0;0;0
07/09/2020;17:55:00;342;Acidente com morte;457,484;BR-163/MS;NORTE;Colisão lateral no mesmo sentido;0;0;1;1;0;0;0;0;0;0;1;0;0;0;1
08/09/2020;14:06:00;242;Acidente sem vítima;478,521;BR-163/MS;NORTE;Saídas de pista;0;0;0;0;0;0;0;0;0;1;1;0;0;0;0
08/09/2020;18:38:00;328;Acidente com vítima;680;BR-163/MS;NORTE;Colisão com veículos (frontal);0;0;0;1;0;0;0;0;0;1;1;0;1;0;0
10/09/2020;15:25:00;245;Acidente sem vítima;135,92;BR-163/MS;NORTE;Colisão com veículos (traseira);0;0;2;0;0;2;0;0;0;0;4;0;0;0;0
10/09/2020;16:29:00;264;Acidente com vítima;23;BR-163/MS;SUL;Colisão com veículos (frontal);1;0;0;1;0;0;0;0;0;0;2;0;1;0;0
11/09/2020;07:18:00;68;Acidente sem vítima;362,582;BR-163/MS;SUL;Colisão lateral no mesmo sentido;1;0;0;0;0;0;0;0;0;1;3;0;0;0;0
11/09/2020;08:46:00;126;Acidente sem vítima;134;BR-163/MS;NORTE;Saídas de pista;1;0;0;0;0;0;0;0;0;0;3;0;0;0;0
11/09/2020;09:46:00;156;Acidente com vítima;97,831;BR-163/MS;SUL;Capotamento;0;0;0;0;0;0;0;0;0;1;0;0;0;2;0
11/09/2020;20:53:00;385;Acidente com vítima;253,84;BR-163/MS;NORTE;Colisão c/ obstáculos;1;0;0;0;0;0;0;0;0;0;1;2;0;0;0
11/09/2020;23:21:00;406;Acidente com vítima;274;BR-163/MS;NORTE;Colisão lateral no mesmo sentido;0;0;0;1;0;1;0;0;0;0;1;1;0;0;0
12/09/2020;00:35:00;6;Acidente com vítima;795,316;BR-163/MS;NORTE;Capotamento;0;0;0;0;0;0;0;0;0;1;0;1;0;0;0
12/09/2020;00:51:00;12;Acidente sem vítima;123,553;BR-163/MS;SUL;Atropelamento de animais;0;0;1;0;0;0;0;0;0;0;2;0;0;0;0
25/09/2020;09:39:00;168;Acidente sem vítima;419;BR-163/MS;NORTE;Colisão com veículos (traseira);0;0;3;0;0;4;0;0;0;0;8;0;0;0;0
25/09/2020;10:14:00;176;Acidente sem vítima;497;BR-163/MS;NORTE;Capotamento;0;0;0;0;0;0;0;0;0;1;1;0;0;0;0
25/09/2020;17:06:00;337;Acidente com vítima;482;BR-163/MS;SUL;Colisão lateral no mesmo sentido;1;0;0;1;0;0;0;0;0;0;1;1;0;0;0
25/09/2020;19:09:00;376;Acidente sem vítima;108;BR-163/MS;NORTE;Atropelamento de animais;0;0;0;0;0;0;0;0;0;1;3;0;0;0;0
25/09/2020;21:37:00;399;Acidente com vítima;208,226;BR-163/MS;SUL;Colisão lateral no mesmo sentido;0;0;1;1;0;1;0;0;0;0;2;0;0;1;0
12/09/2020;01:53:00;19;Acidente sem vítima;212,5;BR-163/MS;NORTE;Colisão c/ obstáculos;1;0;0;0;0;0;0;0;0;0;1;0;0;0;0
12/09/2020;05:00:00;43;Acidente com vítima;375,73;BR-163/MS;NORTE;Tombamento;0;0;1;0;0;0;0;0;0;0;1;1;0;0;0
12/09/2020;07:58:00;115;Acidente sem vítima;680,946;BR-163/MS;SUL;Colisão lateral no sentido contrário;0;0;1;0;0;0;0;0;0;1;5;0;0;0;0
13/09/2020;03:08:00;19;Acidente sem vítima;252,837;BR-163/MS;NORTE;Saídas de pista;1;0;0;0;0;0;0;0;0;0;2;0;0;0;0
13/09/2020;06:16:00;35;Acidente sem vítima;603;BR-163/MS;NORTE;Colisão com veículos (traseira);0;0;1;0;0;1;0;0;0;0;3;0;0;0;0
13/09/2020;07:50:00;80;Acidente sem vítima;615,69;BR-163/MS;NORTE;Colisão c/ obstáculos;0;0;0;1;0;0;0;0;0;0;1;0;0;0;0
13/09/2020;19:17:00;296;Acidente com vítima;285,958;BR-163/MS;NORTE;Engavetamento;2;0;0;0;0;0;0;0;0;1;0;8;0;0;0
13/09/2020;19:29:00;301;Acidente com vítima;445,224;BR-163/MS;NORTE;Tombamento;0;0;1;0;0;2;0;0;0;0;2;1;0;0;0
14/09/2020;04:26:00;16;Atropelamento sem morte;37;BR-163/MS;SUL;Atropelamento de pedestre;0;0;1;0;0;0;0;0;0;0;0;1;0;1;0
14/09/2020;05:24:00;21;Acidente com morte;438,243;BR-163/MS;SUL;Colisão lateral no sentido contrário;2;0;0;0;0;0;0;0;0;0;0;5;1;1;1
14/09/2020;14:38:00;228;Acidente com vítima;206;BR-163/MS;NORTE;Colisão lateral no sentido contrário;1;0;0;0;0;0;0;0;0;1;1;1;0;0;0
14/09/2020;18:21:00;302;Acidente sem vítima;246,54;BR-163/MS;NORTE;Colisão com veículos (traseira);1;0;0;0;0;0;0;0;0;1;2;0;0;0;0
14/09/2020;19:15:00;315;Acidente sem vítima;245,474;BR-163/MS;NORTE;Colisão com veículos (traseira);0;0;2;0;0;0;0;0;0;0;2;0;0;0;0
15/09/2020;18:34:00;318;Acidente sem vítima;256,261;BR-163/MS;NORTE;Colisão c/ obstáculos;0;0;0;0;0;0;0;0;0;1;3;0;0;0;0
16/09/2020;07:32:00;84;Acidente sem vítima;6,2;BR-163/MS;SUL;Colisão com veículos (traseira);0;0;2;0;0;2;0;0;0;0;4;0;0;0;0
16/09/2020;09:33:00;186;Acidente sem vítima;675;BR-163/MS;NORTE;Colisão com veículos (traseira);0;0;0;0;0;1;0;0;0;1;2;0;0;0;0
16/09/2020;18:25:00;373;Acidente com vítima;472;BR-163/MS;SUL;Tombamento;0;1;0;0;0;0;0;0;0;0;0;1;0;0;0
17/09/2020;10:31:00;182;Acidente com vítima;341,778;BR-163/MS;SUL;Tombamento de moto;0;0;0;1;0;0;0;0;0;0;0;2;0;0;0
17/09/2020;18:08:00;349;Acidente com vítima;257;BR-163/MS;NORTE;Colisão lateral no mesmo sentido;0;1;0;1;0;0;0;0;0;0;0;2;0;0;0
18/09/2020;02:11:00;11;Acidente sem vítima;205,56;BR-163/MS;NORTE;Atropelamento de animais;0;0;1;0;0;2;0;0;0;0;3;0;0;0;0
18/09/2020;22:11:00;331;Acidente sem vítima;89,764;BR-163/MS;NORTE;Engavetamento;1;0;1;0;0;0;0;0;0;1;7;0;0;0;0
19/09/2020;20:19:00;316;Acidente sem vítima;270,645;BR-163/MS;NORTE;Colisão c/ obstáculos;1;0;0;0;0;0;0;0;0;0;1;0;0;0;0
20/09/2020;04:16:00;22;Acidente com vítima;656,7;BR-163/MS;SUL;Saídas de pista;1;0;0;0;0;0;0;0;0;0;0;1;0;0;0
20/09/2020;05:13:00;26;Acidente com vítima;28,938;BR-163/MS;SUL;Tombamento;1;0;0;0;0;0;0;0;0;0;3;2;0;0;0
20/09/2020;12:20:00;125;Acidente sem vítima;257;BR-163/MS;NORTE;Atropelamento de animais;0;0;0;1;0;0;0;0;0;0;1;0;0;0;0
20/09/2020;18:16:00;217;Acidente com vítima;480,521;BR-163/MS;NORTE;Colisão lateral no mesmo sentido;1;0;0;0;0;0;0;0;0;2;4;1;0;0;0
20/09/2020;19:18:00;239;Acidente sem vítima;444,47;BR-163/MS;NORTE;Atropelamento de animais;0;0;1;0;0;1;0;0;0;0;2;0;0;0;0
20/09/2020;23:48:00;263;Acidente sem vítima;452;BR-163/MS;SUL;Atropelamento de animais;1;0;0;0;0;0;0;0;0;0;4;0;0;0;0
21/09/2020;05:26:00;27;Acidente com vítima;363,7;BR-163/MS;NORTE;Tombamento de moto;0;0;0;1;0;0;0;0;0;0;1;1;0;0;0
21/09/2020;11:16:00;205;Acidente sem vítima;469,892;BR-163/MS;SUL;Colisão c/ obstáculos;0;0;0;0;0;0;0;0;0;1;1;0;0;0;0
21/09/2020;20:02:00;342;Acidente sem vítima;255,955;BR-163/MS;SUL;Saídas de pista;1;0;0;0;0;0;0;0;0;0;1;0;0;0;0
21/09/2020;21:07:00;355;Acidente com vítima;246,718;BR-163/MS;NORTE;Capotamento;2;0;0;0;0;0;0;0;0;0;4;0;1;0;0
23/09/2020;09:03:00;123;Acidente com vítima;474,9;BR-163/MS;SUL;Colisão lateral no sentido contrário;1;0;0;1;0;0;0;0;0;0;2;1;0;0;0
23/09/2020;09:07:00;129;Acidente com vítima;22,973;BR-163/MS;NORTE;Colisão lateral no mesmo sentido;1;0;1;0;0;1;0;0;0;0;2;1;0;0;0
23/09/2020;19:33:00;327;Acidente sem vítima;551,676;BR-163/MS;SUL;Tombamento;0;0;1;0;0;1;0;0;0;0;2;0;0;0;0
24/09/2020;00:37:00;9;Acidente sem vítima;232,663;BR-163/MS;SUL;Atropelamento de animais;1;0;0;0;0;0;0;0;0;0;1;0;0;0;0
24/09/2020;14:44:00;265;Acidente com vítima;245,7;BR-163/MS;NORTE;Tombamento;0;0;1;0;0;2;0;0;0;0;2;1;0;0;0
24/09/2020;19:21:00;345;Acidente com vítima;425,752;BR-163/MS;NORTE;Colisão lateral no mesmo sentido;0;0;2;0;0;0;0;0;0;0;1;1;0;0;0
25/09/2020;06:15:00;45;Acidente sem vítima;475;BR-163/MS;NORTE;Colisão lateral no mesmo sentido;1;0;1;0;0;1;0;0;0;0;4;0;0;0;0
25/09/2020;09:06:00;150;Acidente sem vítima;148,667;BR-163/MS;SUL;Capotamento;1;0;0;0;0;0;0;0;0;0;1;0;0;0;0
26/09/2020;00:10:00;2;Acidente com vítima;609,439;BR-163/MS;SUL;Tombamento;0;0;1;0;0;0;0;0;0;0;1;1;0;0;0
26/09/2020;01:34:00;15;Acidente com vítima;368;BR-163/MS;NORTE;Tombamento;0;0;0;1;0;0;0;0;0;0;0;2;0;0;0
26/09/2020;10:44:00;155;Acidente com vítima;113,872;BR-163/MS;SUL;Colisão c/ obstáculos;1;0;0;0;0;0;0;0;0;0;1;1;0;0;0
26/09/2020;21:10:00;346;Acidente sem vítima;783;BR-163/MS;SUL;Atropelamento de animais;0;0;0;0;0;0;0;0;0;1;1;0;0;0;0
26/09/2020;22:40:00;360;Acidente com vítima;487;BR-163/MS;SUL;Tombamento de moto;0;0;0;1;0;0;0;0;0;0;0;1;0;0;0