data;horario;n_da_ocorrencia;tipo_de_ocorrencia;km;trecho;sentido;tipo_de_acidente;automovel;bicicleta;caminhao;moto;onibus;outros;tracao_animal;transporte_de_cargas_especiais;trator_maquinas;utilitarios;ilesos;levemente_feridos;moderadamente_feridos;gravemente_feridos;mortos
27/09/2020;01:36:00;10;Acidente sem vítima;262,993;BR-163/MS;SUL;Colisão c/ obstáculos;1;0;0;0;0;0;0;0;0;0;2;0;0;0;0
27/09/2020;14:40:00;186;Acidente sem vítima;808,534;BR-163/MS;NORTE;Colisão c/ obstáculos;1;0;0;0;0;0;0;0;0;0;2;0;0;0;0
27/09/2020;20:19:00;266;Acidente com vítima;548,4;BR-163/MS;NORTE;Colisão lateral no mesmo sentido;0;0;0;1;0;0;0;0;0;1;1;1;0;0;0
28/09/2020;01:30:00;8;Acidente sem vítima;294,184;BR-163/MS;NORTE;Tombamento;0;0;1;0;0;1;0;0;0;0;2;0;0;0;0
28/09/2020;21:57:00;306;Acidente com vítima;266,894;BR-163/MS;NORTE;Atropelamento de animais;0;0;0;1;0;0;0;0;0;0;0;1;0;0;0
29/09/2020;05:00:00;20;Acidente com vítima;436,596;BR-163/MS;SUL;Atropelamento de animais;0;0;0;1;0;0;0;0;0;0;0;0;1;0;0
29/09/2020;06:58:00;49;Acidente com vítima;578;BR-163/MS;SUL;Tombamento;0;0;1;0;0;0;0;0;0;0;1;0;1;0;0
29/09/2020;22:41:00;318;Acidente sem vítima;795,362;BR-163/MS;SUL;Atropelamento de animais;0;0;0;0;0;0;0;0;0;1;1;0;0;0;0
30/09/2020;05:10:00;30;Acidente com vítima;563,692;BR-163/MS;NORTE;Capotamento;1;0;0;0;0;0;0;0;0;0;1;0;1;0;0
30/09/2020;18:33:00;381;Acidente com vítima;436;BR-163/MS;SUL;Atropelamento de animais;0;0;0;1;0;0;0;0;0;0;0;1;0;0;0
01/10/2020;08:19:00;124;Acidente sem vítima;681,467;BR-163/MS;NORTE;Colisão lateral no mesmo sentido;1;0;0;1;0;0;0;0;0;0;2;0;0;0;0
01/10/2020;15:10:00;313;Acidente sem vítima;123,525;BR-163/MS;SUL;Engavetamento;1;0;2;0;0;1;0;0;0;0;4;0;0;0;0
01/10/2020;16:38:00;338;Acidente com vítima;463;BR-163/MS;NORTE;Tombamento de moto;0;0;0;1;0;0;0;0;0;0;0;1;0;0;0
01/10/2020;22:46:00;425;Acidente sem vítima;142;BR-163/MS;NORTE;Atropelamento de animais;1;0;0;0;0;0;0;0;0;0;1;0;0;0;0
01/10/2020;22:54:00;427;Acidente com vítima;488,61;BR-163/MS;NORTE;Colisão lateral no sentido contrário;1;0;1;0;0;0;0;0;0;0;2;0;0;1;0
02/10/2020;00:10:00;1;Acidente sem vítima;270,26;BR-163/MS;NORTE;Colisão lateral no sentido contrário;2;0;0;0;0;0;0;0;0;0;4;0;0;0;0
02/10/2020;09:04:00;95;Acidente com vítima;526,5;BR-163/MS;SUL;Capotamento;0;0;1;0;0;0;0;0;0;0;0;1;0;0;0
02/10/2020;15:24:00;213;Acidente sem vítima;364,28;BR-163/MS;NORTE;Tombamento;0;0;1;0;0;2;0;0;0;0;3;0;0;0;0
02/10/2020;21:27:00;322;Acidente sem vítima;656,976;BR-163/MS;NORTE;Tombamento;0;0;1;0;0;0;0;0;0;0;2;0;0;0;0
03/10/2020;04:49:00;28;Acidente com vítima;775,828;BR-163/MS;SUL;Tombamento;0;0;1;0;0;2;0;0;0;0;2;1;0;0;0
03/10/2020;15:35:00;224;Acidente com vítima;221;BR-163/MS;SUL;Colisão com veículos (traseira);1;0;0;1;0;0;0;0;0;0;2;0;1;0;0
03/10/2020;19:09:00;289;Acidente sem vítima;382,5;BR-163/MS;SUL;Atropelamento de animais;1;0;0;0;0;0;0;0;0;0;2;0;0;0;0
03/10/2020;21:55:00;318;Acidente com vítima;501,99;BR-163/MS;NORTE;Tombamento de moto;0;0;0;1;0;0;0;0;0;0;0;1;0;0;0
03/10/2020;22:57:00;326;Acidente sem vítima;81,743;BR-163/MS;SUL;Saídas de pista;1;0;0;0;0;0;0;0;0;0;4;0;0;0;0
04/10/2020;06:43:00;36;Acidente sem vítima;285,314;BR-163/MS;NORTE;Colisão com veículos (traseira);2;0;0;0;0;0;0;0;0;0;6;0;0;0;0
04/10/2020;07:11:00;44;Acidente com vítima;663,281;BR-163/MS;NORTE;Colisão com veículos (traseira);1;1;0;0;0;0;0;0;0;0;4;0;1;0;0
04/10/2020;17:55:00;208;Acidente com vítima;308,619;BR-163/MS;NORTE;Colisão lateral no sentido contrário;0;1;0;0;0;1;0;0;0;0;1;1;0;0;0
04/10/2020;19:33:00;232;Acidente com vítima;248,449;BR-163/MS;NORTE;Tombamento;0;0;0;1;0;1;0;0;0;0;1;1;0;0;0
05/10/2020;06:25:00;34;Acidente com vítima;473,647;BR-163/MS;NORTE;Tombamento;0;1;0;0;0;0;0;0;0;0;0;1;0;0;0
05/10/2020;19:00:00;319;Acidente sem vítima;133,627;BR-163/MS;NORTE;Tombamento;0;0;1;0;0;0;0;0;0;0;1;0;0;0;0
05/10/2020;23:59:00;355;Acidente sem vítima;1;BR-163/MS;SUL;Colisão c/ obstáculos;0;0;0;0;0;0;0;0;0;1;1;0;0;0;0
06/10/2020;08:00:00;106;Acidente com vítima;554,871;BR-163/MS;NORTE;Tombamento;0;0;1;0;0;2;0;0;0;0;3;1;0;0;0
06/10/2020;09:11:00;135;Acidente com vítima;28,28;BR-163/MS;SUL;Colisão com veículos (traseira);0;0;2;0;0;2;0;0;0;0;3;1;0;0;0
06/10/2020;14:23:00;251;Acidente sem vítima;374,139;BR-163/MS;NORTE;Tombamento;0;0;1;0;0;1;0;0;0;0;2;0;0;0;0
06/10/2020;23:51:00;386;Acidente sem vítima;426,179;BR-163/MS;NORTE;Tombamento;0;0;1;0;0;0;0;0;0;0;1;0;0;0;0
07/10/2020;09:02:00;127;Acidente com vítima;730;BR-163/MS;SUL;Tombamento de moto;0;0;0;1;0;0;0;0;0;0;0;1;0;0;0
07/10/2020;12:06:00;206;Acidente sem vítima;163,5;BR-163/MS;NORTE;Colisão c/ obstáculos;1;0;0;0;0;0;0;0;0;0;1;0;0;0;0
08/10/2020;12:04:00;180;Acidente com vítima;256,82;BR-163/MS;NORTE;Colisão c/ obstáculos;0;1;1;0;0;0;0;0;0;0;1;0;1;0;0
08/10/2020;15:55:00;260;Acidente sem vítima;647,688;BR-163/MS;SUL;Tombamento;0;0;1;0;0;0;0;0;0;0;1;0;0;0;0
08/10/2020;19:50:00;329;Acidente sem vítima;550,899;BR-163/MS;SUL;Colisão com veículos (traseira);0;0;2;0;0;0;0;0;0;0;2;0;0;0;0
08/10/2020;20:58:00;339;Acidente sem vítima;488,36;BR-163/MS;NORTE;Colisão c/ obstáculos;1;0;0;0;0;0;0;0;0;0;1;0;0;0;0
09/10/2020;14:27:00;290;Acidente com vítima;727,451;BR-163/MS;NORTE;Colisão lateral no sentido contrário;2;0;0;0;0;0;0;0;0;0;0;2;2;0;0
09/10/2020;15:23:00;307;Acidente com vítima;711,107;BR-163/MS;SUL;Colisão lateral no mesmo sentido;1;0;2;0;0;0;0;0;0;0;2;1;0;0;0
10/10/2020;03:02:00;23;Acidente sem vítima;258;BR-163/MS;NORTE;Colisão c/ obstáculos;1;0;0;0;0;0;0;0;0;0;4;0;0;0;0
10/10/2020;13:16:00;228;Acidente com vítima;689,827;BR-163/MS;SUL;Capotamento;0;0;0;0;0;0;0;0;0;1;0;1;0;0;0
10/10/2020;15:48:00;273;Acidente sem vítima;341,694;BR-163/MS;NORTE;Colisão com veículos (traseira);2;0;0;0;0;0;0;0;0;0;5;0;0;0;0
10/10/2020;16:57:00;302;Acidente sem vítima;454,5;BR-163/MS;NORTE;Colisão com veículos (traseira);1;0;0;0;0;0;0;0;0;1;7;0;0;0;0
10/10/2020;19:29:00;344;Acidente com vítima;485,513;BR-163/MS;NORTE;Colisão com veículos (traseira);0;0;0;1;0;0;0;0;0;1;4;1;0;0;0
10/10/2020;00:29:00;380;Acidente sem vítima;655,2;BR-163/MS;SUL;Colisão c/ obstáculos;1;0;0;0;0;0;0;0;0;0;1;0;0;0;0
11/10/2020;08:16:00;100;Acidente sem vítima;660,915;BR-163/MS;NORTE;Saídas de pista;0;0;1;0;0;1;0;0;0;0;2;0;0;0;0
11/10/2020;09:33:00;134;Acidente sem vítima;794,919;BR-163/MS;SUL;Tombamento;0;0;1;0;0;2;0;0;0;0;3;0;0;0;0
11/10/2020;11:07:00;168;Acidente sem vítima;466,322;BR-163/MS;SUL;Colisão com veículos (traseira);0;0;2;0;0;4;0;0;0;0;6;0;0;0;0
11/10/2020;17:21:00;267;Acidente sem vítima;246;BR-163/MS;NORTE;Tombamento de moto;0;0;0;1;0;0;0;0;0;0;1;0;0;0;0
11/10/2020;18:13:00;283;Acidente com vítima;261;BR-163/MS;NORTE;Colisão lateral no sentido contrário;1;0;0;1;0;0;0;0;0;0;2;0;0;1;0
11/10/2020;18:22:00;286;Acidente com vítima;462,627;BR-163/MS;NORTE;Colisão com veículos (traseira);1;0;1;0;0;0;0;0;0;0;1;2;0;0;0
11/10/2020;20:28:00;320;Acidente com vítima;483,546;BR-163/MS;SUL;Colisão lateral no mesmo sentido;1;0;0;1;0;0;0;0;0;0;3;1;0;0;0
12/10/2020;04:44:00;25;Acidente sem vítima;563,652;BR-163/MS;NORTE;Atropelamento de animais;0;0;1;0;0;1;0;0;0;0;1;0;0;0;0
12/10/2020;06:40:00;42;Acidente com vítima;261,855;BR-163/MS;NORTE;Tombamento de moto;0;0;0;1;0;0;0;0;0;0;0;1;0;0;0
12/10/2020;06:43:00;43;Acidente sem vítima;247,355;BR-163/MS;NORTE;Colisão lateral no mesmo sentido;1;0;1;0;0;0;0;0;0;0;4;0;0;0;0
12/10/2020;08:33:00;78;Acidente sem vítima;773,643;BR-163/MS;NORTE;Tombamento;0;0;1;0;0;1;0;0;0;0;1;0;0;0;0
12/10/2020;15:27:00;190;Acidente com morte;191,186;BR-163/MS;SUL;Colisão lateral no mesmo sentido;1;0;1;0;0;1;0;0;0;0;2;1;0;0;2
12/10/2020;16:50:00;209;Acidente com vítima;429,1;BR-163/MS;NORTE;Colisão com veículos (frontal);2;0;1;0;0;2;0;0;0;0;4;2;0;0;0
12/10/2020;17:11:00;215;Acidente sem vítima;454;BR-163/MS;NORTE;Engavetamento;2;0;0;0;0;0;0;0;0;1;6;0;0;0;0
12/10/2020;18:50:00;232;Acidente sem vítima;425,676;BR-163/MS;SUL;Engavetamento;4;0;0;0;1;0;0;0;0;0;54;0;0;0;0
12/10/2020;19:11:00;241;Acidente sem vítima;270;BR-163/MS;NORTE;Colisão c/ obstáculos;1;0;0;0;0;0;0;0;0;0;2;0;0;0;0
12/10/2020;19:13:00;242;Acidente sem vítima;431,967;BR-163/MS;NORTE;Colisão c/ obstáculos;1;0;0;0;0;0;0;0;0;0;4;0;0;0;0
12/10/2020;20:05:00;253;Acidente com vítima;387,602;BR-163/MS;NORTE;Colisão c/ obstáculos;1;0;0;0;0;0;0;0;0;0;0;1;0;0;0
12/10/2020;23:49:00;283;Acidente sem vítima;738,684;BR-163/MS;NORTE;Atropelamento de animais;1;0;0;0;0;0;0;0;0;0;2;0;0;0;0
13/10/2020;04:30:00;22;Acidente sem vítima;256;BR-163/MS;NORTE;Colisão lateral no mesmo sentido;1;0;1;0;0;0;0;0;0;0;4;0;0;0;0
13/10/2020;08:45:00;84;Acidente com vítima;12,5;BR-163/MS;NORTE;Colisão lateral no mesmo sentido;0;0;1;0;0;2;0;0;0;1;3;1;0;0;0
14/10/2020;07:14:00;62;Acidente com morte;486,38;BR-163/MS;NORTE;Colisão lateral no mesmo sentido;0;1;1;0;0;1;0;0;0;0;2;0;0;0;1
14/10/2020;18:55:00;333;Acidente sem vítima;738;BR-163/MS;NORTE;Atropelamento de animais;0;0;0;0;0;0;0;0;0;1;4;0;0;0;0
14/10/2020;22:10:00;363;Atropelamento sem morte;21,68;BR-163/MS;NORTE;Atropelamento de pedestre;0;1;1;0;0;2;0;0;0;0;3;0;1;0;0
15/10/2020;07:45:00;85;Acidente com vítima;471;BR-163/MS;NORTE;Colisão lateral no mesmo sentido;0;0;0;2;0;0;0;0;0;0;2;2;0;0;0
15/10/2020;10:51:00;188;Acidente com vítima;322,111;BR-163/MS;SUL;Colisão lateral no mesmo sentido;0;1;1;0;0;0;0;0;0;0;1;0;0;1;0
15/10/2020;14:22:00;261;Acidente sem vítima;505,408;BR-163/MS;SUL;Colisão c/ obstáculos;1;0;0;0;0;0;0;0;0;0;2;0;0;0;0
15/10/2020;19:00:00;359;Acidente sem vítima;243,9;BR-163/MS;NORTE;Saídas de pista;1;0;0;0;0;1;0;0;0;0;5;0;0;0;0
15/10/2020;21:13:00;383;Acidente sem vítima;502,791;BR-163/MS;NORTE;Tombamento de moto;0;0;0;1;0;0;0;0;0;0;1;0;0;0;0
16/10/2020;03:47:00;14;Acidente com vítima;615,448;BR-163/MS;SUL;Colisão c/ obstáculos;1;0;0;0;0;0;0;0;0;0;0;0;1;0;0
16/10/2020;03:59:00;15;Acidente sem vítima;280,9;BR-163/MS;NORTE;Saídas de pista;0;0;1;0;0;0;0;0;0;0;1;0;0;0;0
16/10/2020;05:25:00;27;Acidente sem vítima;623,8;BR-163/MS;SUL;Colisão c/ obstáculos;1;0;0;0;0;0;0;0;0;0;1;0;0;0;0
16/10/2020;11:52:00;177;Acidente com vítima;139;BR-163/MS;NORTE;Capotamento;0;0;0;0;0;0;0;0;0;1;0;1;0;0;0
16/10/2020;16:31:00;269;Acidente sem vítima;476,296;BR-163/MS;NORTE;Colisão com veículos (traseira);1;0;1;0;0;0;0;0;0;0;2;0;0;0;0
16/10/2020;22:41:00;356;Acidente sem vítima;215,861;BR-163/MS;NORTE;Saídas de pista;1;0;0;0;0;0;0;0;0;0;1;0;0;0;0
17/10/2020;02:18:00;15;Acidente sem vítima;484,639;BR-163/MS;SUL;Capotamento;1;0;0;0;0;0;0;0;0;0;1;0;0;0;0
17/10/2020;07:25:00;73;Acidente com vítima;348,93;BR-163/MS;NORTE;Colisão lateral no mesmo sentido;1;0;0;0;0;1;0;0;0;1;2;4;0;0;0
17/10/2020;08:37:00;93;Acidente com vítima;109;BR-163/MS;NORTE;Tombamento de moto;0;0;0;1;0;0;0;0;0;0;0;1;0;0;0
17/10/2020;10:32:00;131;Acidente sem vítima;440;BR-163/MS;NORTE;Tombamento;0;0;1;0;0;0;0;0;0;0;1;0;0;0;0
17/10/2020;12:07:00;152;Acidente sem vítima;204,484;BR-163/MS;NORTE;Colisão c/ obstáculos;1;0;1;0;0;0;0;0;0;0;5;0;0;0;0
17/10/2020;21:57:00;300;Acidente sem vítima;249,852;BR-163/MS;NORTE;Atropelamento de animais;1;0;0;0;0;0;0;0;0;0;1;0;0;0;0
17/10/2020;22:04:00;302;Acidente sem vítima;317,806;BR-163/MS;SUL;Saídas de pista;1;0;0;0;0;1;0;0;0;0;2;0;0;0;0
17/10/2020;22:04:00;303;Acidente com vítima;728,138;BR-163/MS;NORTE;Colisão com veículos (traseira);1;0;0;1;0;1;0;0;0;0;3;0;1;0;0
18/10/2020;01:15:00;8;Acidente sem vítima;680,869;BR-163/MS;NORTE;Saídas de pista;1;0;0;0;0;0;0;0;0;0;1;0;0;0;0
18/10/2020;10:49:00;125;Acidente sem vítima;624,73;BR-163/MS;NORTE;Tombamento;0;0;1;0;0;2;0;0;0;0;3;0;0;0;0
18/10/2020;16:23:00;207;Acidente sem vítima;453,426;BR-163/MS;NORTE;Saídas de pista;0;0;0;0;0;0;0;0;0;1;2;0;0;0;0
19/10/2020;09:14:00;131;Acidente com vítima;527,493;BR-163/MS;NORTE;Colisão com veículos (traseira);0;0;1;1;0;1;0;0;0;0;2;1;0;0;0
20/10/2020;07:10:00;59;Atropelamento sem morte;255,946;BR-163/MS;NORTE;Atropelamento de pedestre;0;0;0;0;0;1;0;0;0;0;1;1;0;0;0
20/10/2020;11:25:00;199;Acidente com vítima;479;BR-163/MS;NORTE;Colisão lateral no mesmo sentido;1;0;2;0;0;2;0;0;0;0;5;0;1;2;0
20/10/2020;19:03:00;343;Acidente sem vítima;692;BR-163/MS;NORTE;Colisão com veículos (traseira);0;0;1;0;0;2;0;0;0;1;4;0;0;0;0
20/10/2020;19:58:00;350;Acidente com morte;259,456;BR-163/MS;NORTE;Colisão com veículos (traseira);0;0;1;1;0;1;0;0;0;0;2;0;1;0;1
21/10/2020;09:46:00;134;Acidente sem vítima;575;BR-163/MS;SUL;Colisão lateral no mesmo sentido;0;0;1;0;0;0;0;0;0;1;2;0;0;0;0
21/10/2020;10:01:00;141;Acidente com vítima;74,73;BR-163/MS;SUL;Colisão lateral no sentido contrário;0;0;0;1;0;0;0;0;0;1;1;1;0;0;0
22/10/2020;18:30:00;303;Acidente sem vítima;700,998;BR-163/MS;NORTE;Atropelamento de animais;1;0;0;0;0;0;0;0;0;0;1;0;0;0;0
22/10/2020;21:41:00;341;Acidente com vítima;86,237;BR-163/MS;SUL;Tombamento;0;0;1;0;0;2;0;0;0;0;2;1;0;0;0
23/10/2020;07:32:00;73;Acidente sem vítima;364,884;BR-163/MS;SUL;Engavetamento;0;0;1;0;0;0;0;0;0;2;10;0;0;0;0
23/10/2020;11:41:00;223;Acidente com vítima;502;BR-163/MS;NORTE;Colisão lateral no mesmo sentido;1;0;1;0;0;1;0;0;0;0;2;0;0;1;0
23/10/2020;12:02:00;230;Acidente com vítima;485;BR-163/MS;SUL;Colisão c/ obstáculos;0;0;0;1;0;1;0;0;0;0;2;1;0;0;0
23/10/2020;13:38:00;254;Acidente com vítima;320,7;BR-163/MS;NORTE;Capotamento;1;0;0;0;0;0;0;0;0;0;2;0;1;0;0
23/10/2020;15:33:00;296;Acidente com vítima;490;BR-163/MS;SUL;Colisão com veículos (traseira);1;0;0;1;0;0;0;0;0;0;2;1;0;0;0
23/10/2020;15:36:00;297;Acidente sem vítima;698,4;BR-163/MS;SUL;Tombamento;0;0;1;0;0;1;0;0;0;0;2;0;0;0;0
23/10/2020;21:30:00;377;Acidente com vítima;478,6;BR-163/MS;SUL;Tombamento de moto;0;0;0;1;0;0;0;0;0;0;0;2;0;0;0
24/10/2020;05:40:00;24;Acidente com vítima;479,1;BR-163/MS;SUL;Colisão c/ obstáculos;0;0;0;1;0;0;0;0;0;0;1;1;0;0;0
24/10/2020;08:33:00;88;Acidente com vítima;741,8;BR-163/MS;NORTE;Tombamento de moto;0;0;0;1;0;0;0;0;0;0;0;1;0;0;0
24/10/2020;13:17:00;185;Acidente com vítima;489,8;BR-163/MS;NORTE;Tombamento;0;1;0;0;0;0;0;0;0;0;0;0;1;0;0
24/10/2020;15:41:00;231;Acidente com vítima;669;BR-163/MS;NORTE;Tombamento;0;0;1;0;0;1;0;0;0;0;2;1;0;0;0
24/10/2020;17:22:00;255;Acidente sem vítima;666,62;BR-163/MS;SUL;Saídas de pista;0;0;0;0;0;0;0;0;0;1;4;0;0;0;0
25/10/2020;00:39:00;5;Acidente sem vítima;787;BR-163/MS;NORTE;Atropelamento de animais;0;0;1;0;0;0;0;0;0;0;1;0;0;0;0
25/10/2020;01:16:00;8;Acidente sem vítima;721;BR-163/MS;SUL;Capotamento;1;0;0;0;0;0;0;0;0;0;2;0;0;0;0
25/10/2020;02:48:00;15;Acidente com vítima;499;BR-163/MS;NORTE;Saídas de pista;1;0;0;0;0;0;0;0;0;0;1;1;0;0;0
25/10/2020;04:26:00;23;Acidente sem vítima;617;BR-163/MS;NORTE;Tombamento de moto;0;0;0;1;0;0;0;0;0;0;1;0;0;0;0
25/10/2020;13:11:00;152;Acidente com vítima;81;BR-163/MS;NORTE;Capotamento;0;0;0;0;0;1;0;0;0;1;2;1;0;0;0
26/10/2020;05:09:00;28;Acidente sem vítima;48,5;BR-163/MS;NORTE;Atropelamento de animais;0;0;1;0;0;0;0;0;0;0;1;0;0;0;0
26/10/2020;06:08:00;33;Acidente sem vítima;421;BR-163/MS;NORTE;Colisão c/ obstáculos;1;0;0;0;0;0;0;0;0;0;1;0;0;0;0
26/10/2020;11:06:00;129;Acidente sem vítima;396;BR-163/MS;NORTE;Saídas de pista;1;0;0;0;0;0;0;0;0;0;3;0;0;0;0
26/10/2020;16:31:00;197;Acidente sem vítima;466;BR-163/MS;NORTE;Saídas de pista;0;0;1;0;0;0;0;0;0;0;1;0;0;0;0
26/10/2020;17:51:00;210;Acidente sem vítima;270;BR-163/MS;NORTE;Colisão com veículos (traseira);1;0;1;0;0;0;0;0;0;0;2;0;0;0;0
27/10/2020;06:15:00;50;Acidente com vítima;843;BR-163/MS;SUL;Tombamento;0;0;1;0;0;1;0;0;0;0;1;1;0;0;0
27/10/2020;08:45:00;109;Acidente com vítima;145,5;BR-163/MS;NORTE;Capotamento;0;0;0;0;0;1;0;0;0;1;1;1;0;0;0
27/10/2020;14:50:00;217;Acidente com vítima;275;BR-163/MS;NORTE;Tombamento de moto;0;0;0;1;0;0;0;0;0;0;0;2;0;0;0
27/10/2020;15:55:00;239;Acidente sem vítima;162,3;BR-163/MS;SUL;Tombamento de moto;0;0;0;1;0;0;0;0;0;0;1;0;0;0;0
27/10/2020;17:15:00;259;Acidente sem vítima;485;BR-163/MS;NORTE;Engavetamento;3;0;0;0;0;0;0;0;0;0;4;0;0;0;0
28/10/2020;13:52:00;260;Acidente sem vítima;249,873;BR-163/MS;NORTE;Colisão com veículos (traseira);1;0;0;0;0;1;0;0;0;1;7;0;0;0;0
28/10/2020;15:24:00;309;Acidente com vítima;483;BR-163/MS;NORTE;Tombamento de moto;0;0;0;1;0;0;0;0;0;0;1;1;0;0;0
28/10/2020;15:42:00;312;Acidente sem vítima;463;BR-163/MS;NORTE;Engavetamento;0;0;4;0;0;3;0;0;0;0;7;0;0;0;0
28/10/2020;16:31:00;335;Acidente com vítima;256;BR-163/MS;NORTE;Tombamento de moto;0;0;0;1;0;0;0;0;0;0;0;1;0;0;0
28/10/2020;18:52:00;376;Acidente sem vítima;386,277;BR-163/MS;NORTE;Atropelamento de animais;1;0;0;0;0;0;0;0;0;0;2;0;0;0;0
28/10/2020;21:20:00;409;Acidente sem vítima;219,926;BR-163/MS;NORTE;Atropelamento de animais;0;0;1;0;0;0;0;0;0;0;2;0;0;0;0
29/10/2020;05:07:00;17;Acidente sem vítima;461;BR-163/MS;NORTE;Saídas de pista;0;0;0;0;0;0;0;0;0;1;1;0;0;0;0
29/10/2020;07:43:00;62;Acidente com vítima;463;BR-163/MS;SUL;Colisão com veículos (frontal);1;0;0;0;0;0;0;0;0;1;2;1;0;0;0
29/10/2020;08:29:00;77;Acidente sem vítima;6,952;BR-163/MS;SUL;Colisão c/ obstáculos;0;0;0;0;0;1;0;0;0;1;2;0;0;0;0
29/10/2020;18:28:00;280;Acidente sem vítima;680,816;BR-163/MS;SUL;Colisão com veículos (frontal);1;0;0;0;0;0;0;0;0;1;3;0;0;0;0
29/10/2020;19:06:00;295;Atropelamento sem morte;465,5;BR-163/MS;SUL;Colisão com veículos (traseira);1;1;0;0;0;0;0;0;0;0;5;1;0;0;0
29/10/2020;20:02:00;304;Acidente sem vítima;331,5;BR-163/MS;NORTE;Atropelamento de animais;1;0;0;0;0;0;0;0;0;0;1;0;0;0;0
31/10/2020;03:34:00;10;Acidente com vítima;714,35;BR-163/MS;NORTE;Tombamento de moto;0;0;0;1;0;0;0;0;0;0;0;1;0;0;0
31/10/2020;12:02:00;174;Acidente sem vítima;30,354;BR-163/MS;NORTE;Engavetamento;4;0;1;0;0;0;0;0;0;1;14;0;0;0;0
31/10/2020;18:48:00;281;Acidente sem vítima;442,967;BR-163/MS;NORTE;Atropelamento de animais;0;0;0;0;0;0;0;0;0;1;1;0;0;0;0
01/11/2020;04:05:00;18;Acidente sem vítima;207,624;BR-163/MS;SUL;Saídas de pista;1;0;0;0;0;0;0;0;0;0;2;0;0;0;0
01/11/2020;05:21:00;27;Acidente com vítima;659,19;BR-163/MS;NORTE;Tombamento de moto;0;0;0;1;0;0;0;0;0;0;0;1;0;0;0
02/11/2020;14:58:00;213;Acidente com vítima;335,6;BR-163/MS;NORTE;Colisão c/ obstáculos;0;0;0;0;0;0;0;0;0;1;1;1;0;0;0
02/11/2020;19:03:00;307;Acidente com vítima;727,957;BR-163/MS;NORTE;Colisão com veículos (traseira);1;0;1;0;0;0;0;0;0;0;6;1;0;0;0
02/11/2020;22:06:00;337;Acidente com vítima;260,258;BR-163/MS;NORTE;Tombamento de moto;0;0;0;1;0;0;0;0;0;0;0;1;0;0;0
03/11/2020;02:26:00;15;Acidente sem vítima;843,6;BR-163/MS;SUL;Capotamento;1;0;0;0;0;0;0;0;0;0;4;0;0;0;0
03/11/2020;08:51:00;130;Acidente com vítima;475;BR-163/MS;NORTE;Tombamento;0;0;1;0;0;1;0;0;0;0;1;1;0;0;0
03/11/2020;19:10:00;368;Acidente sem vítima;614,822;BR-163/MS;NORTE;Colisão lateral no mesmo sentido;2;0;0;0;0;0;0;0;0;0;2;0;0;0;0
04/11/2020;05:39:00;17;Acidente com vítima;263;BR-163/MS;NORTE;Tombamento de moto;0;0;0;1;0;0;0;0;0;0;0;1;0;0;0
04/11/2020;09:44:00;125;Acidente com vítima;373;BR-163/MS;SUL;Tombamento de moto;0;0;0;1;0;0;0;0;0;0;0;2;0;0;0
04/11/2020;10:29:00;139;Acidente sem vítima;647,98;BR-163/MS;SUL;Saídas de pista;0;0;1;0;0;2;0;0;0;0;3;0;0;0;0
04/11/2020;15:43:00;251;Acidente sem vítima;220;BR-163/MS;NORTE;Colisão com veículos (traseira);0;0;2;0;0;1;0;0;0;0;5;0;0;0;0
04/11/2020;21:21:00;346;Acidente sem vítima;413,5;BR-163/MS;NORTE;Colisão c/ obstáculos;0;0;1;0;0;1;0;0;0;0;3;0;0;0;0
05/11/2020;04:51:00;29;Acidente com vítima;264,898;BR-163/MS;SUL;Colisão com veículos (frontal);0;0;0;2;0;0;0;0;0;0;2;1;0;0;0
05/11/2020;09:26:00;152;Acidente com vítima;483;BR-163/MS;SUL;Colisão c/ obstáculos;0;0;0;0;0;0;0;0;0;1;0;0;0;1;0
05/11/2020;14:04:00;238;Acidente com vítima;258;BR-163/MS;SUL;Tombamento de moto;0;0;0;1;0;0;0;0;0;0;0;2;0;0;0
07/11/2020;00:40:00;6;Acidente sem vítima;439,1;BR-163/MS;NORTE;Atropelamento de animais;1;0;0;0;0;0;0;0;0;0;2;0;0;0;0
07/11/2020;02:33:00;14;Acidente sem vítima;589,88;BR-163/MS;SUL;Colisão c/ obstáculos;1;0;0;0;0;0;0;0;0;0;1;0;0;0;0
07/11/2020;05:20:00;31;Acidente com vítima;374,3;BR-163/MS;NORTE;Capotamento;1;0;0;0;0;0;0;0;0;0;0;0;1;0;0
07/11/2020;05:26:00;33;Acidente sem vítima;341,728;BR-163/MS;NORTE;Colisão com veículos (traseira);1;0;0;0;0;0;0;0;0;1;2;0;0;0;0
07/11/2020;11:38:00;174;Acidente sem vítima;14,51;BR-163/MS;NORTE;Colisão c/ obstáculos;0;0;1;0;0;1;0;0;0;1;3;0;0;0;0
07/11/2020;18:24:00;285;Acidente com morte;637,644;BR-163/MS;SUL;Colisão com veículos (traseira);1;0;0;0;0;0;0;0;0;1;3;0;1;1;1