data;horario;n_da_ocorrencia;tipo_de_ocorrencia;km;trecho;sentido;tipo_de_acidente;automovel;bicicleta;caminhao;moto;onibus;outros;tracao_animal;transporte_de_cargas_especiais;trator_maquinas;utilitarios;ilesos;levemente_feridos;moderadamente_feridos;gravemente_feridos;mortos
31/05/2021;17:55:00;247;Acidente sem vítima;486,48;BR-163/MS;NORTE;Colisão lateral no sentido contrário;1;0;1;0;0;0;0;0;0;0;2;0;0;0;0
31/05/2021;19:31:00;261;Acidente sem vítima;6,826;BR-163/MS;SUL;Colisão c/ obstáculos;0;0;0;0;0;0;0;0;0;1;2;0;0;0;0
01/06/2021;07:11:00;41;Acidente sem vítima;225,22;BR-163/MS;NORTE;Colisão com veículos (traseira);0;0;2;0;0;2;0;0;0;0;4;0;0;0;0
01/06/2021;13:03:00;216;Acidente sem vítima;207,62;BR-163/MS;NORTE;Colisão lateral no sentido contrário;1;0;1;0;0;2;0;0;0;0;4;0;0;0;0
01/06/2021;15:23:00;253;Acidente sem vítima;368,711;BR-163/MS;NORTE;Tombamento;0;0;1;0;0;2;0;0;0;0;3;0;0;0;0
01/06/2021;16:55:00;292;Acidente com vítima;473;BR-163/MS;NORTE;Tombamento de moto;0;0;0;1;0;0;0;0;0;0;0;2;0;0;0
01/06/2021;17:22:00;296;Acidente sem vítima;477,725;BR-163/MS;NORTE;Colisão lateral no sentido contrário;1;0;0;1;0;0;0;0;0;0;2;0;0;0;0
01/06/2021;17:27:00;298;Acidente sem vítima;37,192;BR-163/MS;NORTE;Saídas de pista;0;0;0;0;0;0;0;0;0;1;3;0;0;0;0
02/06/2021;12:25:00;202;Acidente sem vítima;393,762;BR-163/MS;SUL;Colisão c/ obstáculos;0;0;1;0;0;2;0;0;0;1;5;0;0;0;0
02/06/2021;13:34:00;223;Acidente sem vítima;466;BR-163/MS;NORTE;Tombamento;0;0;1;0;0;2;0;0;0;0;3;0;0;0;0
02/06/2021;15:35:00;254;Acidente com vítima;464,8;BR-163/MS;SUL;Colisão com veículos (frontal);0;0;2;0;0;2;0;0;0;0;5;1;0;0;0
03/06/2021;05:41:00;29;Acidente sem vítima;806,49;BR-163/MS;SUL;Tombamento;0;0;1;0;0;1;0;0;0;0;2;0;0;0;0
03/06/2021;11:04:00;175;Acidente sem vítima;31;BR-163/MS;NORTE;Colisão com veículos (traseira);1;0;1;0;0;0;0;0;0;0;3;0;0;0;0
03/06/2021;12:03:00;198;Acidente sem vítima;682,287;BR-163/MS;SUL;Colisão com veículos (traseira);2;0;0;0;0;0;0;0;0;0;5;0;0;0;0
04/06/2021;11:41:00;143;Acidente sem vítima;492;BR-163/MS;NORTE;Colisão lateral no mesmo sentido;2;0;0;0;0;0;0;0;0;0;3;0;0;0;0
04/06/2021;17:49:00;217;Acidente com vítima;75,402;BR-163/MS;NORTE;Colisão com veículos (traseira);1;0;0;0;0;0;0;0;0;1;2;1;1;1;0
05/06/2021;07:06:00;43;Acidente com vítima;519,736;BR-163/MS;NORTE;Tombamento de moto;0;0;0;1;0;0;0;0;0;0;0;1;0;0;0
05/06/2021;22:08:00;245;Acidente sem vítima;360,978;BR-163/MS;SUL;Atropelamento de animais;1;0;0;0;0;0;0;0;0;0;3;0;0;0;0
06/06/2021;03:45:00;12;Acidente sem vítima;382,42;BR-163/MS;NORTE;Atropelamento de animais;0;0;0;0;0;0;0;0;0;1;1;0;0;0;0
06/06/2021;04:25:00;16;Acidente sem vítima;108,497;BR-163/MS;NORTE;Saídas de pista;1;0;0;0;0;0;0;0;0;0;1;0;0;0;0
06/06/2021;13:07:00;107;Acidente com vítima;500,698;BR-163/MS;SUL;Tombamento de moto;0;0;0;1;0;0;0;0;0;0;0;1;0;0;0
06/06/2021;16:31:00;138;Acidente sem vítima;523;BR-163/MS;SUL;Colisão lateral no mesmo sentido;1;0;0;0;0;0;0;0;0;1;4;0;0;0;0
06/06/2021;19:14:00;174;Acidente com vítima;729,172;BR-163/MS;SUL;Capotamento;0;0;0;0;0;0;0;0;0;1;0;0;0;1;0
08/06/2021;09:03:00;121;Acidente sem vítima;425,293;BR-163/MS;NORTE;Colisão lateral no sentido contrário;0;0;0;0;0;0;0;0;0;2;3;0;0;0;0
08/06/2021;12:29:00;181;Acidente com vítima;638;BR-163/MS;NORTE;Tombamento de moto;0;0;0;1;0;0;0;0;0;0;0;1;0;0;0
09/06/2021;09:13:00;99;Acidente com vítima;659;BR-163/MS;SUL;Tombamento de moto;0;0;0;1;0;0;0;0;0;0;0;0;0;1;0
09/06/2021;10:31:00;125;Acidente com vítima;609;BR-163/MS;NORTE;Colisão com veículos (traseira);2;0;0;0;0;0;0;0;0;0;5;1;0;0;0
09/06/2021;14:33:00;186;Acidente com vítima;482,374;BR-163/MS;NORTE;Colisão com veículos (traseira);0;0;1;1;0;1;0;0;0;0;3;1;0;0;0
09/06/2021;16:48:00;216;Acidente sem vítima;349,922;BR-163/MS;SUL;Saídas de pista;1;0;0;0;0;0;0;0;0;0;1;0;0;0;0
09/06/2021;17:39:00;230;Acidente sem vítima;46,67;BR-163/MS;NORTE;Colisão com veículos (traseira);2;0;0;0;0;0;0;0;0;0;2;0;0;0;0
09/06/2021;19:01:00;243;Acidente sem vítima;18,301;BR-163/MS;SUL;Colisão lateral no sentido contrário;1;0;1;0;0;2;0;0;0;0;5;0;0;0;0
09/06/2021;21:51:00;264;Acidente sem vítima;216,784;BR-163/MS;SUL;Saídas de pista;0;0;1;0;0;1;0;0;0;0;2;0;0;0;0
10/06/2021;09:29:00;95;Acidente com vítima;373,183;BR-163/MS;SUL;Capotamento;1;0;0;0;0;0;0;0;0;0;0;1;0;0;0
10/06/2021;18:17:00;231;Acidente sem vítima;533,241;BR-163/MS;NORTE;Colisão com veículos (traseira);1;0;1;0;0;0;0;0;0;0;2;0;0;0;0
10/06/2021;23:20:00;271;Acidente sem vítima;450,389;BR-163/MS;SUL;Tombamento;0;0;1;0;0;2;0;0;0;0;3;0;0;0;0
11/06/2021;00:04:00;1;Acidente sem vítima;486;BR-163/MS;NORTE;Colisão lateral no sentido contrário;2;0;0;0;0;0;0;0;0;0;3;0;0;0;0
11/06/2021;05:23:00;11;Acidente sem vítima;546,58;BR-163/MS;SUL;Tombamento;0;0;1;0;0;0;0;0;0;0;1;0;0;0;0
11/06/2021;07:12:00;44;Acidente sem vítima;553,322;BR-163/MS;SUL;Saídas de pista;0;0;1;0;0;0;0;0;0;0;2;0;0;0;0
11/06/2021;11:55:00;190;Acidente com vítima;834,662;BR-163/MS;NORTE;Colisão com veículos (traseira);0;0;0;1;0;1;0;0;0;0;1;1;0;0;0
11/06/2021;17:57:00;294;Atropelamento sem morte;463,911;BR-163/MS;NORTE;Atropelamento de pedestre;0;0;0;1;0;0;0;0;0;0;1;1;0;0;0
12/06/2021;03:08:00;18;Acidente sem vítima;241,258;BR-163/MS;SUL;Colisão c/ obstáculos;0;0;1;0;0;0;0;0;0;0;1;0;0;0;0
12/06/2021;09:44:00;112;Acidente sem vítima;822;BR-163/MS;NORTE;Colisão c/ obstáculos;1;0;1;0;0;0;0;0;0;0;2;0;0;0;0
12/06/2021;17:53:00;227;Acidente com vítima;263;BR-163/MS;NORTE;Tombamento de moto;0;0;0;1;0;0;0;0;0;0;0;1;0;0;0
13/06/2021;05:57:00;19;Acidente sem vítima;666,404;BR-163/MS;SUL;Capotamento;0;0;0;0;0;0;0;0;0;1;1;0;0;0;0
13/06/2021;18:17:00;226;Acidente com vítima;694,593;BR-163/MS;SUL;Atropelamento de animais;0;0;0;1;0;0;0;0;0;0;0;1;0;0;0
13/06/2021;18:45:00;236;Acidente sem vítima;267,2;BR-163/MS;SUL;Saídas de pista;0;0;0;0;0;0;0;0;0;1;1;0;0;0;0
13/06/2021;20:51:00;260;Acidente sem vítima;31,1;BR-163/MS;SUL;Tombamento;0;0;1;0;0;0;0;0;0;0;1;0;0;0;0
13/06/2021;21:24:00;262;Atropelamento com morte;259,9;BR-163/MS;NORTE;Atropelamento de pedestre;0;0;0;0;0;0;0;0;0;1;1;0;0;0;1
14/06/2021;06:16:00;29;Acidente com vítima;196;BR-163/MS;NORTE;Colisão com veículos (traseira);0;0;0;2;0;0;0;0;0;0;1;1;0;0;0
14/06/2021;07:57:00;70;Acidente sem vítima;479,639;BR-163/MS;NORTE;Tombamento;0;0;1;0;0;0;0;0;0;0;1;0;0;0;0
14/06/2021;12:54:00;170;Acidente com vítima;703;BR-163/MS;SUL;Colisão com veículos (traseira);1;0;1;0;0;0;0;0;0;0;6;2;0;0;0
14/06/2021;13:06:00;172;Acidente sem vítima;177;BR-163/MS;NORTE;Colisão com veículos (traseira);1;0;1;0;0;0;0;0;0;0;2;0;0;0;0
14/06/2021;20:47:00;266;Acidente sem vítima;294,5;BR-163/MS;SUL;Atropelamento de animais;1;0;0;0;0;0;0;0;0;0;2;0;0;0;0
14/06/2021;21:02:00;267;Acidente sem vítima;382;BR-163/MS;SUL;Atropelamento de animais;0;0;0;0;0;0;0;0;0;1;1;0;0;0;0
14/06/2021;21:08:00;268;Acidente sem vítima;303;BR-163/MS;SUL;Atropelamento de animais;1;0;0;0;0;0;0;0;0;0;3;0;0;0;0
16/06/2021;04:02:00;24;Acidente sem vítima;316,55;BR-163/MS;SUL;Colisão c/ obstáculos;0;0;0;0;0;0;0;0;0;1;2;0;0;0;0
16/06/2021;09:08:00;124;Acidente com vítima;331;BR-163/MS;NORTE;Tombamento;0;1;0;0;0;0;0;0;0;0;0;1;0;0;0
16/06/2021;14:41:00;216;Acidente sem vítima;498;BR-163/MS;NORTE;Colisão com veículos (traseira);0;0;2;0;0;0;0;0;0;0;3;0;0;0;0
16/06/2021;15:11:00;227;Acidente sem vítima;25;BR-163/MS;NORTE;Tombamento;0;0;1;0;0;2;0;0;0;0;3;0;0;0;0
16/06/2021;23:36:00;303;Acidente sem vítima;63,713;BR-163/MS;NORTE;Tombamento;0;0;1;0;0;2;0;0;0;0;4;0;0;0;0
17/06/2021;02:42:00;10;Acidente sem vítima;238,487;BR-163/MS;NORTE;Atropelamento de animais;0;0;0;0;0;0;0;0;0;1;1;0;0;0;0
17/06/2021;17:58:00;254;Acidente sem vítima;582,7;BR-163/MS;NORTE;Colisão com veículos (traseira);0;0;1;0;0;0;0;0;0;1;5;0;0;0;0
18/06/2021;08:03:00;71;Acidente com vítima;270,608;BR-163/MS;NORTE;Tombamento de moto;0;0;0;1;0;0;0;0;0;0;0;1;0;0;0
18/06/2021;17:34:00;313;Acidente sem vítima;615,666;BR-163/MS;NORTE;Colisão lateral no sentido contrário;2;0;0;0;0;0;0;0;0;0;4;0;0;0;0
18/06/2021;18:06:00;319;Acidente com vítima;365,781;BR-163/MS;NORTE;Engavetamento;0;0;1;0;0;1;0;0;0;2;5;1;0;0;0
18/06/2021;20:12:00;348;Acidente com vítima;481,894;BR-163/MS;SUL;Tombamento de moto;0;0;0;1;0;0;0;0;0;0;0;1;0;0;0
19/06/2021;03:52:00;14;Acidente sem vítima;53,392;BR-163/MS;SUL;Saídas de pista;0;0;0;0;0;0;0;0;0;1;4;0;0;0;0
19/06/2021;19:25:00;318;Acidente sem vítima;412,418;BR-163/MS;NORTE;Colisão com veículos (frontal);0;0;1;0;0;1;0;0;0;1;3;0;0;0;0
20/06/2021;01:56:00;14;Acidente sem vítima;565,455;BR-163/MS;NORTE;Saídas de pista;1;0;0;0;0;0;0;0;0;0;1;0;0;0;0
20/06/2021;04:33:00;22;Acidente sem vítima;818,542;BR-163/MS;SUL;Saídas de pista;1;0;0;0;0;0;0;0;0;0;1;0;0;0;0
20/06/2021;06:00:00;28;Acidente com vítima;509,861;BR-163/MS;SUL;Tombamento de moto;0;0;0;1;0;0;0;0;0;0;1;0;1;0;0
20/06/2021;08:47:00;80;Acidente sem vítima;218,434;BR-163/MS;SUL;Colisão lateral no mesmo sentido;1;0;1;0;0;2;0;0;0;0;5;0;0;0;0
20/06/2021;14:18:00;188;Acidente com vítima;506,912;BR-163/MS;NORTE;Tombamento de moto;0;0;0;1;0;0;0;0;0;0;0;2;0;0;0
20/06/2021;15:27:00;210;Acidente sem vítima;498,301;BR-163/MS;NORTE;Tombamento de moto;0;0;0;1;0;0;0;0;0;0;1;0;0;0;0
21/06/2021;07:15:00;40;Acidente com vítima;485;BR-163/MS;NORTE;Colisão com veículos (traseira);1;0;0;1;0;0;0;0;0;0;2;1;0;0;0
21/06/2021;17:41:00;241;Acidente sem vítima;470,704;BR-163/MS;SUL;Colisão lateral no sentido contrário;1;0;0;0;0;0;0;0;0;1;3;0;0;0;0
22/06/2021;09:50:00;136;Acidente sem vítima;124,665;BR-163/MS;SUL;Tombamento;0;0;1;0;0;2;0;0;0;0;3;0;0;0;0
22/06/2021;11:06:00;174;Acidente com vítima;310,2;BR-163/MS;SUL;Capotamento;1;0;0;0;0;0;0;0;0;0;0;1;0;0;0
22/06/2021;18:32:00;274;Acidente com vítima;484,437;BR-163/MS;NORTE;Colisão com veículos (traseira);0;0;0;1;0;1;0;0;0;0;1;0;1;0;0
22/06/2021;18:51:00;277;Acidente sem vítima;484,812;BR-163/MS;SUL;Colisão com veículos (traseira);1;0;0;0;0;1;0;0;0;0;2;0;0;0;0
23/06/2021;19:19:00;353;Acidente sem vítima;316,699;BR-163/MS;SUL;Saídas de pista;1;0;0;0;0;0;0;0;0;0;1;0;0;0;0
24/06/2021;03:01:00;13;Acidente com vítima;78,462;BR-163/MS;SUL;Colisão c/ obstáculos;1;0;0;0;0;0;0;0;0;0;0;1;0;0;0
24/06/2021;09:46:00;170;Acidente com vítima;477,475;BR-163/MS;NORTE;Engavetamento;2;0;1;0;0;0;0;0;0;0;3;1;0;0;0
24/06/2021;13:35:00;261;Acidente sem vítima;255,9;BR-163/MS;SUL;Tombamento de moto;0;0;0;1;0;0;0;0;0;0;1;0;0;0;0
24/06/2021;17:54:00;344;Atropelamento sem morte;452,453;BR-163/MS;NORTE;Atropelamento de pedestre;1;0;0;0;0;0;0;0;0;0;1;0;0;1;0
24/06/2021;18:25:00;352;Acidente sem vítima;381;BR-163/MS;NORTE;Atropelamento de animais;1;0;0;0;0;0;0;0;0;0;1;0;0;0;0
25/06/2021;06:43:00;47;Acidente com vítima;492;BR-163/MS;SUL;Saídas de pista;1;0;0;0;0;0;0;0;0;0;0;1;0;0;0
25/06/2021;06:50:00;51;Acidente sem vítima;403;BR-163/MS;SUL;Atropelamento de animais;0;0;0;0;0;0;0;0;0;1;2;0;0;0;0
25/06/2021;07:17:00;64;Acidente sem vítima;258;BR-163/MS;NORTE;Saídas de pista;0;0;0;0;0;0;0;0;0;1;1;0;0;0;0
25/06/2021;09:53:00;134;Acidente sem vítima;20;BR-163/MS;NORTE;Colisão c/ obstáculos;1;0;0;0;0;0;0;0;0;0;1;0;0;0;0
25/06/2021;10:47:00;151;Acidente sem vítima;263;BR-163/MS;NORTE;Colisão lateral no mesmo sentido;0;0;0;0;0;0;0;0;0;1;2;0;0;0;0
25/06/2021;15:38:00;229;Acidente com vítima;258,193;BR-163/MS;NORTE;Colisão lateral no mesmo sentido;0;0;0;1;0;0;0;0;0;1;1;1;0;0;0
25/06/2021;16:10:00;236;Acidente com vítima;680,483;BR-163/MS;NORTE;Tombamento de moto;0;0;0;1;0;0;0;0;0;0;0;0;0;1;0
25/06/2021;17:04:00;252;Acidente com vítima;822;BR-163/MS;NORTE;Colisão lateral no sentido contrário;0;0;1;1;0;0;0;0;0;0;1;1;0;0;0
25/06/2021;19:45:00;285;Acidente com vítima;514;BR-163/MS;NORTE;Colisão com veículos (traseira);0;0;2;0;0;1;0;0;0;0;2;1;0;0;0
25/06/2021;22:13:00;306;Acidente sem vítima;124,992;BR-163/MS;SUL;Atropelamento de animais;0;0;0;0;1;0;0;0;0;0;4;0;0;0;0
25/06/2021;22:30:00;310;Acidente com vítima;172,115;BR-163/MS;NORTE;Colisão c/ obstáculos;1;0;0;0;0;0;0;0;0;0;1;1;0;0;0
26/06/2021;10:16:00;119;Acidente com vítima;744,68;BR-163/MS;SUL;Tombamento de moto;0;0;0;1;0;0;0;0;0;0;1;1;0;0;0
26/06/2021;15:46:00;218;Acidente com vítima;318,951;BR-163/MS;SUL;Tombamento de moto;0;0;0;1;0;0;0;0;0;0;0;2;0;0;0
27/06/2021;05:09:00;16;Acidente sem vítima;271;BR-163/MS;NORTE;Atropelamento de animais;1;0;0;0;0;0;0;0;0;0;2;0;0;0;0
27/06/2021;10:35:00;126;Acidente com vítima;595,213;BR-163/MS;NORTE;Capotamento;1;0;0;0;0;0;0;0;0;0;0;1;0;0;0
27/06/2021;12:46:00;150;Acidente sem vítima;662,63;BR-163/MS;NORTE;Tombamento;0;0;1;0;0;1;0;0;0;0;2;0;0;0;0
27/06/2021;21:12:00;229;Acidente com vítima;484,765;BR-163/MS;NORTE;Colisão com veículos (traseira);0;1;0;1;0;0;0;0;0;0;0;1;1;0;0
28/06/2021;12:31:00;190;Acidente com vítima;64,8;BR-163/MS;NORTE;Colisão lateral no mesmo sentido;1;0;2;0;0;2;0;0;0;0;5;0;1;0;0
28/06/2021;12:54:00;201;Acidente sem vítima;462,44;BR-163/MS;NORTE;Tombamento de moto;0;0;0;1;0;0;0;0;0;0;1;0;0;0;0
28/06/2021;14:26:00;231;Acidente sem vítima;206,4;BR-163/MS;SUL;Colisão com veículos (traseira);0;0;0;0;0;0;0;0;0;2;3;0;0;0;0
28/06/2021;15:00:00;246;Acidente sem vítima;769,89;BR-163/MS;NORTE;Atropelamento de animais;1;0;0;0;0;0;0;0;0;0;1;0;0;0;0
28/06/2021;17:37:00;312;Acidente com vítima;310,175;BR-163/MS;NORTE;Colisão com veículos (traseira);2;0;0;0;0;0;0;0;0;0;1;2;1;1;0
28/06/2021;21:46:00;349;Acidente sem vítima;375,98;BR-163/MS;NORTE;Colisão c/ obstáculos;1;0;0;0;0;0;0;0;0;0;5;0;0;0;0
28/06/2021;23:09:00;359;Acidente sem vítima;185,405;BR-163/MS;NORTE;Saídas de pista;1;0;0;0;0;0;0;0;0;0;1;0;0;0;0
29/06/2021;05:35:00;24;Acidente com vítima;556,894;BR-163/MS;SUL;Saídas de pista;1;0;0;0;0;0;0;0;0;0;1;1;1;0;0
29/06/2021;17:37:00;312;Acidente sem vítima;484,936;BR-163/MS;NORTE;Engavetamento;3;0;0;0;0;0;0;0;0;0;4;0;0;0;0
29/06/2021;17:38:00;313;Acidente sem vítima;485,921;BR-163/MS;NORTE;Colisão com veículos (traseira);1;0;0;0;0;0;0;0;0;1;4;0;0;0;0
29/06/2021;18:28:00;322;Acidente sem vítima;117;BR-163/MS;NORTE;Colisão com veículos (traseira);1;0;1;0;0;2;0;0;0;0;6;0;0;0;0
30/06/2021;18:00:00;247;Acidente sem vítima;222,173;BR-163/MS;SUL;Colisão c/ obstáculos;0;0;0;0;0;0;0;0;0;1;1;0;0;0;0
30/06/2021;17:54:00;248;Acidente sem vítima;526,52;BR-163/MS;NORTE;Colisão lateral no mesmo sentido;2;0;0;0;0;0;0;0;0;0;4;0;0;0;0
02/07/2021;08:12:00;96;Acidente sem vítima;115,213;BR-163/MS;SUL;Colisão com veículos (traseira);1;0;1;0;0;0;0;0;0;0;3;0;0;0;0
02/07/2021;17:59:00;357;Acidente sem vítima;475,777;BR-163/MS;NORTE;Colisão com veículos (frontal);0;0;0;0;0;0;0;0;0;2;2;0;0;0;0
02/07/2021;18:45:00;370;Acidente sem vítima;347,181;BR-163/MS;SUL;Atropelamento de animais;1;0;0;0;0;0;0;0;0;0;3;0;0;0;0
02/07/2021;19:11:00;377;Acidente com vítima;485,0;BR-163/MS;SUL;Engavetamento;3;0;0;0;0;0;0;0;0;0;3;1;0;0;0
02/07/2021;20:34:00;390;Acidente sem vítima;403,789;BR-163/MS;NORTE;Atropelamento de animais;1;0;0;0;0;0;0;0;0;0;2;0;0;0;0
03/07/2021;07:51:00;93;Acidente com vítima;481,680;BR-163/MS;SUL;Colisão com veículos (traseira);0;0;0;1;0;1;0;0;0;0;1;0;1;0;0
03/07/2021;13:41:00;265;Acidente sem vítima;36,348;BR-163/MS;NORTE;Colisão lateral no mesmo sentido;0;0;2;0;0;3;0;0;0;0;5;0;0;0;0
04/07/2021;12:16:00;202;Acidente com vítima;543,900;BR-163/MS;SUL;Capotamento;1;0;0;0;0;0;0;0;0;0;0;1;0;0;0
04/07/2021;13:21:00;217;Acidente com vítima;171,0;BR-163/MS;NORTE;Colisão lateral no sentido contrário;1;0;0;1;0;0;0;0;0;0;3;1;0;0;0
04/07/2021;15:22:00;249;Acidente com vítima;278,0;BR-163/MS;SUL;Tombamento de moto;0;0;0;1;0;0;0;0;0;0;0;1;0;0;0
05/07/2021;03:43:00;14;Acidente com morte;370,256;BR-163/MS;SUL;Colisão com veículos (traseira);0;1;0;0;0;0;0;0;0;2;2;0;0;0;1
05/07/2021;05:42:00;25;Acidente com vítima;713,309;BR-163/MS;SUL;Tombamento de moto;0;0;0;1;0;0;0;0;0;0;1;1;0;0;0
05/07/2021;11:10:00;163;Acidente sem vítima;189,892;BR-163/MS;SUL;Colisão lateral no sentido contrário;1;0;1;0;0;2;0;0;0;0;4;0;0;0;0
06/07/2021;01:15:00;5;Acidente sem vítima;423,0;BR-163/MS;SUL;Atropelamento de animais;0;0;1;0;0;0;0;0;0;0;1;0;0;0;0
06/07/2021;03:15:00;11;Acidente sem vítima;382,24;BR-163/MS;SUL;Atropelamento de animais;1;0;0;0;0;0;0;0;0;0;1;0;0;0;0
06/07/2021;07:20:00;51;Acidente com vítima;680,753;BR-163/MS;SUL;Colisão lateral no sentido contrário;0;0;0;1;0;0;0;0;0;1;1;1;0;0;0
06/07/2021;07:24:00;53;Acidente sem vítima;497,971;BR-163/MS;NORTE;Colisão com veículos (traseira);1;0;0;0;0;2;0;0;0;0;4;0;0;0;0
06/07/2021;11:06:00;146;Acidente sem vítima;485,50;BR-163/MS;NORTE;Engavetamento;1;0;1;0;1;0;0;0;0;0;38;0;0;0;0
06/07/2021;17:54:00;230;Acidente sem vítima;487,0;BR-163/MS;SUL;Colisão com veículos (traseira);1;0;0;0;0;0;0;0;0;1;3;0;0;0;0
07/07/2021;05:16:00;17;Acidente sem vítima;430,180;BR-163/MS;NORTE;Colisão c/ obstáculos;0;0;0;0;0;0;0;0;0;1;1;0;0;0;0
07/07/2021;07:24:00;52;Acidente com vítima;484,893;BR-163/MS;NORTE;Engavetamento;2;0;0;0;0;0;0;0;0;1;4;2;0;0;0
07/07/2021;08:17:00;95;Acidente sem vítima;66,673;BR-163/MS;NORTE;Colisão lateral no mesmo sentido;1;0;1;0;0;1;0;0;0;0;6;0;0;0;0
07/07/2021;17:41:00;374;Acidente com vítima;49,306;BR-163/MS;SUL;Colisão c/ obstáculos;1;0;0;0;0;0;0;0;0;0;0;1;0;0;0
09/07/2021;09:49:00;132;Acidente sem vítima;409,863;BR-163/MS;NORTE;Saídas de pista;1;0;0;0;0;0;0;0;0;0;2;0;0;0;0
09/07/2021;15:25:00;213;Acidente com morte;452,825;BR-163/MS;SUL;Colisão com veículos (frontal);0;0;1;0;0;1;0;0;0;1;1;2;1;1;2
09/07/2021;17:34:00;236;Acidente sem vítima;257,0;BR-163/MS;NORTE;Colisão com veículos (traseira);1;0;0;1;0;0;0;0;0;0;7;0;0;0;0
09/07/2021;18:33:00;248;Acidente sem vítima;692,0;BR-163/MS;NORTE;Atropelamento de animais;1;0;0;0;0;0;0;0;0;0;1;0;0;0;0
09/07/2021;18:38:00;249;Atropelamento sem morte;682,50;BR-163/MS;NORTE;Atropelamento de pedestre;0;0;0;0;0;1;0;0;0;0;1;0;1;0;0
09/07/2021;22:01:00;282;Acidente sem vítima;546,244;BR-163/MS;SUL;Colisão lateral no mesmo sentido;1;0;1;0;0;0;0;0;0;0;7;0;0;0;0
09/07/2021;23:21:00;294;Acidente com vítima;80,723;BR-163/MS;NORTE;Capotamento;1;0;0;0;0;0;0;0;0;0;0;3;0;0;0
10/07/2021;09:09:00;73;Acidente sem vítima;6,800;BR-163/MS;SUL;Colisão com veículos (traseira);2;0;0;0;0;0;0;0;0;0;6;0;0;0;0
10/07/2021;14:16:00;151;Acidente sem vítima;399,0;BR-163/MS;SUL;Colisão com veículos (traseira);2;0;0;0;0;0;0;0;0;0;8;0;0;0;0
16/07/2021;15:49:00;280;Acidente sem vítima;106,161;BR-163/MS;SUL;Capotamento;1;0;0;0;0;0;0;0;0;0;2;0;0;0;0
16/07/2021;20:31:00;350;Acidente com morte;250,202;BR-163/MS;NORTE;Colisão lateral no mesmo sentido;0;0;1;0;0;1;0;0;0;1;2;0;0;0;1
10/07/2021;17:17:00;199;Acidente sem vítima;13,300;BR-163/MS;NORTE;Atropelamento de animais;0;0;0;0;0;0;0;0;0;1;2;0;0;0;0
10/07/2021;18:38:00;212;Acidente com vítima;554,554;BR-163/MS;NORTE;Capotamento;1;0;1;0;0;1;0;0;0;0;8;0;1;0;0
10/07/2021;18:43:00;214;Acidente com vítima;474,731;BR-163/MS;SUL;Colisão lateral no sentido contrário;1;0;0;1;0;0;0;0;0;0;1;1;0;0;0
10/07/2021;18:50:00;215;Acidente sem vítima;332,908;BR-163/MS;NORTE;Colisão c/ obstáculos;1;0;0;0;0;1;0;0;0;0;2;0;0;0;0
10/07/2021;21:52:00;242;Acidente sem vítima;756,852;BR-163/MS;NORTE;Atropelamento de animais;0;0;0;0;0;0;0;0;0;1;3;0;0;0;0
10/07/2021;22:37:00;246;Acidente com vítima;486,322;BR-163/MS;NORTE;Colisão com veículos (traseira);0;0;0;1;0;1;0;0;0;0;1;1;0;0;0
11/07/2021;00:36:00;5;Acidente com vítima;61,638;BR-163/MS;NORTE;Capotamento;1;0;0;0;0;0;0;0;0;0;1;1;0;0;0
11/07/2021;02:36:00;12;Acidente com vítima;8,87;BR-163/MS;SUL;Saídas de pista;0;0;0;0;0;0;0;0;0;1;0;1;0;0;0
11/07/2021;05:17:00;26;Acidente com vítima;35,478;BR-163/MS;SUL;Colisão com veículos (traseira);1;0;0;0;0;1;0;0;0;0;1;1;0;0;0
11/07/2021;05:27:00;27;Acidente sem vítima;475,241;BR-163/MS;NORTE;Colisão com veículos (traseira);1;0;0;0;0;0;0;0;0;0;2;0;0;0;0
11/07/2021;16:23:00;197;Acidente sem vítima;278,782;BR-163/MS;NORTE;Colisão lateral no mesmo sentido;1;0;1;0;0;0;0;0;0;0;2;0;0;0;0
11/07/2021;22:39:00;267;Atropelamento com morte;257,183;BR-163/MS;NORTE;Tombamento de moto;1;0;0;1;0;0;0;0;0;0;1;0;0;0;1
11/07/2021;23:13:00;272;Atropelamento sem morte;457,752;BR-163/MS;NORTE;Atropelamento de pedestre;0;1;0;0;0;1;0;0;0;0;1;0;0;1;0
12/07/2021;01:11:00;4;Acidente sem vítima;656,423;BR-163/MS;NORTE;Saídas de pista;1;0;0;0;0;0;0;0;0;0;1;0;0;0;0
12/07/2021;08:05:00;88;Acidente com vítima;527,76;BR-163/MS;NORTE;Colisão lateral no sentido contrário;1;0;0;0;0;1;0;0;0;1;5;1;0;0;0