data;horario;n_da_ocorrencia;tipo_de_ocorrencia;km;trecho;sentido;tipo_de_acidente;automovel;bicicleta;caminhao;moto;onibus;outros;tracao_animal;transporte_de_cargas_especiais;trator_maquinas;utilitarios;ilesos;levemente_feridos;moderadamente_feridos;gravemente_feridos;mortos
17/08/2021;18:14:00;309;Acidente sem vítima;558,356;BR-163/MS;NORTE;Atropelamento de animais;0;0;0;0;0;0;0;0;0;1;4;0;0;0;0
17/08/2021;19:59:00;327;Acidente com vítima;385,678;BR-163/MS;SUL;Atropelamento de animais;0;0;0;0;0;0;0;0;0;1;3;1;0;0;0
18/08/2021;10:49:00;185;Acidente com vítima;288,668;BR-163/MS;NORTE;Engavetamento;0;0;3;0;0;1;0;0;0;0;4;1;0;0;0
18/08/2021;16:41:00;318;Acidente com vítima;76,637;BR-163/MS;NORTE;Colisão com veículos (traseira);0;0;0;1;0;0;0;0;0;1;1;1;0;0;0
18/08/2021;18:18:00;349;Acidente com vítima;488,200;BR-163/MS;NORTE;Tombamento;0;1;0;0;0;0;0;0;0;0;0;0;1;0;0
18/08/2021;22:07:00;397;Acidente com vítima;261,241;BR-163/MS;SUL;Atropelamento de animais;1;0;0;1;0;0;0;0;0;0;1;0;0;1;0
18/08/2021;22:38:00;402;Acidente sem vítima;699,963;BR-163/MS;NORTE;Atropelamento de animais;0;0;0;0;0;0;0;0;0;1;1;0;0;0;0
19/08/2021;04:22:00;15;Acidente sem vítima;591,958;BR-163/MS;SUL;Colisão c/ obstáculos;0;0;1;0;0;0;0;0;0;0;2;0;0;0;0
19/08/2021;10:52:00;218;Acidente com vítima;608,200;BR-163/MS;NORTE;Colisão com veículos (traseira);0;0;1;0;0;0;0;0;0;1;1;1;0;0;0
19/08/2021;11:26:00;234;Acidente sem vítima;595,101;BR-163/MS;NORTE;Capotamento;1;0;0;0;0;0;0;0;0;0;1;0;0;0;0
19/08/2021;12:53:00;262;Acidente com vítima;614,218;BR-163/MS;NORTE;Colisão lateral no sentido contrário;0;1;1;0;0;0;0;0;0;0;1;1;0;0;0
19/08/2021;21:06:00;450;Acidente com vítima;25,473;BR-163/MS;NORTE;Colisão com veículos (traseira);0;0;2;0;0;4;0;0;0;0;5;1;0;0;0
20/08/2021;08:20:00;92;Acidente com vítima;179,0;BR-163/MS;NORTE;Colisão com veículos (traseira);1;0;1;0;0;0;0;0;0;0;2;2;0;0;0
20/08/2021;09:55:00;131;Acidente sem vítima;213,0;BR-163/MS;SUL;Colisão com veículos (traseira);0;0;1;0;0;1;0;0;0;0;2;0;0;0;0
20/08/2021;11:04:00;154;Acidente com vítima;615,231;BR-163/MS;NORTE;Colisão lateral no mesmo sentido;1;0;0;1;0;0;0;0;0;0;3;1;0;0;0
20/08/2021;13:50:00;203;Acidente sem vítima;0,100;BR-163/MS;NORTE;Tombamento;0;0;1;0;0;2;0;0;0;0;3;0;0;0;0
20/08/2021;15:45:00;239;Acidente com vítima;485,458;BR-163/MS;NORTE;Colisão lateral no mesmo sentido;0;0;0;2;0;0;0;0;0;0;0;0;2;0;0
20/08/2021;18:59:00;285;Acidente sem vítima;260,608;BR-163/MS;NORTE;Colisão c/ obstáculos;1;0;0;0;0;0;0;0;0;0;2;0;0;0;0
20/08/2021;23:58:00;335;Acidente com vítima;368,246;BR-163/MS;SUL;Colisão com veículos (traseira);0;0;0;1;0;0;0;0;0;1;1;0;0;1;0
21/08/2021;05:34:00;28;Acidente sem vítima;357,748;BR-163/MS;SUL;Colisão lateral no mesmo sentido;1;0;0;0;0;0;0;0;0;1;7;0;0;0;0
21/08/2021;06:39:00;40;Acidente com vítima;262,952;BR-163/MS;NORTE;Colisão lateral no sentido contrário;1;0;0;1;0;0;0;0;0;0;5;2;0;0;0
21/08/2021;10:18:00;116;Acidente sem vítima;211,92;BR-163/MS;NORTE;Colisão com veículos (traseira);2;0;0;0;0;0;0;0;0;0;2;0;0;0;0
21/08/2021;10:57:00;131;Acidente sem vítima;343,21;BR-163/MS;SUL;Saídas de pista;1;0;0;0;0;0;0;0;0;0;1;0;0;0;0
21/08/2021;14:49:00;200;Acidente sem vítima;681,0;BR-163/MS;NORTE;Colisão lateral no sentido contrário;1;0;1;0;0;1;0;0;0;0;3;0;0;0;0
21/08/2021;19:26:00;279;Acidente sem vítima;456,696;BR-163/MS;NORTE;Atropelamento de animais;0;0;0;0;0;0;0;0;0;1;4;0;0;0;0
21/08/2021;23:43:00;311;Acidente com vítima;400,160;BR-163/MS;NORTE;Atropelamento de animais;0;0;0;1;0;0;0;0;0;0;0;1;1;0;0
22/08/2021;01:30:00;18;Acidente com morte;60,438;BR-163/MS;NORTE;Colisão lateral no sentido contrário;1;0;1;0;0;2;0;0;0;0;4;0;0;1;1
22/08/2021;02:58:00;26;Acidente com vítima;270,579;BR-163/MS;NORTE;Colisão c/ obstáculos;0;0;0;0;0;0;0;0;0;1;1;1;0;0;0
22/08/2021;12:32:00;131;Acidente com vítima;260,200;BR-163/MS;NORTE;Tombamento de moto;0;0;0;1;0;0;0;0;0;0;0;1;0;0;0
22/08/2021;21:36:00;254;Acidente sem vítima;563,610;BR-163/MS;NORTE;Atropelamento de animais;0;0;0;0;0;0;0;0;0;1;1;0;0;0;0
22/08/2021;21:50:00;256;Acidente sem vítima;660,857;BR-163/MS;NORTE;Capotamento;0;0;1;0;0;0;0;0;0;0;1;0;0;0;0
23/08/2021;04:59:00;25;Acidente sem vítima;559,540;BR-163/MS;NORTE;Atropelamento de animais;0;0;0;0;0;0;0;0;0;1;2;0;0;0;0
23/08/2021;06:03:00;37;Acidente sem vítima;159,127;BR-163/MS;SUL;Tombamento;0;0;1;0;0;2;0;0;0;0;3;0;0;0;0
23/08/2021;12:17:00;214;Acidente sem vítima;662,544;BR-163/MS;SUL;Atropelamento de animais;1;0;0;0;0;0;0;0;0;0;1;0;0;0;0
23/08/2021;13:47:00;258;Acidente com vítima;489,889;BR-163/MS;SUL;Tombamento;0;1;0;0;0;0;0;0;0;0;0;1;0;0;0
24/08/2021;05:30:00;23;Acidente com vítima;243,848;BR-163/MS;NORTE;Colisão com veículos (traseira);0;0;0;1;0;0;0;0;0;1;1;1;0;0;0
24/08/2021;13:35:00;244;Acidente com vítima;837,947;BR-163/MS;NORTE;Colisão com veículos (frontal);0;0;1;0;0;2;0;0;0;1;4;0;0;1;0
25/08/2021;03:48:00;17;Acidente sem vítima;254,481;BR-163/MS;SUL;Atropelamento de animais;0;0;0;0;0;0;0;0;0;1;1;0;0;0;0
25/08/2021;04:17:00;20;Acidente sem vítima;254,484;BR-163/MS;SUL;Atropelamento de animais;0;0;0;1;0;0;0;0;0;0;1;0;0;0;0
25/08/2021;06:40:00;45;Acidente com vítima;478,713;BR-163/MS;NORTE;Colisão lateral no mesmo sentido;0;0;1;1;0;0;0;0;0;0;2;0;1;0;0
25/08/2021;09:30:00;108;Acidente com vítima;260,0;BR-163/MS;NORTE;Tombamento de moto;0;0;0;1;0;0;0;0;0;0;0;1;0;0;0
25/08/2021;11:31:00;151;Acidente sem vítima;39,920;BR-163/MS;NORTE;Colisão lateral no mesmo sentido;1;0;0;1;0;0;0;0;0;0;2;0;0;0;0
25/08/2021;15:07:00;211;Acidente sem vítima;666,524;BR-163/MS;NORTE;Tombamento;0;0;1;0;0;0;0;0;0;0;1;0;0;0;0
25/08/2021;17:16:00;236;Acidente com vítima;684,784;BR-163/MS;SUL;Saídas de pista;1;0;0;0;0;0;0;0;0;0;2;1;1;0;0
25/08/2021;17:20:00;237;Acidente sem vítima;214,995;BR-163/MS;SUL;Colisão lateral no sentido contrário;1;0;0;0;0;1;0;0;0;0;3;0;0;0;0
25/08/2021;23:26:00;298;Acidente com vítima;476,389;BR-163/MS;SUL;Colisão c/ obstáculos;0;0;0;1;0;1;0;0;0;0;1;2;0;0;0
26/08/2021;08:06:00;76;Acidente sem vítima;564,0;BR-163/MS;SUL;Tombamento;0;0;1;0;0;2;0;0;0;0;3;0;0;0;0
26/08/2021;12:24:00;153;Acidente com vítima;389,0;BR-163/MS;NORTE;Saídas de pista;1;0;0;0;0;0;0;0;0;0;0;1;0;0;0
27/08/2021;00:30:00;6;Acidente sem vítima;783,326;BR-163/MS;NORTE;Atropelamento de animais;0;0;0;0;0;0;0;0;0;1;4;0;0;0;0
27/08/2021;08:52:00;116;Acidente com vítima;479,429;BR-163/MS;SUL;Tombamento de moto;0;0;0;1;0;0;0;0;0;0;0;1;0;0;0
27/08/2021;16:17:00;289;Acidente com vítima;666,182;BR-163/MS;NORTE;Tombamento de moto;0;0;0;1;0;0;0;0;0;0;0;1;0;0;0
27/08/2021;19:12:00;326;Acidente sem vítima;252,252;BR-163/MS;SUL;Colisão c/ obstáculos;0;0;1;0;0;0;0;0;0;1;2;0;0;0;0
27/08/2021;22:05:00;356;Acidente sem vítima;78,800;BR-163/MS;SUL;Tombamento;0;0;1;0;0;2;0;0;0;0;3;0;0;0;0
28/08/2021;05:36:00;15;Acidente sem vítima;280,260;BR-163/MS;NORTE;Colisão c/ obstáculos;1;0;0;0;0;0;0;0;0;0;1;0;0;0;0
28/08/2021;16:07:00;242;Acidente sem vítima;500,824;BR-163/MS;SUL;Capotamento;0;0;0;0;0;0;0;0;0;1;2;0;0;0;0
28/08/2021;17:47:00;267;Acidente com vítima;280,732;BR-163/MS;SUL;Colisão com veículos (traseira);0;0;0;1;0;1;0;0;0;0;1;1;0;0;0
28/08/2021;18:01:00;272;Acidente com vítima;25,833;BR-163/MS;NORTE;Colisão lateral no sentido contrário;1;0;0;1;0;0;0;0;0;0;1;1;0;0;0
29/08/2021;09:23:00;109;Acidente sem vítima;821,800;BR-163/MS;SUL;Colisão c/ obstáculos;0;0;0;0;0;1;0;0;0;1;2;0;0;0;0
29/08/2021;12:18:00;157;Acidente com vítima;578,912;BR-163/MS;SUL;Tombamento;0;0;1;0;0;2;0;0;0;0;2;1;0;0;0
29/08/2021;16:57:00;255;Acidente sem vítima;171,883;BR-163/MS;SUL;Colisão lateral no sentido contrário;1;0;1;0;0;1;0;0;0;0;3;0;0;0;0
29/08/2021;18:28:00;275;Acidente sem vítima;479,960;BR-163/MS;NORTE;Colisão c/ obstáculos;0;0;1;0;0;0;0;0;0;0;1;0;0;0;0
30/08/2021;08:01:00;83;Acidente sem vítima;113,993;BR-163/MS;NORTE;Colisão com veículos (traseira);0;0;0;0;0;0;0;0;0;2;3;0;0;0;0
30/08/2021;20:07:00;303;Acidente sem vítima;679,912;BR-163/MS;SUL;Colisão lateral no sentido contrário;1;0;0;0;0;0;0;0;0;1;2;0;0;0;0
31/08/2021;00:06:00;1;Acidente sem vítima;666,232;BR-163/MS;SUL;Saídas de pista;0;0;1;0;0;0;0;0;0;0;2;0;0;0;0
31/08/2021;01:01:00;5;Acidente com vítima;493,414;BR-163/MS;NORTE;Tombamento de moto;0;0;0;1;0;0;0;0;0;0;0;1;0;0;0
31/08/2021;04:43:00;20;Acidente com vítima;134,203;BR-163/MS;NORTE;Colisão c/ obstáculos;0;0;0;0;1;0;0;0;0;0;24;1;0;0;0
01/09/2021;08:03:00;94;Acidente com vítima;485,138;BR-163/MS;NORTE;Colisão com veículos (traseira);1;0;0;1;0;0;0;0;0;0;3;0;0;1;0
01/09/2021;09:39:00;122;Acidente sem vítima;617,123;BR-163/MS;NORTE;Colisão com veículos (traseira);0;0;0;0;0;0;0;0;0;2;7;0;0;0;0
01/09/2021;12:17:00;181;Acidente com vítima;728,35;BR-163/MS;SUL;Colisão com veículos (traseira);0;0;2;0;0;2;0;0;0;0;3;0;0;1;0
01/09/2021;14:23:00;227;Acidente sem vítima;259,778;BR-163/MS;NORTE;Colisão lateral no mesmo sentido;1;0;1;0;0;2;0;0;0;0;5;0;0;0;0
01/09/2021;18:06:00;292;Acidente sem vítima;445,775;BR-163/MS;NORTE;Atropelamento de animais;0;0;1;0;0;2;0;0;0;0;3;0;0;0;0
02/09/2021;10:18:00;168;Acidente com vítima;727,863;BR-163/MS;NORTE;Tombamento de moto;0;0;0;1;0;0;0;0;0;0;0;1;0;0;0
02/09/2021;12:02:00;205;Acidente sem vítima;485,630;BR-163/MS;SUL;Colisão com veículos (traseira);0;0;2;0;0;1;0;0;0;0;4;0;0;0;0
03/09/2021;09:08:00;135;Acidente com vítima;764,0;BR-163/MS;NORTE;Colisão c/ obstáculos;0;0;0;1;0;0;0;0;0;0;0;0;1;0;0
03/09/2021;14:17:00;274;Acidente sem vítima;576,438;BR-163/MS;NORTE;Tombamento;0;0;1;0;0;1;0;0;0;0;2;0;0;0;0
03/09/2021;16:07:00;319;Acidente com vítima;88,0;BR-163/MS;NORTE;Colisão c/ obstáculos;0;0;1;0;0;1;0;0;0;0;2;1;0;0;0
03/09/2021;18:20:00;349;Acidente sem vítima;663,0;BR-163/MS;NORTE;Atropelamento de animais;1;0;0;0;0;0;0;0;0;0;3;0;0;0;0
03/09/2021;19:50:00;379;Acidente sem vítima;312,0;BR-163/MS;SUL;Atropelamento de animais;1;0;0;0;0;0;0;0;0;0;1;0;0;0;0
03/09/2021;22:17:00;407;Acidente sem vítima;278,757;BR-163/MS;SUL;Colisão c/ obstáculos;1;0;0;0;0;0;0;0;0;0;1;0;0;0;0
04/09/2021;01:05:00;6;Acidente com vítima;94,110;BR-163/MS;SUL;Capotamento;1;0;0;0;0;0;0;0;0;0;3;1;0;0;0
04/09/2021;01:08:00;7;Acidente com vítima;589,600;BR-163/MS;NORTE;Tombamento;0;0;1;0;0;0;0;0;0;0;0;1;0;0;0
04/09/2021;15:01:00;178;Acidente com vítima;20,616;BR-163/MS;SUL;Colisão lateral no sentido contrário;2;0;0;0;0;0;0;0;0;0;2;2;0;0;0
04/09/2021;16:18:00;201;Acidente com vítima;253,0;BR-163/MS;NORTE;Colisão lateral no mesmo sentido;1;0;0;1;0;0;0;0;0;0;3;1;0;0;0
04/09/2021;19:10:00;243;Acidente sem vítima;481,787;BR-163/MS;SUL;Colisão lateral no mesmo sentido;0;0;0;1;0;0;0;0;0;1;5;0;0;0;0
05/09/2021;12:00:00;104;Acidente com vítima;86,231;BR-163/MS;SUL;Tombamento;0;0;1;0;0;2;0;0;0;0;2;1;0;0;0
05/09/2021;12:20:00;112;Acidente com vítima;25,209;BR-163/MS;NORTE;Colisão c/ obstáculos;1;0;0;0;0;0;0;0;0;0;1;3;0;0;0
05/09/2021;15:43:00;160;Acidente com vítima;252,411;BR-163/MS;SUL;Tombamento de moto;0;0;0;1;0;0;0;0;0;0;0;1;0;0;0
06/09/2021;09:44:00;116;Acidente com vítima;663,800;BR-163/MS;NORTE;Tombamento de moto;0;0;0;1;0;0;0;0;0;0;0;1;1;0;0
06/09/2021;09:53:00;120;Acidente sem vítima;614,775;BR-163/MS;NORTE;Colisão lateral no sentido contrário;1;0;0;0;0;0;0;0;0;1;6;0;0;0;0
06/09/2021;17:02:00;294;Acidente com vítima;552,6;BR-163/MS;SUL;Tombamento de moto;0;0;0;1;0;0;0;0;0;0;0;0;1;0;0
06/09/2021;22:05:00;361;Acidente com vítima;842,726;BR-163/MS;NORTE;Capotamento;1;0;0;0;0;0;0;0;0;0;0;1;0;0;0
07/09/2021;04:19:00;31;Acidente com morte;34,698;BR-163/MS;NORTE;Colisão c/ obstáculos;0;0;0;1;0;0;0;0;0;0;0;0;0;0;1
07/09/2021;07:21:00;63;Acidente com vítima;513,878;BR-163/MS;NORTE;Capotamento;1;0;0;0;0;0;0;0;0;0;0;0;1;0;0
07/09/2021;09:05:00;117;Acidente com vítima;270,0;BR-163/MS;NORTE;Colisão lateral no mesmo sentido;1;0;0;1;0;0;0;0;0;0;5;1;0;0;0
07/09/2021;15:22:00;230;Acidente com vítima;730,317;BR-163/MS;NORTE;Colisão lateral no sentido contrário;0;0;1;1;0;2;0;0;0;0;4;0;0;1;0
07/09/2021;16:18:00;247;Acidente sem vítima;462,182;BR-163/MS;SUL;Colisão lateral no sentido contrário;0;0;1;0;0;1;0;0;0;1;6;0;0;0;0
07/09/2021;18:37:00;274;Acidente com vítima;680,163;BR-163/MS;SUL;Colisão com veículos (frontal);1;0;0;1;0;0;0;0;0;0;3;0;1;0;0
08/09/2021;03:11:00;19;Acidente sem vítima;3,619;BR-163/MS;SUL;Saídas de pista;1;0;0;0;0;0;0;0;0;0;1;0;0;0;0
08/09/2021;04:32:00;24;Acidente com vítima;320,773;BR-163/MS;NORTE;Colisão com veículos (frontal);0;0;1;0;0;1;0;0;0;1;2;1;0;0;0
08/09/2021;08:29:00;100;Acidente sem vítima;213,0;BR-163/MS;SUL;Colisão com veículos (traseira);0;0;0;1;0;0;0;0;0;1;2;0;0;0;0
08/09/2021;19:07:00;253;Acidente com vítima;258,211;BR-163/MS;SUL;Colisão com veículos (traseira);1;0;0;1;0;0;0;0;0;0;1;1;0;0;0
08/09/2021;23:52:00;286;Acidente sem vítima;740,767;BR-163/MS;NORTE;Atropelamento de animais;1;0;0;0;0;0;0;0;0;0;4;0;0;0;0
09/09/2021;06:31:00;33;Acidente sem vítima;261,932;BR-163/MS;NORTE;Tombamento;0;0;1;0;0;1;0;0;0;0;2;0;0;0;0
09/09/2021;07:55:00;62;Acidente sem vítima;98,483;BR-163/MS;SUL;Tombamento;0;0;1;0;0;0;0;0;0;0;1;0;0;0;0
09/09/2021;08:22:00;70;Acidente com vítima;443,0;BR-163/MS;NORTE;Saídas de pista;1;0;0;0;0;0;0;0;0;0;0;1;0;0;0
09/09/2021;16:57:00;190;Acidente com vítima;98,994;BR-163/MS;NORTE;Saídas de pista;1;0;0;0;0;0;0;0;0;0;2;1;0;0;0
09/09/2021;17:59:00;199;Acidente sem vítima;75,0;BR-163/MS;SUL;Colisão c/ obstáculos;1;0;0;0;0;0;0;0;0;0;1;0;0;0;0
09/09/2021;19:26:00;214;Acidente sem vítima;382,0;BR-163/MS;NORTE;Atropelamento de animais;1;0;0;0;0;0;0;0;0;0;2;0;0;0;0
09/09/2021;23:04:00;237;Acidente com vítima;838,242;BR-163/MS;NORTE;Tombamento;0;0;1;0;0;1;0;0;0;0;1;1;0;0;0
10/09/2021;09:36:00;139;Acidente com vítima;548,416;BR-163/MS;SUL;Colisão lateral no sentido contrário;0;0;1;0;0;0;0;0;0;1;2;2;0;0;0
11/09/2021;09:03:00;131;Acidente com vítima;245,796;BR-163/MS;SUL;Colisão com veículos (traseira);0;0;3;0;0;3;0;0;0;0;5;1;0;0;0
11/09/2021;12:38:00;189;Acidente com vítima;483,529;BR-163/MS;SUL;Colisão lateral no sentido contrário;0;0;0;1;0;0;0;0;0;1;3;1;0;0;0
11/09/2021;16:49:00;260;Acidente com vítima;839,129;BR-163/MS;SUL;Colisão com veículos (frontal);0;1;1;0;0;2;0;0;0;0;3;0;0;1;0
11/09/2021;17:45:00;271;Acidente sem vítima;261,185;BR-163/MS;NORTE;Saídas de pista;1;0;0;0;0;0;0;0;0;0;2;0;0;0;0
11/09/2021;17:59:00;275;Acidente sem vítima;407,605;BR-163/MS;NORTE;Atropelamento de animais;1;0;0;0;0;0;0;0;0;0;2;0;0;0;0
11/09/2021;22:34:00;319;Acidente com morte;256,900;BR-163/MS;SUL;Colisão com veículos (frontal);1;0;0;1;0;0;0;0;0;0;2;0;0;0;1
12/09/2021;00:20:00;1;Acidente com vítima;255,957;BR-163/MS;SUL;Colisão com veículos (traseira);0;0;0;1;0;0;0;0;0;1;1;1;0;0;0
12/09/2021;01:00:00;8;Acidente sem vítima;557,521;BR-163/MS;NORTE;Atropelamento de animais;0;0;0;0;0;0;0;0;0;1;1;0;0;0;0
12/09/2021;18:20:00;274;Acidente com vítima;372,800;BR-163/MS;SUL;Capotamento;1;0;1;0;0;0;0;0;0;0;2;2;0;0;0
12/09/2021;18:25:00;275;Acidente sem vítima;210,774;BR-163/MS;SUL;Colisão lateral no sentido contrário;1;0;0;0;0;0;0;0;0;2;6;0;0;0;0
12/09/2021;20:16:00;300;Acidente com vítima;289,740;BR-163/MS;NORTE;Colisão com veículos (frontal);0;0;0;0;0;0;0;0;0;2;0;1;1;1;0
12/09/2021;23:20:00;315;Acidente sem vítima;377,621;BR-163/MS;NORTE;Atropelamento de animais;0;0;0;0;0;0;0;0;0;1;3;0;0;0;0
13/09/2021;18:12:00;257;Acidente com morte;648,984;BR-163/MS;SUL;Tombamento;0;0;1;0;0;2;0;0;0;0;2;0;0;0;1
14/09/2021;10:55:00;140;Acidente sem vítima;485,700;BR-163/MS;SUL;Colisão com veículos (traseira);1;0;1;0;0;0;0;0;0;0;2;0;0;0;0
14/09/2021;23:08:00;278;Acidente sem vítima;174,446;BR-163/MS;SUL;Atropelamento de animais;0;0;0;0;1;0;0;0;0;0;54;0;0;0;0
15/09/2021;09:33:00;134;Acidente sem vítima;106,287;BR-163/MS;SUL;Colisão com veículos (traseira);0;0;2;0;0;2;0;0;0;0;4;0;0;0;0
15/09/2021;19:02:00;313;Acidente sem vítima;291,751;BR-163/MS;NORTE;Atropelamento de animais;0;0;1;0;0;0;0;0;0;0;2;0;0;0;0
16/09/2021;07:46:00;88;Acidente com vítima;452,455;BR-163/MS;SUL;Colisão lateral no mesmo sentido;1;0;1;0;0;1;0;0;0;0;4;1;0;0;0
16/09/2021;13:54:00;228;Acidente com vítima;572,900;BR-163/MS;SUL;Colisão lateral no mesmo sentido;1;0;1;0;0;1;0;0;0;0;4;1;0;0;0
17/09/2021;00:18:00;2;Acidente sem vítima;238,584;BR-163/MS;NORTE;Tombamento;0;0;1;0;0;2;0;0;0;0;3;0;0;0;0
17/09/2021;11:24:00;164;Acidente com vítima;547,641;BR-163/MS;NORTE;Saídas de pista;0;0;0;0;0;0;0;0;0;1;0;1;0;0;0
17/09/2021;14:41:00;221;Atropelamento sem morte;479,52;BR-163/MS;SUL;Atropelamento de pedestre;0;0;0;1;0;1;0;0;0;0;2;1;0;0;0
17/09/2021;14:53:00;225;Acidente com vítima;479,0;BR-163/MS;SUL;Colisão lateral no mesmo sentido;1;0;0;1;0;0;0;0;0;0;2;2;0;0;0
17/09/2021;18:55:00;285;Acidente sem vítima;470,745;BR-163/MS;SUL;Colisão com veículos (traseira);1;0;1;0;0;2;0;0;0;0;7;0;0;0;0
18/09/2021;04:12:00;8;Acidente sem vítima;529,102;BR-163/MS;NORTE;Capotamento;1;0;0;0;0;0;0;0;0;0;2;0;0;0;0
18/09/2021;10:17:00;111;Acidente sem vítima;285,950;BR-163/MS;SUL;Colisão com veículos (traseira);2;0;0;0;0;0;0;0;0;0;4;0;0;0;0
18/09/2021;14:19:00;181;Acidente com vítima;479,0;BR-163/MS;NORTE;Colisão lateral no mesmo sentido;1;0;0;0;0;0;0;0;0;1;1;3;1;0;0
18/09/2021;19:13:00;246;Acidente sem vítima;257,508;BR-163/MS;NORTE;Colisão c/ obstáculos;0;0;0;0;0;0;0;0;0;1;1;0;0;0;0
18/09/2021;19:30:00;250;Acidente sem vítima;274,0;BR-163/MS;NORTE;Tombamento de moto;0;0;0;1;0;0;0;0;0;0;1;0;0;0;0
18/09/2021;20:31:00;261;Acidente sem vítima;443,518;BR-163/MS;SUL;Atropelamento de animais;0;0;1;0;0;0;0;0;0;0;1;0;0;0;0
18/09/2021;21:10:00;263;Acidente com vítima;490,660;BR-163/MS;NORTE;Colisão lateral no mesmo sentido;1;0;0;1;0;0;0;0;0;0;2;1;0;0;0
18/09/2021;23:37:00;277;Acidente com vítima;478,0;BR-163/MS;SUL;Tombamento de moto;0;0;0;1;0;0;0;0;0;0;0;1;0;0;0
19/09/2021;02:29:00;7;Acidente com vítima;78,42;BR-163/MS;SUL;Tombamento de moto;0;0;0;1;0;0;0;0;0;0;0;1;0;0;0
19/09/2021;03:21:00;12;Acidente sem vítima;274,736;BR-163/MS;SUL;Colisão c/ obstáculos;1;0;0;0;0;0;0;0;0;0;3;0;0;0;0
19/09/2021;04:44:00;15;Acidente com vítima;354,600;BR-163/MS;SUL;Capotamento;1;0;0;0;0;0;0;0;0;0;0;3;0;0;0
19/09/2021;06:55:00;31;Acidente sem vítima;368,798;BR-163/MS;SUL;Tombamento de moto;0;0;0;1;0;0;0;0;0;0;1;0;0;0;0
19/09/2021;13:48:00;171;Acidente com vítima;475,958;BR-163/MS;SUL;Colisão com veículos (traseira);0;0;1;1;0;0;0;0;0;0;1;1;0;0;0
20/09/2021;05:15:00;17;Acidente com vítima;267,0;BR-163/MS;NORTE;Colisão c/ obstáculos;0;0;0;1;0;0;0;0;0;0;1;1;0;0;0
20/09/2021;13:19:00;237;Acidente sem vítima;35,100;BR-163/MS;NORTE;Engavetamento;1;0;2;0;0;2;0;0;0;0;6;0;0;0;0
21/09/2021;07:52:00;118;Acidente com vítima;477,599;BR-163/MS;SUL;Colisão com veículos (traseira);1;0;0;1;0;0;0;0;0;0;1;1;0;0;0
21/09/2021;13:28:00;264;Acidente com vítima;260,0;BR-163/MS;NORTE;Colisão com veículos (traseira);0;0;0;1;0;1;0;0;0;0;1;1;0;0;0
21/09/2021;15:18:00;316;Acidente sem vítima;283,29;BR-163/MS;NORTE;Colisão lateral no mesmo sentido;2;0;1;0;0;0;0;0;0;0;3;0;0;0;0
21/09/2021;15:19:00;317;Acidente sem vítima;485,446;BR-163/MS;SUL;Colisão lateral no sentido contrário;2;0;0;0;0;0;0;0;0;0;2;0;0;0;0
21/09/2021;20:06:00;406;Acidente com vítima;780,397;BR-163/MS;SUL;Colisão lateral no mesmo sentido;1;0;1;0;0;1;0;0;0;0;2;0;1;0;0
21/09/2021;22:48:00;427;Acidente sem vítima;740,705;BR-163/MS;NORTE;Atropelamento de animais;0;0;0;0;0;0;0;0;0;1;3;0;0;0;0
22/09/2021;09:38:00;131;Acidente com vítima;403,641;BR-163/MS;NORTE;Colisão lateral no mesmo sentido;0;0;1;0;0;2;0;0;0;1;3;2;0;0;0
23/09/2021;00:03:00;3;Acidente com morte;278,535;BR-163/MS;NORTE;Atropelamento de animais;0;0;0;1;0;0;0;0;0;0;0;0;0;0;1
23/09/2021;19:00:00;251;Acidente sem vítima;158,804;BR-163/MS;NORTE;Atropelamento de animais;0;0;0;0;0;0;0;0;0;1;1;0;0;0;0
24/09/2021;07:42:00;89;Acidente sem vítima;93,500;BR-163/MS;SUL;Saídas de pista;1;0;0;0;0;0;0;0;0;0;3;0;0;0;0
24/09/2021;17:24:00;360;Acidente sem vítima;519,364;BR-163/MS;NORTE;Colisão c/ obstáculos;0;0;1;0;0;2;0;0;0;1;4;1;0;0;0
25/09/2021;01:35:00;3;Acidente com vítima;489,436;BR-163/MS;NORTE;Atropelamento de animais;1;0;0;2;0;0;0;0;0;0;2;2;0;0;0
25/09/2021;03:37:00;14;Acidente sem vítima;158,646;BR-163/MS;NORTE;Saídas de pista;0;0;1;0;0;0;0;0;0;0;1;0;0;0;0
25/09/2021;06:15:00;35;Acidente com vítima;676,809;BR-163/MS;NORTE;Colisão lateral no mesmo sentido;0;0;3;0;0;5;0;0;0;0;7;1;0;0;0