data;horario;n_da_ocorrencia;tipo_de_ocorrencia;km;trecho;sentido;tipo_de_acidente;automovel;bicicleta;caminhao;moto;onibus;outros;tracao_animal;transporte_de_cargas_especiais;trator_maquinas;utilitarios;ilesos;levemente_feridos;moderadamente_feridos;gravemente_feridos;mortos
25/09/2021;08:39:00;99;Acidente com vítima;600,926;BR-163/MS;NORTE;Colisão c/ obstáculos;1;0;0;0;0;0;0;0;0;0;3;0;1;0;0
25/09/2021;19:13:00;268;Acidente com vítima;251,922;BR-163/MS;SUL;Tombamento de moto;0;0;0;1;0;0;0;0;0;0;0;1;0;0;0
25/09/2021;19:47:00;274;Acidente sem vítima;714,711;BR-163/MS;SUL;Colisão c/ obstáculos;1;0;0;0;0;0;0;0;0;0;3;0;0;0;0
26/09/2021;13:47:00;163;Acidente com vítima;439,0;BR-163/MS;SUL;Saídas de pista;1;0;0;0;0;0;0;0;0;0;2;1;0;0;0
26/09/2021;15:34:00;186;Acidente sem vítima;358,284;BR-163/MS;SUL;Capotamento;1;0;0;0;0;0;0;0;0;0;2;0;0;0;0
26/09/2021;16:31:00;202;Acidente sem vítima;436,193;BR-163/MS;NORTE;Saídas de pista;1;0;0;0;0;0;0;0;0;0;4;0;0;0;0
26/09/2021;17:16:00;212;Acidente com vítima;224,996;BR-163/MS;NORTE;Colisão lateral no sentido contrário;2;0;0;0;0;0;0;0;0;0;1;3;1;0;0
26/09/2021;19:41:00;240;Acidente sem vítima;677,114;BR-163/MS;NORTE;Capotamento;1;0;0;0;0;0;0;0;0;0;2;0;0;0;0
26/09/2021;22:36:00;266;Acidente com vítima;803,485;BR-163/MS;NORTE;Colisão c/ obstáculos;1;0;3;0;0;1;0;0;0;0;9;1;0;0;0
27/09/2021;04:32:00;15;Acidente sem vítima;361,634;BR-163/MS;SUL;Atropelamento de animais;1;0;0;0;0;0;0;0;0;0;1;0;0;0;0
27/09/2021;16:57:00;219;Acidente com vítima;482,600;BR-163/MS;SUL;Tombamento;0;0;1;0;0;2;0;0;0;0;2;1;0;0;0
28/09/2021;06:55:00;46;Acidente com vítima;485,792;BR-163/MS;SUL;Colisão com veículos (traseira);0;0;2;0;0;4;0;0;0;0;5;1;0;0;0
28/09/2021;19:21:00;252;Acidente com vítima;65,241;BR-163/MS;NORTE;Saídas de pista;0;0;0;0;0;0;0;0;0;1;0;1;0;0;0
28/09/2021;20:23:00;263;Atropelamento sem morte;477,0;BR-163/MS;SUL;Atropelamento de pedestre;0;0;0;0;0;0;0;0;0;1;1;0;1;0;0
29/09/2021;07:02:00;55;Acidente com morte;485,862;BR-163/MS;SUL;Colisão com veículos (traseira);0;0;0;1;0;0;0;0;0;1;1;0;0;0;1
30/09/2021;07:07:00;60;Acidente com vítima;458,96;BR-163/MS;SUL;Colisão com veículos (traseira);0;0;0;1;0;0;0;0;0;1;1;0;1;0;0
30/09/2021;11:44:00;227;Acidente com vítima;776,755;BR-163/MS;NORTE;Colisão lateral no mesmo sentido;1;0;1;0;0;1;0;0;0;0;3;0;1;0;0
01/10/2021;09:55:00;119;Acidente sem vítima;7,0;BR-163/MS;SUL;Colisão c/ obstáculos;0;0;0;0;0;0;0;0;0;1;1;0;0;0;0
01/10/2021;11:56:00;146;Acidente sem vítima;252,0;BR-163/MS;SUL;Saídas de pista;1;0;0;0;0;0;0;0;0;0;3;0;0;0;0
01/10/2021;23:51:00;290;Acidente com vítima;300,278;BR-163/MS;SUL;Colisão c/ obstáculos;1;0;0;0;0;0;0;0;0;0;0;1;0;0;0
02/10/2021;02:33:00;8;Acidente sem vítima;309,131;BR-163/MS;SUL;Atropelamento de animais;0;0;0;0;0;0;0;0;0;1;1;0;0;0;0
02/10/2021;04:45:00;12;Acidente sem vítima;734,38;BR-163/MS;SUL;Colisão c/ obstáculos;0;0;1;0;0;0;0;0;0;0;1;0;0;0;0
02/10/2021;13:09:00;125;Acidente sem vítima;543,774;BR-163/MS;NORTE;Capotamento;1;0;0;0;0;0;0;0;0;0;1;0;0;0;0
02/10/2021;14:27:00;136;Acidente sem vítima;371,0;BR-163/MS;NORTE;Saídas de pista;0;0;0;0;0;0;0;0;0;1;5;0;0;0;0
03/10/2021;03:00:00;19;Acidente sem vítima;680,900;BR-163/MS;NORTE;Colisão c/ obstáculos;1;0;0;0;0;0;0;0;0;0;1;0;0;0;0
03/10/2021;08:46:00;69;Acidente com morte;374,277;BR-163/MS;NORTE;Colisão com veículos (frontal);0;0;1;1;0;2;0;0;0;0;2;1;0;0;2
03/10/2021;09:28:00;80;Acidente sem vítima;37,0;BR-163/MS;NORTE;Colisão lateral no mesmo sentido;0;0;2;0;0;3;0;0;0;0;5;0;0;0;0
03/10/2021;10:11:00;87;Acidente sem vítima;567,0;BR-163/MS;NORTE;Saídas de pista;1;0;0;0;0;0;0;0;0;0;2;0;0;0;0
03/10/2021;13:49:00;137;Acidente sem vítima;375,571;BR-163/MS;SUL;Saídas de pista;1;0;0;0;0;0;0;0;0;0;1;0;0;0;0
03/10/2021;19:32:00;213;Atropelamento sem morte;272,0;BR-163/MS;SUL;Atropelamento de pedestre;1;0;0;0;0;0;0;0;0;0;1;1;0;0;0
03/10/2021;22:33:00;235;Acidente sem vítima;256,400;BR-163/MS;SUL;Colisão c/ obstáculos;1;0;0;0;0;0;0;0;0;0;1;0;0;0;0
04/10/2021;18:57:00;272;Acidente sem vítima;699,971;BR-163/MS;NORTE;Colisão c/ obstáculos;0;0;0;1;0;0;0;0;0;0;2;0;0;0;0
05/10/2021;02:06:00;10;Acidente sem vítima;216,393;BR-163/MS;SUL;Colisão c/ obstáculos;0;0;1;0;0;0;0;0;0;0;1;0;0;0;0
05/10/2021;06:52:00;56;Acidente sem vítima;732,362;BR-163/MS;NORTE;Colisão com veículos (traseira);0;0;2;0;0;2;0;0;0;0;4;0;0;0;0
05/10/2021;12:40:00;203;Acidente com vítima;462,186;BR-163/MS;NORTE;Colisão lateral no sentido contrário;1;0;1;0;0;0;0;0;0;0;1;2;0;0;0
05/10/2021;14:12:00;232;Acidente sem vítima;88,866;BR-163/MS;SUL;Colisão c/ obstáculos;1;0;0;0;0;0;0;0;0;0;2;0;0;0;0
05/10/2021;16:06:00;264;Acidente sem vítima;316,711;BR-163/MS;SUL;Tombamento;0;0;1;0;0;1;0;0;0;0;2;0;0;0;0
05/10/2021;16:58:00;282;Acidente com vítima;367,106;BR-163/MS;NORTE;Tombamento;0;0;1;0;0;1;0;0;0;0;1;1;0;0;0
05/10/2021;18:31:00;303;Acidente com vítima;20,0;BR-163/MS;NORTE;Colisão lateral no mesmo sentido;1;1;0;0;0;0;0;0;0;0;5;1;0;0;0
05/10/2021;19:37:00;318;Acidente sem vítima;254,50;BR-163/MS;NORTE;Colisão lateral no mesmo sentido;0;0;2;0;0;2;0;0;0;0;6;0;0;0;0
05/10/2021;23:08:00;345;Acidente sem vítima;487,451;BR-163/MS;NORTE;Atropelamento de animais;1;0;0;0;0;0;0;0;0;0;3;0;0;0;0
06/10/2021;07:25:00;53;Acidente sem vítima;254,0;BR-163/MS;NORTE;Colisão com veículos (traseira);0;0;2;0;0;2;0;0;0;0;5;0;0;0;0
06/10/2021;20:25:00;296;Acidente sem vítima;61,955;BR-163/MS;NORTE;Saídas de pista;1;0;0;0;0;0;0;0;0;1;3;0;0;0;0
06/10/2021;20:48:00;301;Acidente sem vítima;272,171;BR-163/MS;NORTE;Atropelamento de animais;1;0;0;0;0;0;0;0;0;0;4;0;0;0;0
07/10/2021;08:27:00;75;Acidente sem vítima;485,0;BR-163/MS;NORTE;Engavetamento;0;0;1;0;3;0;0;0;0;0;5;0;0;0;0
07/10/2021;10:42:00;127;Acidente sem vítima;13,800;BR-163/MS;NORTE;Colisão lateral no mesmo sentido;1;0;1;0;0;2;0;0;0;0;6;0;0;0;0
08/10/2021;08:01:00;83;Acidente com vítima;333,900;BR-163/MS;NORTE;Saídas de pista;1;0;0;0;0;0;0;0;0;0;0;1;0;0;0
08/10/2021;10:08:00;131;Acidente sem vítima;216,781;BR-163/MS;NORTE;Colisão com veículos (traseira);2;0;0;0;0;0;0;0;0;0;5;0;0;0;0
08/10/2021;16:37:00;287;Acidente sem vítima;167,107;BR-163/MS;NORTE;Colisão c/ obstáculos;0;0;0;0;0;0;0;0;0;1;2;0;0;0;0
09/10/2021;01:45:00;16;Acidente sem vítima;680,712;BR-163/MS;NORTE;Colisão lateral no sentido contrário;2;0;0;0;0;0;0;0;0;0;4;0;0;0;0
09/10/2021;03:08:00;21;Acidente com vítima;681,394;BR-163/MS;NORTE;Colisão lateral no sentido contrário;1;0;1;0;0;1;0;0;0;0;2;1;0;0;0
09/10/2021;03:23:00;24;Acidente sem vítima;569,814;BR-163/MS;NORTE;Atropelamento de animais;1;0;0;0;0;0;0;0;0;0;2;0;0;0;0
09/10/2021;04:19:00;30;Acidente com vítima;408,586;BR-163/MS;NORTE;Colisão com veículos (traseira);1;0;0;0;0;1;0;0;0;0;1;1;0;0;0
09/10/2021;04:54:00;35;Acidente sem vítima;683,0;BR-163/MS;SUL;Atropelamento de animais;1;0;0;1;0;0;0;0;0;0;4;0;0;0;0
09/10/2021;05:15:00;36;Acidente com vítima;475,0;BR-163/MS;SUL;Colisão com veículos (traseira);0;0;2;0;0;2;0;0;0;0;3;1;0;0;0
09/10/2021;06:23:00;49;Acidente sem vítima;449,0;BR-163/MS;SUL;Colisão com veículos (traseira);2;0;0;0;0;0;0;0;0;0;5;0;0;0;0
09/10/2021;13:54:00;178;Acidente com vítima;620,986;BR-163/MS;NORTE;Colisão com veículos (traseira);1;0;0;0;0;0;0;0;0;1;2;1;0;0;0
09/10/2021;14:50:00;196;Acidente sem vítima;178,0;BR-163/MS;SUL;Saídas de pista;1;0;0;0;0;0;0;0;0;0;3;0;0;0;0
09/10/2021;16:56:00;229;Acidente sem vítima;212,55;BR-163/MS;SUL;Saídas de pista;1;0;0;0;0;0;0;0;0;0;1;0;0;0;0
09/10/2021;18:56:00;258;Acidente sem vítima;210,484;BR-163/MS;SUL;Colisão c/ obstáculos;1;0;0;0;0;0;0;0;0;0;3;0;0;0;0
09/10/2021;19:29:00;262;Atropelamento sem morte;492,304;BR-163/MS;NORTE;Atropelamento de pedestre;1;0;0;0;0;0;0;0;0;0;3;0;1;0;0
09/10/2021;23:23:00;305;Acidente sem vítima;274,523;BR-163/MS;NORTE;Colisão c/ obstáculos;1;0;0;0;0;0;0;0;0;0;1;0;0;0;0
10/10/2021;04:28:00;21;Acidente com vítima;476,684;BR-163/MS;NORTE;Tombamento de moto;0;0;0;1;0;0;0;0;0;0;0;1;0;0;0
10/10/2021;05:26:00;27;Acidente sem vítima;242,840;BR-163/MS;SUL;Saídas de pista;0;0;0;0;0;0;0;0;0;1;2;0;0;0;0
10/10/2021;06:53:00;43;Acidente sem vítima;308,787;BR-163/MS;SUL;Tombamento;0;0;1;0;0;2;0;0;0;0;3;0;0;0;0
10/10/2021;07:40:00;57;Acidente com vítima;348,281;BR-163/MS;NORTE;Tombamento;1;0;0;0;0;0;0;0;0;0;2;1;0;0;0
10/10/2021;08:45:00;65;Acidente sem vítima;436,227;BR-163/MS;NORTE;Capotamento;1;0;0;0;0;0;0;0;0;0;2;0;0;0;0
10/10/2021;11:40:00;106;Acidente com morte;670,841;BR-163/MS;SUL;Colisão lateral no sentido contrário;0;0;0;0;0;0;0;0;0;2;0;1;0;1;1
10/10/2021;12:02:00;109;Acidente sem vítima;445,413;BR-163/MS;SUL;Saídas de pista;0;0;0;0;1;0;0;0;0;0;1;0;0;0;0
10/10/2021;15:22:00;144;Acidente com vítima;821,925;BR-163/MS;SUL;Capotamento;1;0;0;0;0;0;0;0;0;0;3;1;0;0;0
10/10/2021;19:48:00;205;Acidente sem vítima;264,901;BR-163/MS;NORTE;Colisão c/ obstáculos;1;0;0;0;0;0;0;0;0;0;1;0;0;0;0
11/10/2021;03:00:00;12;Acidente com vítima;270,449;BR-163/MS;NORTE;Colisão c/ obstáculos;1;0;0;0;0;0;0;0;0;0;0;1;0;0;0
11/10/2021;16:12:00;274;Acidente com vítima;475,846;BR-163/MS;NORTE;Engavetamento;0;0;2;1;0;2;0;0;0;0;5;0;1;0;0
11/10/2021;18:50:00;316;Acidente sem vítima;485,0;BR-163/MS;NORTE;Colisão lateral no mesmo sentido;1;0;1;0;0;0;0;0;0;0;2;0;0;0;0
11/10/2021;23:25:00;354;Acidente sem vítima;310,332;BR-163/MS;SUL;Atropelamento de animais;1;0;0;0;0;0;0;0;0;0;2;0;0;0;0
12/10/2021;08:22:00;73;Acidente sem vítima;485,0;BR-163/MS;SUL;Colisão com veículos (traseira);0;0;1;0;0;1;0;0;0;1;5;0;0;0;0
12/10/2021;15:55:00;290;Acidente sem vítima;653,0;BR-163/MS;SUL;Colisão c/ obstáculos;1;0;0;0;0;0;0;0;0;0;1;0;0;0;0
12/10/2021;20:08:00;354;Acidente sem vítima;703,501;BR-163/MS;NORTE;Colisão c/ obstáculos;1;0;0;0;0;0;0;0;0;0;1;0;0;0;0
12/10/2021;21:24:00;373;Acidente sem vítima;784,0;BR-163/MS;NORTE;Atropelamento de animais;1;0;0;0;0;0;0;0;0;0;4;0;0;0;0
13/10/2021;21:40:00;342;Acidente sem vítima;397,822;BR-163/MS;NORTE;Colisão com veículos (traseira);0;0;2;0;0;1;0;0;0;0;3;0;0;0;0
14/10/2021;00:24:00;6;Acidente sem vítima;361,212;BR-163/MS;NORTE;Atropelamento de animais;1;0;0;0;0;0;0;0;0;0;1;0;0;0;0
14/10/2021;07:38:00;74;Acidente com vítima;476,65;BR-163/MS;NORTE;Tombamento de moto;0;0;0;1;0;0;0;0;0;0;0;1;0;0;0
15/10/2021;14:45:00;248;Acidente com vítima;525,341;BR-163/MS;NORTE;Capotamento;0;0;0;0;0;0;0;0;0;1;0;4;0;0;0
15/10/2021;15:27:00;266;Acidente sem vítima;25,0;BR-163/MS;SUL;Colisão com veículos (traseira);1;0;0;0;0;0;0;0;0;1;2;0;0;0;0
15/10/2021;20:09:00;328;Acidente com vítima;91,394;BR-163/MS;SUL;Colisão lateral no mesmo sentido;1;0;1;0;0;0;0;0;0;0;1;1;0;0;0
15/10/2021;20:45:00;333;Acidente sem vítima;512,925;BR-163/MS;NORTE;Atropelamento de animais;0;0;0;0;0;0;0;0;0;1;1;0;0;0;0
15/10/2021;22:17:00;352;Acidente sem vítima;170,896;BR-163/MS;NORTE;Atropelamento de animais;0;0;1;0;0;1;0;0;0;0;3;0;0;0;0
16/10/2021;07:37:00;55;Acidente sem vítima;258,0;BR-163/MS;NORTE;Colisão lateral no sentido contrário;1;0;0;1;0;0;0;0;0;0;4;0;0;0;0
16/10/2021;17:15:00;274;Acidente sem vítima;573,811;BR-163/MS;SUL;Saídas de pista;1;0;0;0;0;0;0;0;0;0;2;0;0;0;0
16/10/2021;17:24:00;276;Acidente com vítima;246,0;BR-163/MS;NORTE;Colisão lateral no mesmo sentido;0;0;1;1;0;0;0;0;0;0;1;1;0;0;0
16/10/2021;18:18:00;288;Acidente sem vítima;160,0;BR-163/MS;NORTE;Tombamento;0;0;1;0;0;0;0;0;0;0;1;0;0;0;0
18/10/2021;06:37:00;39;Acidente com vítima;251,87;BR-163/MS;SUL;Tombamento de moto;0;0;0;1;0;0;0;0;0;0;1;0;1;0;0
18/10/2021;09:12:00;116;Acidente sem vítima;185,500;BR-163/MS;NORTE;Tombamento;0;0;1;0;0;2;0;0;0;0;3;0;0;0;0
18/10/2021;14:47:00;219;Acidente sem vítima;680,326;BR-163/MS;SUL;Colisão lateral no mesmo sentido;1;0;0;0;0;0;0;0;0;1;3;0;0;0;0
18/10/2021;16:35:00;252;Acidente sem vítima;532,747;BR-163/MS;NORTE;Tombamento;0;0;1;0;0;0;0;0;0;0;1;0;0;0;0
19/10/2021;08:27:00;107;Acidente com vítima;547,452;BR-163/MS;SUL;Colisão lateral no mesmo sentido;1;0;0;0;0;0;0;0;0;1;2;0;1;0;0
19/10/2021;15:58:00;276;Acidente com vítima;470,759;BR-163/MS;SUL;Colisão lateral no sentido contrário;1;0;1;0;0;1;0;0;0;0;2;2;0;0;0
19/10/2021;19:59:00;322;Acidente com vítima;521,983;BR-163/MS;NORTE;Capotamento;0;0;1;0;0;2;0;0;0;1;3;1;0;0;0
19/10/2021;20:48:00;323;Acidente sem vítima;405,780;BR-163/MS;SUL;Atropelamento de animais;1;0;0;0;0;0;0;0;0;0;4;0;0;0;0
19/10/2021;21:00:00;327;Acidente sem vítima;548,690;BR-163/MS;SUL;Tombamento;0;0;1;0;0;0;0;0;0;0;1;0;0;0;0
19/10/2021;22:43:00;335;Acidente com vítima;475,0;BR-163/MS;NORTE;Tombamento de moto;0;0;0;1;0;0;0;0;0;0;1;1;0;0;0
20/10/2021;07:18:00;66;Acidente com vítima;484,0;BR-163/MS;NORTE;Colisão com veículos (frontal);0;0;0;1;0;0;0;0;0;1;4;0;1;0;0
20/10/2021;17:43:00;260;Acidente sem vítima;432,111;BR-163/MS;SUL;Colisão com veículos (traseira);0;0;1;0;0;2;0;0;0;1;9;0;0;0;0
20/10/2021;19:57:00;282;Acidente sem vítima;103,0;BR-163/MS;NORTE;Atropelamento de animais;0;0;0;0;0;0;0;0;0;1;2;0;0;0;0
21/10/2021;09:43:00;120;Acidente com vítima;268,0;BR-163/MS;SUL;Capotamento;0;0;0;0;0;0;0;0;0;1;0;1;0;0;0
21/10/2021;11:04:00;143;Acidente sem vítima;210,0;BR-163/MS;NORTE;Colisão lateral no mesmo sentido;0;0;2;0;1;3;0;0;0;0;6;0;0;0;0
21/10/2021;14:41:00;190;Acidente com vítima;813,793;BR-163/MS;NORTE;Colisão com veículos (traseira);0;0;2;0;0;0;0;0;0;0;1;1;0;0;0
21/10/2021;19:03:00;252;Acidente sem vítima;526,0;BR-163/MS;NORTE;Saídas de pista;0;0;1;0;0;0;0;0;0;0;2;0;0;0;0
22/10/2021;05:03:00;18;Acidente com vítima;344,0;BR-163/MS;NORTE;Colisão c/ obstáculos;0;0;0;1;0;0;0;0;0;0;0;0;1;0;0
22/10/2021;18:29:00;304;Acidente sem vítima;110,298;BR-163/MS;NORTE;Colisão c/ obstáculos;0;0;0;0;0;0;0;0;0;1;1;0;0;0;0
22/10/2021;19:18:00;313;Acidente sem vítima;418,997;BR-163/MS;SUL;Atropelamento de animais;0;0;0;0;0;0;0;0;0;1;3;0;0;0;0
22/10/2021;21:03:00;338;Acidente sem vítima;275,768;BR-163/MS;NORTE;Atropelamento de animais;0;0;0;0;0;0;0;0;0;1;1;0;0;0;0
23/10/2021;01:58:00;7;Acidente sem vítima;400,250;BR-163/MS;NORTE;Atropelamento de animais;0;0;0;0;0;0;0;0;0;1;2;0;0;0;0
23/10/2021;05:10:00;19;Acidente com morte;178,900;BR-163/MS;NORTE;Colisão com veículos (frontal);1;0;1;0;0;2;0;0;0;0;3;0;1;0;1
23/10/2021;11:13:00;134;Acidente sem vítima;563,422;BR-163/MS;NORTE;Colisão lateral no mesmo sentido;1;0;1;0;0;0;0;0;0;0;2;0;0;0;0
23/10/2021;18:51:00;252;Acidente com vítima;466,380;BR-163/MS;NORTE;Tombamento de moto;0;0;0;1;0;0;0;0;0;1;1;0;1;0;0
23/10/2021;19:24:00;264;Acidente com vítima;497,900;BR-163/MS;SUL;Tombamento de moto;0;0;0;1;0;0;0;0;0;0;0;1;0;0;0
24/10/2021;05:17:00;24;Acidente sem vítima;221,832;BR-163/MS;SUL;Colisão c/ obstáculos;1;0;0;0;0;0;0;0;0;0;2;0;0;0;0
24/10/2021;22:55:00;249;Acidente sem vítima;824,737;BR-163/MS;NORTE;Atropelamento de animais;0;0;0;0;0;0;0;0;0;1;1;0;0;0;0
25/10/2021;00:51:00;2;Acidente sem vítima;150,493;BR-163/MS;SUL;Atropelamento de animais;1;0;0;0;0;0;0;0;0;0;5;0;0;0;0
25/10/2021;06:21:00;37;Acidente com vítima;549,0;BR-163/MS;NORTE;Colisão lateral no sentido contrário;1;0;0;0;0;0;0;0;0;1;0;2;2;0;0
25/10/2021;19:28:00;266;Atropelamento com morte;260,970;BR-163/MS;NORTE;Atropelamento de pedestre;0;0;0;1;0;0;0;0;0;0;0;0;1;0;1
25/10/2021;21:39:00;287;Acidente sem vítima;521,525;BR-163/MS;NORTE;Atropelamento de animais;0;0;0;0;0;0;0;0;0;1;2;0;0;0;0
25/10/2021;22:17:00;291;Acidente sem vítima;386,353;BR-163/MS;NORTE;Atropelamento de animais;1;0;0;0;0;0;0;0;0;0;2;0;0;0;0
27/10/2021;05:10:00;20;Acidente sem vítima;36,957;BR-163/MS;SUL;Colisão com veículos (traseira);0;0;1;0;0;2;0;0;0;1;5;0;0;0;0
27/10/2021;10:35:00;140;Acidente com vítima;455,845;BR-163/MS;SUL;Colisão lateral no sentido contrário;0;0;1;0;0;2;0;0;0;1;4;1;0;0;0
27/10/2021;18:41:00;264;Acidente sem vítima;188,101;BR-163/MS;NORTE;Atropelamento de animais;1;0;0;0;0;0;0;0;0;0;1;0;0;0;0
27/10/2021;23:35:00;305;Acidente sem vítima;747,328;BR-163/MS;SUL;Tombamento de moto;0;0;0;1;0;0;0;0;0;0;1;0;0;0;0
28/10/2021;17:20:00;279;Acidente com vítima;729,500;BR-163/MS;SUL;Atropelamento de animais;0;0;0;1;0;0;0;0;0;0;0;2;0;0;0
29/10/2021;09:20:00;108;Acidente com vítima;385,779;BR-163/MS;SUL;Colisão com veículos (traseira);1;0;1;0;0;1;0;0;0;0;4;1;0;0;0
29/10/2021;10:54:00;154;Acidente sem vítima;235,0;BR-163/MS;NORTE;Capotamento;1;0;0;0;0;0;0;0;0;0;2;0;0;0;0
29/10/2021;21:30:00;300;Acidente sem vítima;842,700;BR-163/MS;NORTE;Tombamento;0;0;1;0;0;1;0;0;0;0;2;0;0;0;0
30/10/2021;05:39:00;22;Acidente com vítima;501,0;BR-163/MS;NORTE;Tombamento de moto;0;0;0;1;0;0;0;0;0;0;0;0;1;0;0
30/10/2021;07:36:00;61;Acidente com vítima;493,0;BR-163/MS;NORTE;Tombamento de moto;0;0;0;1;0;0;0;0;0;0;0;0;0;1;0
30/10/2021;08:53:00;101;Acidente sem vítima;559,0;BR-163/MS;NORTE;Saídas de pista;1;0;0;0;0;0;0;0;0;0;5;0;0;0;0
30/10/2021;15:14:00;247;Acidente com vítima;527,0;BR-163/MS;SUL;Atropelamento de pedestre;0;0;0;0;0;0;0;0;0;1;0;0;1;0;0
30/10/2021;16:06:00;256;Acidente sem vítima;815,557;BR-163/MS;NORTE;Tombamento;1;0;0;0;0;1;0;0;0;0;3;0;0;0;0
30/10/2021;19:11:00;292;Acidente com vítima;474,689;BR-163/MS;NORTE;Tombamento de moto;0;0;0;1;0;0;0;0;0;0;0;0;1;0;0
30/10/2021;19:37:00;298;Acidente com vítima;617,800;BR-163/MS;NORTE;Colisão lateral no mesmo sentido;0;0;0;1;0;0;0;0;0;1;2;0;1;0;0
31/10/2021;10:37:00;122;Acidente sem vítima;662,654;BR-163/MS;NORTE;Tombamento;0;0;1;0;0;2;0;0;0;0;3;0;0;0;0
31/10/2021;10:51:00;128;Acidente com vítima;206,766;BR-163/MS;SUL;Tombamento de moto;0;0;0;1;0;0;0;0;0;0;0;1;0;0;0
31/10/2021;14:55:00;189;Acidente com vítima;258,0;BR-163/MS;SUL;Tombamento de moto;0;0;0;1;0;0;0;0;0;0;1;1;0;0;0
31/10/2021;21:48:00;294;Acidente sem vítima;490,0;BR-163/MS;NORTE;Tombamento de moto;0;0;0;1;0;0;0;0;0;0;1;0;0;0;0
03/11/2021;06:49:50;42;Com vítima;486.700;1793;Decrescente;Colisão transversal;1;0;0;0;0;0;0;0;0;0;1;1;0;0;0
03/11/2021;07:57:29;69;Sem vítima;265.000;1603;Crescente;Colisão transversal;0;0;0;0;1;0;0;0;0;0;1;0;0;0;0
03/11/2021;09:03:55;103;Com vítima;475.252;1793;Decrescente;Colisão transversal;1;0;0;0;0;1;0;0;0;0;1;0;0;1;0
03/11/2021;16:44:55;243;Sem vítima;213.000;1599;Crescente;Queda de moto;1;0;0;0;0;0;0;0;0;0;1;0;0;0;0
04/11/2021;03:32:20;15;Sem vítima;88.854;1739;Decrescente;Colisão traseira;0;0;0;0;1;0;0;0;0;0;2;0;0;0;0
05/11/2021;11:44:21;198;Sem vítima;609.899;1680;Crescente;Tombamento;0;0;0;0;1;0;0;0;0;0;1;0;0;0;0
06/11/2021;05:58:51;31;Com vítima;480.315;1646;Crescente;Queda de moto;1;0;0;0;0;0;0;0;0;0;1;1;0;0;0
06/11/2021;07:07:30;50;Sem vítima;475.750;1646;Crescente;Colisão traseira;0;0;0;0;0;1;0;0;0;0;1;0;0;0;0
06/11/2021;15:24:18;161;Sem vítima;491.510;1647;Crescente;Queda de moto;1;0;0;0;0;0;0;0;0;0;0;0;0;0;0
06/11/2021;18:19:54;190;Sem vítima;490.104;1793;Decrescente;Colisão frontal;1;0;0;0;0;0;0;0;0;0;1;0;0;0;0
07/11/2021;13:18:18;112;Com vítima;484.000;1646;Crescente;Engavetamento;0;0;0;0;1;1;0;0;0;0;1;1;0;0;0
07/11/2021;19:32:55;201;Com vítima;485.504;1793;Decrescente;Colisão transversal;1;0;0;0;0;0;0;0;0;0;0;1;0;0;0
08/11/2021;12:13:58;187;Sem vítima;456.000;1646;Crescente;Queda de moto;1;0;0;0;0;0;0;0;0;0;0;0;0;0;0
08/11/2021;14:58:42;229;Sem vítima;112.000;1593;Crescente;Queda de moto;1;0;0;0;0;0;0;0;0;0;2;0;0;0;0
08/11/2021;15:02:29;231;Sem vítima;486.619;1793;Decrescente;Queda de moto;1;0;0;0;0;0;0;0;0;0;0;0;0;0;0
08/11/2021;17:04:45;259;Com vítima;680.744;1703;Crescente;Colisão lateral no mesmo sentido;1;0;0;0;0;0;0;0;0;0;0;0;0;1;0
09/11/2021;11:49:03;182;Sem vítima;657.000;1836;Decrescente;Colisão lateral no mesmo sentido;0;0;0;0;1;0;0;0;0;0;1;0;0;0;0
09/11/2021;12:15:40;191;Sem vítima;34.240;1738;Decrescente;Queda de moto;1;0;0;0;0;0;0;0;0;0;2;0;0;0;0
09/11/2021;20:59:13;295;Com vítima;680.761;1703;Crescente;Choque;0;0;0;0;1;1;0;0;0;0;1;1;0;0;0
10/11/2021;05:14:23;23;Com vítima;276.495;1750;Decrescente;Tombamento;0;0;0;0;0;1;0;0;0;0;1;1;0;0;0
10/11/2021;15:08:44;220;Com vítima;526.120;1656;Crescente;Queda de moto;1;0;0;0;0;0;0;0;0;0;0;1;0;0;0
11/11/2021;09:52:26;118;Sem vítima;17.123;1590;Crescente;Colisão lateral no mesmo sentido;0;0;0;0;0;1;0;0;0;0;2;0;0;0;0
11/11/2021;18:36:40;278;Com vítima;838.218;1732;Crescente;Tombamento;0;0;0;0;0;1;0;0;0;0;0;1;0;0;0
12/11/2021;15:42:02;231;Sem vítima;21.965;1590;Crescente;Colisão traseira;0;0;0;0;0;1;0;0;0;0;1;0;0;0;0
12/11/2021;22:11:14;299;Sem vítima;815.730;1873;Decrescente;Colisão lateral no mesmo sentido;1;0;0;0;1;0;0;0;0;0;1;0;0;0;0