data;horario;n_da_ocorrencia;tipo_de_ocorrencia;km;trecho;sentido;tipo_de_acidente;automovel;bicicleta;caminhao;moto;onibus;outros;tracao_animal;transporte_de_cargas_especiais;trator_maquinas;utilitarios;ilesos;levemente_feridos;moderadamente_feridos;gravemente_feridos;mortos
13/11/2021;08:02:21;64;Com vítima;485.000;1646;Crescente;Colisão transversal;1;0;0;1;0;0;0;0;0;0;1;1;0;0;0
14/11/2021;10:15:37;88;Com vítima;6.000;1590;Crescente;Choque;0;0;1;0;0;0;0;0;0;0;0;1;0;0;0
14/11/2021;14:51:48;131;Com vítima;256.300;1750;Decrescente;Tombamento;0;0;0;0;0;1;0;0;0;0;0;1;0;0;0
14/11/2021;16:17:21;165;Sem vítima;256.300;1750;Decrescente;Queda de moto;1;0;0;0;0;0;0;0;0;0;1;0;0;0;0
15/11/2021;11:35:11;139;Com vítima;488.200;1793;Decrescente;Queda de moto;1;0;0;0;0;0;0;0;0;0;0;2;0;0;0
15/11/2021;18:10:59;256;Sem vítima;477.636;1793;Decrescente;Atropelamento de pedestre;1;0;0;0;0;0;0;0;0;0;0;0;0;0;0
16/11/2021;03:49:56;22;Sem vítima;713.000;1714;Crescente;Atropelamento de animal;0;0;0;0;0;1;0;0;0;0;1;0;0;0;0
16/11/2021;11:28:31;160;Com vítima;323.870;1610;Crescente;Colisão transversal;1;0;0;1;0;0;0;0;0;0;0;2;0;0;0
16/11/2021;16:34:12;252;Sem vítima;527.800;1656;Crescente;Capotamento;0;0;0;0;1;0;0;0;0;0;0;0;0;0;0
16/11/2021;18:10:06;273;Com vítima;264.915;1603;Crescente;Colisão traseira;1;0;0;0;0;0;0;0;0;0;0;1;0;0;0
16/11/2021;20:35:41;287;Sem vítima;307.351;1607;Crescente;Colisão traseira;0;0;0;0;0;1;0;0;0;0;1;0;0;0;0
16/11/2021;21:34:13;295;Com vítima;810.640;1873;Decrescente;Atropelamento de animal;1;0;0;0;0;0;0;0;0;0;0;1;0;0;0
18/11/2021;20:44:02;257;Sem vítima;307.192;1754;Decrescente;Colisão traseira;0;0;0;0;0;1;0;0;0;0;1;0;0;0;0
19/11/2021;17:19:14;261;Com vítima;486.640;1793;Decrescente;Colisão transversal;1;0;0;0;0;0;0;0;0;0;0;0;0;1;0
20/11/2021;07:19:34;51;Sem vítima;703.341;1706;Crescente;Colisão lateral no mesmo sentido;0;0;0;0;0;1;0;0;0;0;1;0;0;0;0
20/11/2021;11:48:16;127;Com vítima;455.882;1646;Crescente;Queda de moto;1;0;0;0;0;0;0;0;0;0;0;1;0;0;0
21/11/2021;03:45:13;20;Com vítima;258.296;1603;Crescente;Choque;1;0;0;0;0;0;0;0;0;0;0;1;0;0;0
21/11/2021;07:04:08;51;Sem vítima;626.258;1682;Crescente;Colisão traseira;0;0;0;0;1;0;0;0;0;0;2;0;0;0;0
22/11/2021;07:37:46;52;Com vítima;470.790;1646;Crescente;Colisão transversal;0;0;0;1;0;0;0;0;0;0;0;1;0;0;0
22/11/2021;19:38:28;294;Com vítima;477.725;1793;Decrescente;Colisão traseira;1;0;0;0;0;0;0;0;0;0;0;1;0;0;0
23/11/2021;09:52:28;124;Com vítima;18.840;1737;Decrescente;Colisão transversal;1;0;0;1;0;0;0;0;0;0;0;1;0;0;0
24/11/2021;17:29:04;299;Com vítima;481.680;1793;Decrescente;Colisão transversal;1;0;0;0;0;0;0;0;0;0;0;2;0;0;0
25/11/2021;06:12:14;34;Com vítima;485.630;1793;Decrescente;Colisão traseira;1;0;0;0;0;0;0;0;0;0;0;1;0;0;0
25/11/2021;16:35:35;250;Com vítima;555.100;1811;Decrescente;Colisão traseira;0;0;0;0;0;1;0;0;0;0;0;1;0;0;0
26/11/2021;08:18:35;97;Com vítima;728.127;1864;Decrescente;Colisão traseira;1;0;0;0;0;0;0;0;0;0;0;1;0;0;0
27/11/2021;10:10:49;110;Com vítima;364.201;1613;Crescente;Tombamento;0;0;0;0;0;1;0;0;0;0;0;1;0;0;0
27/11/2021;17:05:25;230;Com vítima;18.220;1590;Crescente;Colisão transversal;1;0;0;0;0;0;0;0;0;0;0;1;0;0;0
28/11/2021;18:17:02;149;Sem vítima;325.119;1757;Decrescente;Tombamento;0;0;0;1;0;0;0;0;0;0;1;0;0;0;0
29/11/2021;00:30:52;2;Sem vítima;390.857;1770;Decrescente;Acidentes de outra natureza;0;0;0;0;1;0;0;0;0;0;1;0;0;0;0
29/11/2021;03:43:44;14;Sem vítima;640.630;1683;Crescente;Tombamento;0;0;0;0;1;0;0;0;0;0;1;0;0;0;0
29/11/2021;14:01:13;193;Sem vítima;18.500;1590;Crescente;Acidentes de outra natureza;0;0;0;0;1;0;0;0;0;0;1;0;0;0;0
30/11/2021;17:28:41;274;Sem vítima;484.383;1646;Crescente;Colisão transversal;2;0;0;0;0;0;0;0;0;0;2;0;0;0;0
01/12/2021;15:04:16;198;Sem vítima;256.661;1603;Crescente;Colisão traseira;0;0;0;0;0;1;0;0;0;0;1;0;0;0;0
01/12/2021;15:55:44;207;Sem vítima;124.822;1595;Crescente;Tombamento;0;0;0;0;0;1;0;0;0;0;1;0;0;0;0
01/12/2021;17:30:13;240;Com vítima;633.805;1830;Decrescente;Colisão lateral no mesmo sentido;0;0;0;1;0;0;0;0;0;0;0;1;0;0;0
02/12/2021;02:50:07;13;Sem vítima;127.976;1742;Decrescente;Tombamento;0;0;0;0;0;1;0;0;0;0;1;0;0;0;0
02/12/2021;04:25:38;22;Com vítima;128.518;1742;Decrescente;Colisão traseira;0;0;1;0;1;0;0;0;0;0;2;3;0;1;0
02/12/2021;05:09:36;26;Sem vítima;3.379;1737;Decrescente;Colisão frontal;0;0;0;0;1;0;0;0;0;0;1;0;0;0;0
02/12/2021;10:16:52;131;Sem vítima;381.800;1619;Crescente;Tombamento;0;0;0;0;1;0;0;0;0;0;1;0;0;0;0
02/12/2021;12:15:47;155;Com vítima;302.600;1607;Crescente;Tombamento;0;0;0;0;0;1;0;0;0;0;0;1;0;0;0
02/12/2021;17:14:13;222;Sem vítima;184.640;1743;Decrescente;Colisão traseira;0;0;0;0;1;0;0;0;0;0;1;0;0;0;0
02/12/2021;17:25:18;226;Com vítima;77.535;1592;Crescente;Colisão traseira;1;0;0;0;0;0;0;0;0;0;0;1;0;0;0
03/12/2021;03:17:02;13;Sem vítima;506.912;1799;Decrescente;Colisão traseira;0;0;0;0;0;2;0;0;0;0;2;0;0;0;0
03/12/2021;20:52:11;310;Com vítima;18.144;1737;Decrescente;Queda de moto;1;0;0;0;0;0;0;0;0;0;0;1;0;0;0
04/12/2021;04:52:23;25;Sem vítima;640.635;1683;Crescente;Choque;0;0;0;0;1;0;0;0;0;0;1;0;0;0;0
04/12/2021;17:40:18;264;Sem vítima;820.210;1728;Crescente;Capotamento;0;0;0;0;0;1;0;0;0;0;1;0;0;0;0
05/12/2021;21:55:33;242;Com vítima;479.193;1793;Decrescente;Colisão lateral no mesmo sentido;1;0;0;1;0;0;0;0;0;0;0;2;0;0;0
07/12/2021;08:27:00;78;Sem vítima;660.512;1691;Crescente;Colisão traseira;0;0;0;0;1;1;0;0;0;0;2;0;0;0;0
07/12/2021;16:21:27;201;Sem vítima;28.500;1590;Crescente;Colisão lateral no mesmo sentido;0;0;0;0;0;1;0;0;0;0;1;0;0;0;0
07/12/2021;18:15:23;224;Sem vítima;225.500;1746;Decrescente;Choque;0;0;0;0;1;0;0;0;0;0;1;0;0;0;0
08/12/2021;15:05:58;202;Sem vítima;6.139;1590;Crescente;Engavetamento;0;0;0;0;0;1;0;0;0;0;1;0;0;0;0
09/12/2021;15:16:04;221;Sem vítima;127.984;1595;Crescente;Colisão frontal;0;0;0;0;1;0;0;0;0;0;1;0;0;0;0
10/12/2021;13:11:36;152;Sem vítima;648.911;1685;Crescente;Tombamento;0;0;0;0;0;1;0;0;0;0;3;0;0;0;0
10/12/2021;14:50:18;177;Sem vítima;432.484;1782;Decrescente;Colisão traseira;0;0;0;0;0;2;0;0;0;0;2;0;0;0;0
11/12/2021;17:15:15;170;Sem vítima;313.465;1756;Decrescente;Queda de moto;1;0;0;0;0;0;0;0;0;0;2;0;0;0;0
11/12/2021;21:32:02;217;Sem vítima;676.722;1701;Crescente;Tombamento;0;0;0;0;0;1;0;0;0;0;1;0;0;0;0
11/12/2021;22:46:47;226;Sem vítima;144.927;1595;Crescente;Colisão transversal;0;0;0;0;1;0;0;0;0;0;1;0;0;0;0
12/12/2021;11:36:44;95;Com vítima;454.650;1646;Crescente;Choque;0;0;0;0;0;1;0;0;0;0;0;1;0;0;0
13/12/2021;08:58:12;92;Sem vítima;481.249;1646;Crescente;Colisão frontal;0;0;0;0;1;1;0;0;0;0;2;0;0;0;0
13/12/2021;13:37:31;168;Sem vítima;470.300;1646;Crescente;Colisão traseira;0;0;0;0;1;0;0;0;0;0;1;0;0;0;0
14/12/2021;02:41:53;8;Com vítima;372.231;1617;Crescente;Tombamento;0;0;1;0;0;0;0;0;0;0;2;4;0;1;0
14/12/2021;14:59:00;162;Com vítima;676.275;1847;Decrescente;Colisão traseira;0;0;1;0;0;1;0;0;0;0;0;26;0;0;0
14/12/2021;16:12:54;186;Sem vítima;717.229;1863;Decrescente;Colisão traseira;0;0;0;0;0;1;0;0;0;0;1;0;0;0;0
14/12/2021;17:22:33;201;Com vítima;484.357;1646;Crescente;Queda de moto;1;0;0;0;0;0;0;0;0;0;0;1;0;0;0
14/12/2021;22:14:15;241;Com vítima;484.679;1793;Decrescente;Atropelamento de animal;1;0;0;0;0;0;0;0;0;0;0;1;0;0;0
16/12/2021;07:35:18;55;Com vítima;212.684;1746;Decrescente;Colisão traseira;1;0;0;0;0;0;0;0;0;0;0;1;0;0;0
16/12/2021;17:10:51;204;Sem vítima;562.980;1816;Decrescente;Engavetamento;0;0;0;0;0;1;0;0;0;0;1;0;0;0;0
16/12/2021;18:42:14;218;Sem vítima;478.161;1646;Crescente;Colisão traseira;0;0;0;0;1;0;0;0;0;0;1;0;0;0;0
16/12/2021;20:19:56;241;Sem vítima;494.610;1647;Crescente;Colisão traseira;0;0;0;0;1;1;0;0;0;0;1;0;0;0;0
16/12/2021;21:38:43;246;Sem vítima;258.202;1603;Crescente;Colisão lateral no mesmo sentido;1;0;0;0;0;0;0;0;0;0;1;0;0;0;0
17/12/2021;08:08:04;93;Sem vítima;485.214;1646;Crescente;Colisão traseira;0;0;0;0;1;0;0;0;0;0;1;0;0;0;0
17/12/2021;16:06:22;235;Com vítima;613.613;1680;Crescente;Engavetamento;0;0;2;0;0;0;0;0;0;0;0;4;0;0;0
17/12/2021;18:39:40;265;Com vítima;241.493;1749;Decrescente;Queda de moto;1;0;0;0;0;0;0;0;0;0;0;1;0;0;0
17/12/2021;19:48:42;271;Com vítima;36.607;1738;Decrescente;Colisão traseira;0;0;0;0;0;1;0;0;0;0;0;1;0;0;0
17/12/2021;20:52:07;283;Com vítima;551.832;1809;Decrescente;Acidentes de outra natureza;0;0;0;0;1;0;0;0;0;0;0;1;0;0;0
17/12/2021;22:27:59;295;Com vítima;488.494;1646;Crescente;Colisão frontal;1;0;0;0;0;0;0;0;0;0;0;0;0;1;0
18/12/2021;11:45:36;159;Com vítima;372.000;1617;Crescente;Capotamento;0;0;0;0;1;0;0;0;0;0;0;1;0;0;0
18/12/2021;18:26:31;259;Sem vítima;479.334;1793;Decrescente;Choque;0;0;0;0;1;0;0;0;0;0;1;0;0;0;0
18/12/2021;22:10:26;293;Com vítima;251.138;1602;Crescente;Queda de moto;1;0;0;0;0;0;0;0;0;0;0;2;0;0;0
19/12/2021;18:29:10;212;Com vítima;534.799;1659;Crescente;Atropelamento de animal;1;0;0;0;0;0;0;0;0;0;0;1;0;0;0
20/12/2021;15:46:29;205;Sem vítima;486.425;1646;Crescente;Queda de moto;1;0;0;0;0;1;0;0;0;0;2;0;0;0;0
21/12/2021;08:52:38;93;Com vítima;690.574;1850;Decrescente;Colisão frontal;0;0;0;0;0;1;0;0;0;0;0;1;0;0;0
21/12/2021;17:20:15;215;Com vítima;486.584;1793;Decrescente;Colisão transversal;2;0;0;0;0;0;0;0;0;0;0;1;0;0;0
22/12/2021;17:47:42;269;Sem vítima;482.536;1646;Crescente;Atropelamento de pedestre;0;0;0;1;0;0;0;0;0;0;0;0;0;0;0
22/12/2021;20:19:55;302;Sem vítima;410.691;1774;Decrescente;Colisão transversal;0;0;1;0;0;0;0;0;0;0;3;0;0;0;0
22/12/2021;23:29:53;326;Sem vítima;13.306;1590;Crescente;Colisão transversal;1;0;0;0;0;0;0;0;0;0;0;0;0;0;0
23/12/2021;15:39:04;266;Com vítima;244.530;1602;Crescente;Queda de moto;1;0;0;0;0;0;0;0;0;0;0;1;0;0;0
24/12/2021;00:53:06;6;Sem vítima;664.520;1694;Crescente;Atropelamento de animal;0;0;1;0;0;0;0;0;0;0;1;0;0;0;0
24/12/2021;18:55:54;243;Com vítima;655.634;1836;Decrescente;Choque;1;0;0;0;0;0;0;0;0;0;0;1;0;0;0
24/12/2021;20:02:28;258;Sem vítima;511.354;1800;Decrescente;Acidentes de outra natureza;0;0;0;0;1;0;0;0;0;0;1;0;0;0;0
24/12/2021;20:21:42;262;Com vítima;681.275;1703;Crescente;Colisão transversal;1;0;0;0;0;0;0;0;0;0;0;1;0;0;0
24/12/2021;21:51:44;276;Com vítima;451.564;1791;Decrescente;Atropelamento de animal;1;0;0;0;0;0;0;0;0;0;0;1;0;0;0
27/12/2021;04:36:49;16;Com vítima;306.620;1754;Decrescente;Acidentes de outra natureza;0;0;0;0;0;1;0;0;0;0;0;4;0;0;0
28/12/2021;19:03:44;252;Sem vítima;777.370;1870;Decrescente;Colisão traseira;0;0;0;0;0;1;0;0;0;0;1;0;0;0;0
29/12/2021;22:38:20;268;Com vítima;258.639;1603;Crescente;Acidentes de outra natureza;1;0;0;0;0;0;0;0;0;0;0;1;0;0;0
30/12/2021;05:45:42;19;Com vítima;475.781;1793;Decrescente;Colisão lateral no mesmo sentido;1;0;0;0;0;0;0;0;0;0;0;1;0;0;0
30/12/2021;20:40:04;254;Com vítima;20.716;1590;Crescente;Queda de moto;1;0;0;0;0;0;0;0;0;0;0;1;0;0;0
31/12/2021;07:44:07;54;Com vítima;258.625;1603;Crescente;Choque;1;0;0;0;0;0;0;0;0;0;0;1;0;0;0
31/12/2021;19:15:40;217;Com vítima;475.824;1793;Decrescente;Queda de moto;1;0;0;0;0;0;0;0;0;0;0;1;0;0;0
01/01/2022;15:17:18;96;Sem vítima;823.541;1730;Crescente;Queda de moto;1;0;0;0;0;0;0;0;0;0;1;0;0;0;0
03/01/2022;08:23:19;76;Sem vítima;500.497;1797;Decrescente;Queda de moto;1;0;0;0;0;0;0;0;0;0;1;0;0;0;0
03/01/2022;12:56:12;146;Sem vítima;151.736;1596;Crescente;Tombamento;0;0;0;0;0;1;0;0;0;0;1;0;0;0;0
03/01/2022;20:03:36;218;Sem vítima;511.165;1800;Decrescente;Choque;0;0;0;0;0;1;0;0;0;0;1;0;0;0;0
04/01/2022;08:01:06;49;Com vítima;472.551;1646;Crescente;Queda de moto;1;0;0;0;0;0;0;0;0;0;0;2;0;0;0
04/01/2022;10:09:50;91;Sem vítima;103.642;1592;Crescente;Tombamento;0;0;0;0;0;1;0;0;0;0;0;0;0;0;0
04/01/2022;16:47:16;171;Com vítima;695.244;1704;Crescente;Capotamento;0;0;0;0;1;0;0;0;0;0;0;1;0;0;0
05/01/2022;05:16:43;16;Com vítima;465.300;1646;Crescente;Colisão transversal;1;0;0;0;0;0;0;0;0;0;0;1;0;0;0
05/01/2022;15:06:43;184;Com vítima;490.418;1794;Decrescente;Colisão transversal;1;0;0;0;0;0;0;0;0;0;0;1;0;0;0
05/01/2022;17:40:02;223;Sem vítima;485.146;1793;Decrescente;Queda de moto;1;0;0;0;0;0;0;0;0;0;0;0;0;0;0
06/01/2022;17:02:16;208;Sem vítima;549.110;1808;Decrescente;Colisão lateral no mesmo sentido;0;0;0;0;0;1;0;0;0;0;1;0;0;0;0
06/01/2022;22:36:01;251;Sem vítima;778.857;1871;Decrescente;Tombamento;0;0;0;0;0;1;0;0;0;0;0;0;0;0;0
07/01/2022;07:59:53;53;Sem vítima;838.287;1879;Decrescente;Tombamento;0;0;0;0;0;1;0;0;0;0;1;0;0;0;0
07/01/2022;20:12:57;213;Com vítima;78.900;1739;Decrescente;Choque;1;0;0;0;0;0;0;0;0;0;0;2;0;0;0
08/01/2022;14:24:59;141;Sem vítima;843.266;1735;Crescente;Engavetamento;0;0;0;0;0;1;0;0;0;0;1;0;0;0;0
09/01/2022;00:59:51;4;Com vítima;257.705;1603;Crescente;Acidentes de outra natureza;1;0;0;0;0;0;0;0;0;0;0;2;0;0;0
09/01/2022;06:44:13;35;Com vítima;311.375;1609;Crescente;Queda de moto;1;0;0;0;0;0;0;0;0;0;0;0;0;0;1
09/01/2022;09:56:12;64;Sem vítima;666.118;1695;Crescente;Colisão traseira;1;0;0;0;0;1;0;0;0;0;1;0;0;0;0
10/01/2022;08:41:05;90;Sem vítima;484.409;1646;Crescente;Colisão traseira;1;0;0;0;0;0;0;0;0;0;1;0;0;0;0
10/01/2022;11:32:26;159;Com vítima;731.685;1717;Crescente;Queda de moto;1;0;0;0;0;0;0;0;0;0;0;1;0;0;0
10/01/2022;16:25:39;230;Sem vítima;575.547;1669;Crescente;Colisão lateral no mesmo sentido;0;0;0;0;1;0;0;0;0;0;1;0;0;0;0
11/01/2022;06:49:00;38;Sem vítima;364.300;1613;Crescente;Colisão traseira;0;0;0;0;1;0;0;0;0;0;1;0;0;0;0
12/01/2022;14:19:50;167;Com vítima;485.190;1646;Crescente;Queda de moto;1;0;0;0;0;0;0;0;0;0;0;1;0;0;0
13/01/2022;10:58:37;111;Sem vítima;278.750;1750;Decrescente;Tombamento;0;0;0;0;0;1;0;0;0;0;1;0;0;0;0
14/01/2022;16:19:34;192;Sem vítima;398.857;1623;Crescente;Colisão traseira;0;0;0;0;0;1;0;0;0;0;0;0;0;0;0
15/01/2022;02:36:51;10;Sem vítima;485.280;1793;Decrescente;Colisão transversal;0;0;1;0;0;0;0;0;0;0;9;0;0;0;0
15/01/2022;08:37:35;69;Com vítima;11.227;1590;Crescente;Queda de moto;1;0;0;0;0;0;0;0;0;0;1;1;0;0;0
15/01/2022;21:59:55;258;Com vítima;484.733;1646;Crescente;Atropelamento de pedestre;0;0;0;1;0;0;0;0;1;0;0;4;0;0;0
16/01/2022;18:02:13;159;Sem vítima;144.683;1595;Crescente;Choque;0;0;0;0;0;1;0;0;0;0;1;0;0;0;0
16/01/2022;19:00:00;171;Sem vítima;743.148;1721;Crescente;Acidentes de outra natureza;0;0;0;0;0;1;0;0;0;0;1;0;0;0;0
18/01/2022;16:32:48;192;Sem vítima;258.630;1750;Decrescente;Queda de moto;1;0;0;0;0;0;0;0;0;0;0;0;0;0;0
18/01/2022;21:17:30;236;Sem vítima;564.517;1669;Crescente;Atropelamento de animal;0;0;0;0;0;0;0;0;0;0;0;0;0;0;0
19/01/2022;18:29:24;223;Sem vítima;484.964;1646;Crescente;Engavetamento;0;0;0;0;1;0;0;0;0;0;1;0;0;0;0
19/01/2022;18:52:20;227;Sem vítima;665.440;1694;Crescente;Colisão traseira;0;0;0;0;1;0;0;0;0;0;1;0;0;0;0
20/01/2022;03:33:41;9;Sem vítima;270.230;1750;Decrescente;Choque;0;0;0;0;1;0;0;0;0;0;1;0;0;0;0
20/01/2022;11:09:34;145;Sem vítima;635.380;1830;Decrescente;Capotamento;0;0;0;0;0;1;0;0;0;0;0;0;0;0;0
21/01/2022;15:58:34;168;Sem vítima;39.458;1738;Decrescente;Queda de moto;1;0;0;0;0;0;0;0;0;0;1;0;0;0;0
22/01/2022;04:44:34;12;Com vítima;479.121;1793;Decrescente;Queda de moto;1;0;0;0;0;0;0;0;0;0;0;1;0;0;0
22/01/2022;10:12:19;86;Sem vítima;647.822;1832;Decrescente;Tombamento;0;0;0;0;0;1;0;0;0;0;1;0;0;0;0
23/01/2022;06:08:48;23;Com vítima;27.329;1737;Decrescente;Choque;1;0;0;0;0;0;0;0;0;0;0;1;0;0;0
23/01/2022;15:12:26;117;Sem vítima;613.493;1680;Crescente;Colisão frontal;0;0;0;0;0;1;0;0;0;0;1;0;0;0;0
23/01/2022;18:26:54;156;Com vítima;37.174;1591;Crescente;Colisão lateral no mesmo sentido;0;0;0;0;0;1;0;0;0;0;0;1;0;0;0
25/01/2022;06:03:49;29;Sem vítima;611.949;1680;Crescente;Colisão lateral no mesmo sentido;1;0;0;0;0;0;0;0;0;0;0;0;0;0;0
25/01/2022;18:43:22;239;Sem vítima;478.694;1646;Crescente;Colisão transversal;1;0;0;0;0;0;0;0;0;0;1;0;0;0;0
26/01/2022;11:17:03;116;Sem vítima;258.671;1603;Crescente;Queda de moto;1;0;0;0;0;0;0;0;0;0;0;0;0;0;0
26/01/2022;19:04:03;206;Com vítima;486.300;1646;Crescente;Colisão transversal;2;0;0;0;0;0;0;0;0;0;1;1;0;0;0
26/01/2022;19:43:35;214;Sem vítima;264.548;1603;Crescente;Queda de moto;1;0;0;0;0;0;0;0;0;0;1;0;0;0;0
27/01/2022;14:32:21;175;Sem vítima;553.410;1810;Decrescente;Colisão traseira;0;0;0;0;1;0;0;0;0;0;2;0;0;0;0
28/01/2022;16:29:48;209;Com vítima;560.567;1668;Crescente;Tombamento;0;0;0;0;0;1;0;0;0;0;0;1;0;0;0
29/01/2022;19:16:36;222;Com vítima;269.502;1603;Crescente;Queda de moto;1;0;0;0;0;0;0;0;0;0;0;2;0;0;0
29/01/2022;19:40:13;226;Sem vítima;481.660;1793;Decrescente;Colisão traseira;0;0;0;0;0;1;0;0;0;0;1;0;0;0;0
31/01/2022;11:20:51;123;Com vítima;466.322;1793;Decrescente;Tombamento;0;0;0;0;0;1;0;0;0;0;1;1;0;0;0
31/01/2022;19:27:04;224;Sem vítima;601.171;1676;Crescente;Colisão traseira;0;0;0;0;2;0;0;0;0;0;1;0;0;0;0
01/02/2022;13:01:23;162;Sem vítima;42.963;1591;Crescente;Capotamento;0;0;0;0;1;0;0;0;0;0;0;0;0;0;0
01/02/2022;21:08:23;245;Com vítima;185.388;1743;Decrescente;Tombamento;0;0;0;0;0;1;0;0;0;0;0;1;0;0;0
05/02/2022;05:43:55;13;Sem vítima;468.347;1793;Decrescente;Colisão traseira;0;0;0;0;0;1;0;0;0;0;1;0;0;0;0
05/02/2022;23:01:04;194;Sem vítima;133.424;1595;Crescente;Queda de moto;1;0;0;0;0;0;0;0;0;0;0;0;0;0;0
06/02/2022;22:14:32;206;Com vítima;560.703;1815;Decrescente;Acidentes de outra natureza;0;0;0;0;1;0;0;0;0;0;0;1;0;0;0
07/02/2022;13:40:08;150;Com vítima;194.596;1598;Crescente;Queda de moto;1;0;0;0;0;0;0;0;0;0;0;1;0;0;0
07/02/2022;14:54:32;172;Sem vítima;679.859;1703;Crescente;Colisão transversal;0;0;0;0;1;0;0;0;0;0;1;0;0;0;0
08/02/2022;07:22:05;52;Com vítima;491.536;1647;Crescente;Colisão transversal;1;0;0;0;0;0;0;0;0;0;1;0;0;1;0
08/02/2022;22:33:04;306;Sem vítima;680.771;1703;Crescente;Colisão transversal;2;0;0;0;0;0;0;0;0;0;0;0;0;0;0
09/02/2022;06:05:50;40;Com vítima;392.345;1770;Decrescente;Queda de moto;1;0;0;0;0;0;0;0;0;0;0;1;0;0;0
09/02/2022;10:19:27;132;Sem vítima;19.540;1590;Crescente;Colisão transversal;1;0;0;0;0;0;0;0;0;0;1;0;0;0;0
09/02/2022;18:03:02;256;Sem vítima;400.532;1625;Crescente;Colisão traseira;0;0;0;0;0;1;0;0;0;0;1;0;0;0;0
10/02/2022;06:05:34;20;Sem vítima;255.936;1603;Crescente;Tombamento;0;0;0;0;1;0;0;0;0;0;1;0;0;0;0
10/02/2022;16:28:41;221;Sem vítima;842.393;1881;Decrescente;Acidentes de outra natureza;0;0;0;0;0;1;0;0;0;0;1;0;0;0;0
10/02/2022;17:22:11;228;Sem vítima;227.963;1600;Crescente;Colisão traseira;0;0;0;0;0;1;0;0;0;0;1;0;0;0;0
10/02/2022;17:33:52;234;Com vítima;477.669;1793;Decrescente;Queda de moto;1;0;0;0;0;0;0;0;0;0;0;2;0;0;0
10/02/2022;19:52:34;263;Com vítima;701.430;1852;Decrescente;Choque;0;0;0;1;0;0;0;0;0;0;0;1;0;0;0
10/02/2022;23:38:11;293;Com vítima;261.283;1603;Crescente;Colisão traseira;0;0;0;2;1;0;0;0;0;0;3;0;0;0;4
11/02/2022;19:25:12;260;Com vítima;628.252;1829;Decrescente;Queda de moto;1;0;0;0;0;0;0;0;0;0;0;1;0;0;0
11/02/2022;21:01:31;280;Com vítima;224.595;1746;Decrescente;Queda de moto;1;0;0;0;0;0;0;0;0;0;0;1;0;0;0
12/02/2022;13:40:43;175;Com vítima;490.846;1794;Decrescente;Colisão lateral no mesmo sentido;1;0;0;0;0;1;0;0;0;0;1;0;0;1;0
12/02/2022;21:27:16;274;Com vítima;258.457;1750;Decrescente;Queda de moto;1;0;0;0;0;0;0;0;0;0;0;1;0;0;0
13/02/2022;00:21:24;1;Sem vítima;490.757;1794;Decrescente;Queda de moto;1;0;0;0;0;0;0;0;0;0;1;0;0;0;0
13/02/2022;01:50:00;9;Com vítima;258.687;1750;Decrescente;Choque;1;0;0;0;0;0;0;0;0;0;0;1;0;0;0
14/02/2022;15:37:17;181;Com vítima;258.625;1603;Crescente;Queda de moto;1;0;0;0;0;0;0;0;0;0;0;1;0;0;0
15/02/2022;15:05:59;187;Sem vítima;297.232;1607;Crescente;Colisão lateral no mesmo sentido;0;0;0;0;0;1;0;0;0;0;1;0;0;0;0
16/02/2022;08:51:25;100;Sem vítima;485.250;1646;Crescente;Colisão traseira;0;0;0;0;0;1;0;0;0;0;1;0;0;0;0
16/02/2022;10:58:10;136;Sem vítima;603.123;1824;Decrescente;Colisão transversal;0;0;0;0;0;1;0;0;0;0;1;0;0;0;0
16/02/2022;18:52:45;259;Com vítima;271.331;1603;Crescente;Atropelamento de animal;1;0;0;0;0;0;0;0;0;0;0;2;0;0;0
17/02/2022;09:29:20;129;Sem vítima;313.481;1756;Decrescente;Colisão traseira;0;0;0;0;1;0;0;0;0;0;1;0;0;0;0
18/02/2022;13:53:07;198;Com vítima;489.808;1793;Decrescente;Colisão traseira;1;0;0;0;0;0;0;0;0;0;0;1;0;0;0
18/02/2022;19:22:33;281;Sem vítima;542.399;1808;Decrescente;Colisão transversal;0;0;0;0;0;1;0;0;0;0;2;0;0;0;0
21/02/2022;18:09:27;269;Sem vítima;490.774;1647;Crescente;Colisão traseira;0;0;0;0;0;1;0;0;0;0;2;0;0;0;0
21/02/2022;21:02:05;303;Com vítima;206.000;1746;Decrescente;Queda de moto;1;0;0;0;0;0;0;0;0;0;0;1;0;0;0
22/02/2022;07:32:53;60;Sem vítima;222.960;1746;Decrescente;Colisão transversal;0;0;0;0;0;1;0;0;0;0;1;0;0;0;0